seed,method,condition,stabilization_loss,survival_steps,success_500,action_agreement,mean_decision_regret,mean_action_gap,first_divergence_step,first_divergence_gap
216347,noise_aware_mse,nominal,9.190342875627003,120.0,0.0,0.6,0.016957760675441937,0.04435813067864912,0.0,0.0004167144323402468
216347,noise_aware_mse,moderate,10.281083533728077,74.0,0.0,0.5945945945945946,0.008184890128769419,0.06561841036646067,0.0,0.0008181159871592076
216347,noise_aware_mse,strong,10.53976843232672,63.0,0.0,0.5873015873015873,0.01333480855909184,0.0456395046615494,0.0,0.0014387451431315049
216347,control_aware_rank,nominal,0.001307091067444803,500.0,1.0,0.92,1.5169562698721504e-05,0.001983308630897124,21.0,0.0003597134182688499
216347,control_aware_rank,moderate,10.361123347890112,71.0,0.0,0.7183098591549296,0.02278754368678204,0.18088344390098396,7.0,0.0002070619064148693
216347,control_aware_rank,strong,5.687869255442697,269.0,0.0,0.7472118959107806,0.00947451286377502,0.0618285815236424,2.0,0.0004892897083129668
806998,noise_aware_mse,nominal,7.801844682825748,181.0,0.0,0.6132596685082873,0.010860246460498352,0.04857742766917577,0.0,0.0007175173308583034
806998,noise_aware_mse,moderate,8.997636333514492,129.0,0.0,0.5736434108527132,0.02919417007919057,0.07639182757075855,0.0,0.0008522061721362422
806998,noise_aware_mse,strong,11.44543247443998,25.0,0.0,0.56,0.017238521991447528,0.09981014718502479,2.0,0.002806409109355378
806998,control_aware_rank,nominal,8.88013646645711,133.0,0.0,0.6842105263157895,0.014408544458283457,0.028285367613077882,6.0,0.00011575537932881699
806998,control_aware_rank,moderate,0.01617659259113633,500.0,1.0,0.836,0.000390209227970263,0.004526597049728837,2.0,0.0003221089971740254
806998,control_aware_rank,strong,5.654663584337655,269.0,0.0,0.6840148698884758,0.004577301581814142,0.051397208673708325,0.0,0.00046033864851977024
732872,noise_aware_mse,nominal,0.24311567258980468,500.0,1.0,0.63,0.005579992283774768,0.06411061114897057,0.0,0.008177795205550897
732872,noise_aware_mse,moderate,9.382766444080453,112.0,0.0,0.5803571428571429,0.020914891220028216,0.08504132840707922,0.0,0.008001875923524419
732872,noise_aware_mse,strong,10.223556724130978,77.0,0.0,0.6493506493506493,0.011972918170163277,0.05142986037588049,0.0,0.007499874049138322
732872,control_aware_rank,nominal,0.008489259334792809,500.0,1.0,0.712,0.00028881409239211374,0.0032473419416235846,0.0,0.008177795205550897
732872,control_aware_rank,moderate,0.007370274839451523,500.0,1.0,0.83,0.00017258772666191551,0.003325518422644076,0.0,0.008001875923524419
732872,control_aware_rank,strong,7.212942387090537,202.0,0.0,0.7178217821782178,0.0096181614340288,0.019501650247947137,0.0,0.007499874049138322
642029,noise_aware_mse,nominal,3.566343235424279,362.0,0.0,0.6160220994475138,0.012544394027829206,0.0496631135023065,0.0,0.016400366626754183
642029,noise_aware_mse,moderate,8.378046883619286,156.0,0.0,0.5769230769230769,0.017070101053366475,0.045689544848272486,0.0,0.01818630708138555
642029,noise_aware_mse,strong,9.179172481246724,122.0,0.0,0.5983606557377049,0.0140576067447,0.06632298950636256,0.0,0.01930250552634616
642029,control_aware_rank,nominal,0.008173491009671456,500.0,1.0,0.772,0.0001956593107667453,0.002642308692883259,2.0,0.004455449010387823
642029,control_aware_rank,moderate,0.006372828832636728,500.0,1.0,0.828,0.0001518194802231441,0.0026210819973450754,2.0,0.0050734107974196255
642029,control_aware_rank,strong,2.3511228916976274,407.0,0.0,0.7051597051597052,0.005733336995013795,0.028512730405225516,2.0,0.005902713074053047
507465,noise_aware_mse,nominal,9.078824797827444,125.0,0.0,0.648,0.029000595855719916,0.11252699820531248,2.0,0.0022796037816614073
507465,noise_aware_mse,moderate,7.8950126015536615,176.0,0.0,0.5909090909090909,0.010194375727826822,0.05542980157353994,4.0,0.0004180362820898195
507465,noise_aware_mse,strong,10.365003153609614,71.0,0.0,0.5352112676056338,0.08542881600493937,0.13835380268283615,3.0,0.00137903093316963
507465,control_aware_rank,nominal,0.12487752298439704,500.0,1.0,0.69,0.003246237715334599,0.036084188224523375,2.0,0.0022796037816614073
507465,control_aware_rank,moderate,0.012812591823900763,500.0,1.0,0.788,0.0003558898874626675,0.0032932407318432048,8.0,0.0007109360905815272
507465,control_aware_rank,strong,0.017264191143849698,500.0,1.0,0.758,0.0005655692698547372,0.004192901781104648,3.0,0.00137903093316963
770018,noise_aware_mse,nominal,6.12417659085115,252.0,0.0,0.5714285714285714,0.014873934545287092,0.07454844992522171,0.0,0.0011736983295595194
770018,noise_aware_mse,moderate,11.588192922146492,19.0,0.0,0.5789473684210527,0.01068974161286036,0.29880654881578356,1.0,0.0033726982923243734
770018,noise_aware_mse,strong,9.845845974765641,95.0,0.0,0.6,0.014912153209391635,0.16480354793976473,0.0,0.003028621241736168
770018,control_aware_rank,nominal,0.012144105758346712,500.0,1.0,0.76,0.00032236328129004653,0.0035376522375329743,4.0,6.476082749723444e-05
770018,control_aware_rank,moderate,5.2845237128027165,282.0,0.0,0.7943262411347518,0.0020806711568816766,0.011397639550499643,16.0,3.5101671677723045e-05
770018,control_aware_rank,strong,5.4530973435652275,275.0,0.0,0.7490909090909091,0.0018452992764749865,0.012830983980920202,13.0,0.0017663820988493006
296187,noise_aware_mse,nominal,7.750847226015784,184.0,0.0,0.592391304347826,0.0217682284822531,0.056842775233787994,0.0,0.005388948434076703
296187,noise_aware_mse,moderate,7.674874349796201,187.0,0.0,0.5882352941176471,0.014106644681349369,0.056225997661291674,0.0,0.004269004927579367
296187,noise_aware_mse,strong,11.707977581382204,14.0,0.0,0.35714285714285715,0.036528937112604944,0.1690842030941893,0.0,0.0033936440738728604
296187,control_aware_rank,nominal,0.0031000702956782817,500.0,1.0,0.836,8.642211741757948e-05,0.001773900276943031,0.0,0.005388948434076703
296187,control_aware_rank,moderate,0.00518780382627302,500.0,1.0,0.812,0.00015048160838320004,0.0025987638504482015,0.0,0.004269004927579367
296187,control_aware_rank,strong,3.9704866231697067,345.0,0.0,0.6695652173913044,0.018273736471181218,0.08095929658742217,0.0,0.0033936440738728604
854376,noise_aware_mse,nominal,9.2957916496244,115.0,0.0,0.5826086956521739,0.00484444148469863,0.03984838132096747,0.0,0.002207870415622133
854376,noise_aware_mse,moderate,10.396161711305655,69.0,0.0,0.6231884057971014,0.024081112843345697,0.04567558315690085,2.0,0.003987179596381967
854376,noise_aware_mse,strong,9.210391279449022,122.0,0.0,0.6147540983606558,0.011474172195281247,0.11707358006190928,2.0,0.005306371768333216
854376,control_aware_rank,nominal,0.006317393283600928,500.0,1.0,0.726,0.00019211133308298344,0.002979923888862622,1.0,0.0004184375164120041
854376,control_aware_rank,moderate,0.004103579214898539,500.0,1.0,0.82,0.00012556497850433379,0.00294026765822082,3.0,2.5193120768806157e-05
854376,control_aware_rank,strong,0.05454836781713287,500.0,1.0,0.78,0.0016018554484339526,0.009486980614927702,11.0,0.0005072788962837524
478885,noise_aware_mse,nominal,7.828190972018218,180.0,0.0,0.6055555555555555,0.01476593894236837,0.03966091235861468,1.0,0.0004493009991796623
478885,noise_aware_mse,moderate,7.445134010750493,197.0,0.0,0.6345177664974619,0.01665849840358231,0.06539193598553757,2.0,2.568848963072773e-05
478885,noise_aware_mse,strong,8.742482529296932,141.0,0.0,0.6312056737588653,0.027128236582388048,0.07743815800300353,2.0,0.0009894336264380885
478885,control_aware_rank,nominal,0.024982402435009845,500.0,1.0,0.734,0.0012130831223821823,0.006957433500741507,1.0,0.0004493009991796623
478885,control_aware_rank,moderate,0.012068679282551351,500.0,1.0,0.844,0.00021992019136290352,0.004642136626929003,0.0,0.0027198741799957724
478885,control_aware_rank,strong,10.645334886607648,59.0,0.0,0.6440677966101694,0.032576809613113565,0.057804117415400535,0.0,0.0021542336656864836
198006,noise_aware_mse,nominal,0.23751978201059504,500.0,1.0,0.602,0.006436296483716547,0.024311129336293022,1.0,0.00340272453395969
198006,noise_aware_mse,moderate,10.083056852094058,82.0,0.0,0.6097560975609756,0.008900902356123036,0.06785883402386834,1.0,0.0031836915307996445
198006,noise_aware_mse,strong,10.8953099340506,49.0,0.0,0.6326530612244898,0.015057895438407208,0.08416520304082951,1.0,0.002770400387037037
198006,control_aware_rank,nominal,0.010071423197899942,500.0,1.0,0.784,0.00022106801302724683,0.003151099943415149,2.0,0.00019962661482252238
198006,control_aware_rank,moderate,0.01205007532672983,500.0,1.0,0.846,0.0003145121157201709,0.003627829806524496,7.0,0.000708206793502167
198006,control_aware_rank,strong,8.231431821103328,159.0,0.0,0.8050314465408805,0.0021765212823202985,0.01954149726070427,1.0,0.002770400387037037
702757,noise_aware_mse,nominal,11.284755283311895,32.0,0.0,0.5625,0.019672843456741106,0.13773000446421785,2.0,0.012513121151441202
702757,noise_aware_mse,moderate,10.956400384484189,47.0,0.0,0.6808510638297872,0.01513957112656467,0.18983307487920487,0.0,0.02818023163842761
702757,noise_aware_mse,strong,9.746995266471227,97.0,0.0,0.6288659793814433,0.008278390173472261,0.03472893818989585,0.0,0.024491836996105562
702757,control_aware_rank,nominal,0.007364637322297551,500.0,1.0,0.792,0.00016135374694577562,0.0028039695244433966,3.0,0.006206034021190753
702757,control_aware_rank,moderate,0.051204300786422845,500.0,1.0,0.884,0.000736104867695542,0.011748527228968918,3.0,0.0064095676718596215
702757,control_aware_rank,strong,5.757274652450282,265.0,0.0,0.6830188679245283,0.005019847326027892,0.02682746393903523,5.0,0.0011966088839697134
282669,noise_aware_mse,nominal,8.791957521489792,141.0,0.0,0.6099290780141844,0.023635185773702112,0.14401834887359746,0.0,0.023513497609982198
282669,noise_aware_mse,moderate,4.555187467220693,321.0,0.0,0.6199376947040498,0.012943910606891445,0.10152441297201596,2.0,0.003982885953374114
282669,noise_aware_mse,strong,11.34407330988571,29.0,0.0,0.5862068965517241,0.09488853892734413,0.11642514241691267,2.0,0.0027380922704091787
282669,control_aware_rank,nominal,9.492160786052374,109.0,0.0,0.5779816513761468,0.03385746598357294,0.09277122563650408,1.0,0.01241181126783926
282669,control_aware_rank,moderate,11.035268895386803,42.0,0.0,0.5714285714285714,0.00840631435084869,0.03910803677055521,1.0,0.013433942739846591
282669,control_aware_rank,strong,11.705195271338914,14.0,0.0,0.5714285714285714,0.11703129549443889,0.15718439013424307,3.0,0.0009422573598862061
357991,noise_aware_mse,nominal,9.396565802231367,112.0,0.0,0.5535714285714286,0.030145235610421754,0.06830882126006187,1.0,0.001252841548452427
357991,noise_aware_mse,moderate,5.764724876405246,266.0,0.0,0.6015037593984962,0.008088614518124163,0.03763112511472394,1.0,0.00235885305675941
357991,noise_aware_mse,strong,10.069518211467704,84.0,0.0,0.5357142857142857,0.028974469462791114,0.08360632098815897,0.0,3.7567988457306092e-06
357991,control_aware_rank,nominal,0.0015818872059449414,500.0,1.0,0.852,6.458228323392798e-05,0.0016025242457163458,32.0,6.913176677730143e-05
357991,control_aware_rank,moderate,11.058932126036753,41.0,0.0,0.8292682926829268,0.0099869570411888,0.0949981697568046,5.0,5.813118112426435e-05
357991,control_aware_rank,strong,9.0071117017876,129.0,0.0,0.7441860465116279,0.026755389703771705,0.09672473171391731,9.0,0.0012069650301050807
506126,noise_aware_mse,nominal,5.1232936621607035,293.0,0.0,0.6075085324232082,0.012349337952666281,0.04122315164991776,0.0,0.0005338555667989205
506126,noise_aware_mse,moderate,10.368466888094954,70.0,0.0,0.6142857142857143,0.007127809620517003,0.02724573366498522,1.0,0.002016615338965253
506126,noise_aware_mse,strong,8.26732300445585,160.0,0.0,0.6125,0.01494069967748379,0.056294912590723965,1.0,0.0021468189728565262
506126,control_aware_rank,nominal,0.0011494744530087641,500.0,1.0,0.736,0.00014805213727278277,0.0015008424559869052,3.0,0.001238157126713451
506126,control_aware_rank,moderate,0.004308304133261211,500.0,1.0,0.81,0.0001634925308305225,0.0027201787030666936,6.0,0.0003697927693604112
506126,control_aware_rank,strong,9.84889778409052,92.0,0.0,0.7934782608695652,0.01899112022872848,0.03740301860801409,6.0,0.0009302765608870563
267034,noise_aware_mse,nominal,5.340841351695136,283.0,0.0,0.5865724381625441,0.011382680194320474,0.033445710214036334,0.0,0.019057450175162645
267034,noise_aware_mse,moderate,5.382387672800919,282.0,0.0,0.5921985815602837,0.017646872863977352,0.045891782922561145,0.0,0.021229917020631837
267034,noise_aware_mse,strong,10.2459746072523,76.0,0.0,0.5789473684210527,0.009798242503706362,0.03643587569582778,0.0,0.022685227762882502
267034,control_aware_rank,nominal,0.0028565382703577965,500.0,1.0,0.932,3.541948752890294e-05,0.002121698293245186,2.0,0.006720420915255952
267034,control_aware_rank,moderate,0.0066881454874106305,500.0,1.0,0.798,0.00017837138960365053,0.0032918260022426465,2.0,0.004757692937484695
267034,control_aware_rank,strong,9.64567389900875,100.0,0.0,0.77,0.004849506575905824,0.027363542730015632,3.0,0.0013146326696956223
960545,noise_aware_mse,nominal,11.359584042158485,29.0,0.0,0.5517241379310345,0.0985410192838272,0.37871491972234045,0.0,0.0018183732801338418
960545,noise_aware_mse,moderate,1.8161810938801368,436.0,0.0,0.6009174311926605,0.009176524548460034,0.05152025499238052,1.0,0.0003663118931390621
960545,noise_aware_mse,strong,9.89088226661837,91.0,0.0,0.5824175824175825,0.027357692593058095,0.0667270389832374,1.0,0.0011131001177624462
960545,control_aware_rank,nominal,0.0026335009088519195,500.0,1.0,0.882,3.69416624302933e-05,0.0020441527119475574,1.0,0.00043334197117048676
960545,control_aware_rank,moderate,9.384183964091433,111.0,0.0,0.8558558558558559,0.013845612848400373,0.030580303711457778,11.0,0.00010096236686471137
960545,control_aware_rank,strong,10.797295552320154,52.0,0.0,0.8269230769230769,0.05386459478806876,0.1197588543572134,7.0,0.0006976880249703627
231250,noise_aware_mse,nominal,9.396476639078237,111.0,0.0,0.5765765765765766,0.005842750562365677,0.033432395470228166,0.0,0.012269116282945232
231250,noise_aware_mse,moderate,9.587371259320031,103.0,0.0,0.5728155339805825,0.02156910637091238,0.04624080963328429,0.0,0.015683185004404306
231250,noise_aware_mse,strong,10.21613314018352,78.0,0.0,0.7435897435897436,0.006537005513863939,0.23822662386913057,0.0,0.018929051890088488
231250,control_aware_rank,nominal,0.00184292842243751,500.0,1.0,0.838,9.796871122800617e-05,0.0018768879747135233,9.0,0.0006516492695293565
231250,control_aware_rank,moderate,0.003064543122514115,500.0,1.0,0.828,0.00013333709982937247,0.002441842460045236,6.0,6.739639024436628e-05
231250,control_aware_rank,strong,2.666679798818943,391.0,0.0,0.7519181585677749,0.005346896457895868,0.011278786929868148,0.0,0.018929051890088488
761934,noise_aware_mse,nominal,9.647259329114972,100.0,0.0,0.57,0.01981651211154719,0.050184116462279535,0.0,0.000887257602262265
761934,noise_aware_mse,moderate,9.940125048012105,88.0,0.0,0.5568181818181818,0.026002412981460412,0.09239715915592175,0.0,0.00025681931101710284
761934,noise_aware_mse,strong,10.354286289613777,71.0,0.0,0.5352112676056338,0.03230208636852061,0.06764675617915988,2.0,0.0030910785481428017
761934,control_aware_rank,nominal,0.003600739638686354,500.0,1.0,0.918,2.515250529926103e-05,0.0023317128477921304,4.0,9.29470893180507e-05
761934,control_aware_rank,moderate,6.641854818605525,225.0,0.0,0.88,0.001842265579530661,0.014168039472683134,0.0,0.00025681931101710284
761934,control_aware_rank,strong,0.2617393313612912,498.0,0.0,0.7369477911646586,0.006838900179495712,0.06383446919877354,0.0,0.00011575588924310834
836971,noise_aware_mse,nominal,9.985342506945063,88.0,0.0,0.5568181818181818,0.01331541417041338,0.04681384878267744,0.0,0.0014317275150894926
836971,noise_aware_mse,moderate,8.518502225199395,149.0,0.0,0.5973154362416108,0.00775902900487418,0.031709215375843466,0.0,0.0012866669693750374
836971,noise_aware_mse,strong,10.3339404278176,72.0,0.0,0.6111111111111112,0.04098315849013656,0.11160972506865247,0.0,0.0014975962559147446
836971,control_aware_rank,nominal,0.004330608269934925,500.0,1.0,0.838,8.516017925091543e-05,0.0022508718205119346,0.0,0.0014317275150894926
836971,control_aware_rank,moderate,0.009170830878828296,500.0,1.0,0.816,0.00033374677436811303,0.0032006737719179035,0.0,0.0012866669693750374
836971,control_aware_rank,strong,0.1302125589846778,500.0,1.0,0.69,0.004371148081959551,0.029412642647670868,0.0,0.0014975962559147446
844739,noise_aware_mse,nominal,10.213241631914718,77.0,0.0,0.7012987012987013,0.021610558648618165,0.056862685768555375,3.0,0.006366348084473127
844739,noise_aware_mse,moderate,5.761377689439758,266.0,0.0,0.6203007518796992,0.01669776594273104,0.04461899883397884,0.0,0.008765868281121345
844739,noise_aware_mse,strong,9.006345462202278,129.0,0.0,0.5736434108527132,0.00992313540589046,0.04332869853249291,0.0,0.010343176728699728
844739,control_aware_rank,nominal,0.01923882146917917,500.0,1.0,0.752,0.0007535937962142444,0.005404334302980638,12.0,0.00012782968641093448
844739,control_aware_rank,moderate,3.6803326241700214,349.0,0.0,0.7994269340974212,0.0014323613634617072,0.01076299491806179,1.0,0.004240425127478582
844739,control_aware_rank,strong,10.566056422484197,63.0,0.0,0.7142857142857143,0.009218940113351573,0.04620049253311867,1.0,0.005837588518799189
740250,noise_aware_mse,nominal,8.864740070435692,138.0,0.0,0.644927536231884,0.011781812970352112,0.07398306984433532,2.0,0.016302955084014775
740250,noise_aware_mse,moderate,10.138451989724834,81.0,0.0,0.654320987654321,0.010143353807335267,0.10220790137927105,2.0,0.01368153342044455
740250,noise_aware_mse,strong,9.368357633535103,114.0,0.0,0.6491228070175439,0.00929603099651252,0.061179813338850135,2.0,0.011901458037944915
740250,control_aware_rank,nominal,0.023915825876541414,500.0,1.0,0.778,0.00029043158573918254,0.0041374752198158355,5.0,0.010242138789964342
740250,control_aware_rank,moderate,6.608422240675003,227.0,0.0,0.7136563876651982,0.007821723385950875,0.020064191693735613,4.0,0.001680018724536922
740250,control_aware_rank,strong,11.332967292106535,30.0,0.0,0.5333333333333333,0.10963006387885403,0.2746665063683482,2.0,0.011901458037944915
878081,noise_aware_mse,nominal,7.153744772376955,211.0,0.0,0.5971563981042654,0.018547627791121183,0.08638492396710101,0.0,0.001355428911172428
878081,noise_aware_mse,moderate,8.242478697479575,164.0,0.0,0.6585365853658537,0.018517320758836962,0.08550226417526267,0.0,0.0017813169153084278
878081,noise_aware_mse,strong,11.204570297452577,35.0,0.0,0.5142857142857142,0.05379813427274858,0.06998174708639149,0.0,0.001649855197962631
878081,control_aware_rank,nominal,0.002471842322586317,500.0,1.0,0.988,3.0133935032758685e-06,0.0020666880813770784,0.0,0.001355428911172428
878081,control_aware_rank,moderate,0.0045006670340122104,500.0,1.0,0.838,0.00010255964360331904,0.002513905575263657,0.0,0.0017813169153084278
878081,control_aware_rank,strong,4.914451398126749,297.0,0.0,0.7946127946127947,0.0060002209331221305,0.011581719997160492,0.0,0.001649855197962631
291557,noise_aware_mse,nominal,0.23912030818936628,500.0,1.0,0.582,0.00789453670058289,0.034478962816668596,0.0,0.005936828984356685
291557,noise_aware_mse,moderate,10.140578443917262,80.0,0.0,0.575,0.009664109669172024,0.04557919588174096,0.0,0.0021837266667820814
291557,noise_aware_mse,strong,9.298165122755629,117.0,0.0,0.5897435897435898,0.013793804977733437,0.05712531493643411,1.0,0.014610526029854909
291557,control_aware_rank,nominal,0.005007304297233548,500.0,1.0,0.838,0.00014882854990977865,0.002572069018565503,0.0,0.005936828984356685
291557,control_aware_rank,moderate,0.007864516120511016,500.0,1.0,0.802,0.00032505147110809717,0.003309314287711304,0.0,0.0021837266667820814
291557,control_aware_rank,strong,0.10404838443364117,500.0,1.0,0.798,0.0020071767703235847,0.031211422899248418,15.0,0.0008261706144979597
211540,noise_aware_mse,nominal,7.842692364229391,180.0,0.0,0.5833333333333334,0.019801178046707606,0.049904049808116815,0.0,0.006190905997912971
211540,noise_aware_mse,moderate,10.39278421420256,69.0,0.0,0.5507246376811594,0.031620613830384225,0.06630886735876117,0.0,0.006688286813532892
211540,noise_aware_mse,strong,11.155574222024907,37.0,0.0,0.6756756756756757,0.008083590912012021,0.262512483200494,0.0,0.007406090914259037
211540,control_aware_rank,nominal,0.048729407430032776,500.0,1.0,0.702,0.0015377253455076771,0.007949378539932562,1.0,0.000256525067967521
211540,control_aware_rank,moderate,0.02075582281436514,500.0,1.0,0.792,0.00048153801053776613,0.004706430761500835,5.0,0.0015455632360475216
211540,control_aware_rank,strong,9.415512390075662,111.0,0.0,0.6216216216216216,0.018130378121127163,0.04828909750480592,5.0,0.002830437875114958
642340,noise_aware_mse,nominal,10.604568047590227,60.0,0.0,0.5666666666666667,0.031259271709747266,0.05794016726045197,0.0,0.003852911073501452
642340,noise_aware_mse,moderate,6.181380422852913,249.0,0.0,0.6184738955823293,0.00863555586168384,0.05349269136006039,0.0,0.003304138775053027
642340,noise_aware_mse,strong,10.486266201369771,65.0,0.0,0.6307692307692307,0.009997773480268845,0.09489670549525238,0.0,0.002666297831969165
642340,control_aware_rank,nominal,0.0033462586405816836,500.0,1.0,0.91,3.345032388398788e-05,0.0024771480884022397,1.0,0.0010328624085425148
642340,control_aware_rank,moderate,0.03175963789099208,500.0,1.0,0.846,0.0005697023741770121,0.005686609768051206,1.0,0.00027066966212272933
642340,control_aware_rank,strong,5.640951753103885,273.0,0.0,0.6703296703296703,0.015188713423470768,0.06620071408757192,6.0,0.00302828899792848
345006,noise_aware_mse,nominal,9.001443452818993,129.0,0.0,0.5581395348837209,0.02702201170736529,0.06307490767288075,1.0,0.0030724579183168954
345006,noise_aware_mse,moderate,9.3944018458292,113.0,0.0,0.672566371681416,0.010107717908618375,0.0740486069684633,1.0,0.004450352397699055
345006,noise_aware_mse,strong,9.82317183418732,95.0,0.0,0.6526315789473685,0.022726157675802033,0.07467739731711243,1.0,0.004804557883407324
345006,control_aware_rank,nominal,0.009841395461184243,500.0,1.0,0.642,0.0003840331377042666,0.0039042881313500074,3.0,0.0015680259614182842
345006,control_aware_rank,moderate,0.030306834106223684,500.0,1.0,0.764,0.0010844372699841337,0.006344945591546164,3.0,0.0018472058812978639
345006,control_aware_rank,strong,10.388268629343711,69.0,0.0,0.782608695652174,0.02554200117241368,0.06180118300247256,1.0,0.004804557883407324
971608,noise_aware_mse,nominal,11.607782948191756,18.0,0.0,0.5,0.0208773519755912,0.06589211549159163,1.0,0.0027079132137136815
971608,noise_aware_mse,moderate,6.518019273123953,234.0,0.0,0.6111111111111112,0.009789658375300969,0.04687993547874569,1.0,0.0020429396652436108
971608,noise_aware_mse,strong,10.571741319813857,65.0,0.0,0.7538461538461538,0.01175972433681126,0.39966890918328796,0.0,0.0001917930459327255
971608,control_aware_rank,nominal,0.0061069716646205575,500.0,1.0,0.764,0.0001716838368762181,0.0028598812985331065,3.0,0.001381895674282773
971608,control_aware_rank,moderate,3.1458824004067005,371.0,0.0,0.8086253369272237,0.001902376574255305,0.009883539994054554,3.0,0.001925079376707198
971608,control_aware_rank,strong,1.0507811703241232,460.0,0.0,0.7065217391304348,0.006017780426970194,0.01957044242882667,2.0,0.0012277619987733045
448305,noise_aware_mse,nominal,1.6804449969827029,440.0,0.0,0.615909090909091,0.013293792346870418,0.044203133513783646,0.0,0.003833497056344455
448305,noise_aware_mse,moderate,9.351840582415429,114.0,0.0,0.6403508771929824,0.012751151133891227,0.06087916461391377,4.0,0.00018481689847845296
448305,noise_aware_mse,strong,8.108020102301786,168.0,0.0,0.6190476190476191,0.009129275789751999,0.05922612370418022,4.0,0.002090130018464715
448305,control_aware_rank,nominal,0.0041054147187512486,500.0,1.0,0.798,0.00011571728721287501,0.0028218615315917105,1.0,0.0002580507028174862
448305,control_aware_rank,moderate,0.003784584323443598,500.0,1.0,0.858,9.49746679363254e-05,0.002912353238522053,4.0,0.00018481689847845296
448305,control_aware_rank,strong,2.51718204061498,406.0,0.0,0.7019704433497537,0.007523398598289452,0.05832365176523282,4.0,0.002090130018464715
278073,noise_aware_mse,nominal,8.905948823883389,134.0,0.0,0.582089552238806,0.016005988151487665,0.08023285449615442,1.0,0.001941773661797496
278073,noise_aware_mse,moderate,7.625962400438377,189.0,0.0,0.6296296296296297,0.010090451058538258,0.057344120602848644,3.0,0.00017276646528375378
278073,noise_aware_mse,strong,8.330469439685537,158.0,0.0,0.5632911392405063,0.024769165573345513,0.06800464883683126,0.0,0.0056067441984594575
278073,control_aware_rank,nominal,0.008558239338841244,500.0,1.0,0.812,0.00014974076949234537,0.0025722019026287127,8.0,0.0007620195274977912
278073,control_aware_rank,moderate,0.008064370882201681,500.0,1.0,0.82,0.0001531307725529594,0.002372213244172861,8.0,0.0007885832135853046
278073,control_aware_rank,strong,5.28316665436634,287.0,0.0,0.7804878048780488,0.008188004340654536,0.06317367513882788,2.0,0.00068257585234624
212869,noise_aware_mse,nominal,9.386653803810532,113.0,0.0,0.5486725663716814,0.020865537881205837,0.06134605877234413,0.0,0.009256122226147842
212869,noise_aware_mse,moderate,5.359606237078835,287.0,0.0,0.6062717770034843,0.00886736897231401,0.048910824537093035,0.0,0.009112556751189313
212869,noise_aware_mse,strong,7.085384834704595,212.0,0.0,0.6084905660377359,0.01378346603027756,0.06857916919438319,0.0,0.009155024577867016
212869,control_aware_rank,nominal,0.008823239557876845,500.0,1.0,0.844,0.00016356778303167874,0.0023214473264018664,1.0,0.004662314090404268
212869,control_aware_rank,moderate,5.838552345058015,259.0,0.0,0.6795366795366795,0.008148184496428257,0.022882815116437673,1.0,0.004483327120333003
212869,control_aware_rank,strong,1.2654481295478488,457.0,0.0,0.6301969365426696,0.010231266546848684,0.04627009027732551,1.0,0.004428635959726451
781371,noise_aware_mse,nominal,5.228464973025152,289.0,0.0,0.5847750865051903,0.018045124269614615,0.08083759803975828,2.0,0.00015106704661396742
781371,noise_aware_mse,moderate,0.25516922041758827,500.0,1.0,0.612,0.007224721286601717,0.04023709334644708,0.0,0.00021896877610726607
781371,noise_aware_mse,strong,6.34231851067446,241.0,0.0,0.6390041493775933,0.011376011377205283,0.042799154256540836,2.0,0.0040805616106388345
781371,control_aware_rank,nominal,0.006417542120488077,500.0,1.0,0.806,0.00013929773827225207,0.0028412268975033807,0.0,0.0019509510878114094
781371,control_aware_rank,moderate,0.027259061175647633,500.0,1.0,0.802,0.0006895508652428365,0.006001401546514847,0.0,0.00021896877610726607
781371,control_aware_rank,strong,11.202293166333336,35.0,0.0,0.7428571428571429,0.055321504774209086,0.07996919576529825,3.0,0.0006622485684721975
927435,noise_aware_mse,nominal,9.066893937668487,126.0,0.0,0.5476190476190477,0.018420225357483357,0.053815066034646315,1.0,0.0015501964933005638
927435,noise_aware_mse,moderate,7.050175934930371,212.0,0.0,0.5613207547169812,0.014196407449808872,0.03394742930485433,1.0,0.00011392496078835301
927435,noise_aware_mse,strong,8.819210835205359,137.0,0.0,0.635036496350365,0.028609805590598923,0.05377558442811148,2.0,0.002841493088356229
927435,control_aware_rank,nominal,0.004515612865136476,500.0,1.0,0.854,8.218183161465053e-05,0.0022993102140564867,9.0,0.00040444719103793075
927435,control_aware_rank,moderate,0.005936503579019659,500.0,1.0,0.868,0.00010641976705144164,0.0030256052397354583,1.0,0.00011392496078835301
927435,control_aware_rank,strong,9.683230749347508,98.0,0.0,0.8775510204081632,0.017045510752044312,0.02715708553506831,18.0,0.00018551371997690969
881870,noise_aware_mse,nominal,6.886965800380948,218.0,0.0,0.573394495412844,0.007050012421511107,0.03449518846648106,1.0,0.009708437801631005
881870,noise_aware_mse,moderate,10.097385255897205,83.0,0.0,0.5542168674698795,0.013994527343805673,0.0712827653380355,1.0,0.010936215669611185
881870,noise_aware_mse,strong,9.211203812594535,121.0,0.0,0.5454545454545454,0.02666144271322912,0.09424147214753816,0.0,0.0186944185213272
881870,control_aware_rank,nominal,0.006346292612926996,500.0,1.0,0.768,0.00020200340801505812,0.0029721095051410415,1.0,0.009708437801631005
881870,control_aware_rank,moderate,0.005402759098280461,500.0,1.0,0.802,0.0002192667170421517,0.0024633128952832903,1.0,0.010936215669611185
881870,control_aware_rank,strong,0.05394605844195966,500.0,1.0,0.714,0.0014563161527182105,0.008715775162848195,1.0,0.01203088954862691
966117,noise_aware_mse,nominal,7.460953604049542,195.0,0.0,0.5897435897435898,0.015239182071970562,0.04280155391976707,0.0,0.02026413269140411
966117,noise_aware_mse,moderate,10.647377278288547,59.0,0.0,0.6271186440677966,0.01070658774178499,0.07961168946234659,1.0,0.015275057181103894
966117,noise_aware_mse,strong,9.900012792209132,91.0,0.0,0.6703296703296703,0.008701511556185053,0.07090208375865101,1.0,0.015264290432823256
966117,control_aware_rank,nominal,0.005153933972757677,500.0,1.0,0.782,0.0001519512654125282,0.0029297927364270566,3.0,0.0029466145727301777
966117,control_aware_rank,moderate,8.299730573604702,157.0,0.0,0.7770700636942676,0.002840784800816897,0.041230664652786866,3.0,0.005157958949930009
966117,control_aware_rank,strong,0.06187438109589711,500.0,1.0,0.772,0.0015088586544510436,0.009479306680355194,3.0,0.0068463246464340495
498154,noise_aware_mse,nominal,0.23432114982702618,500.0,1.0,0.592,0.006687916139549808,0.02423492062394439,1.0,0.005627309155946395
498154,noise_aware_mse,moderate,10.159681300662136,79.0,0.0,0.5949367088607594,0.0073053760910901855,0.05874289760382337,2.0,0.001369162688001504
498154,noise_aware_mse,strong,11.261541996471866,33.0,0.0,0.5454545454545454,0.01846558248179888,0.05486254824586,2.0,0.0012697991974224953
498154,control_aware_rank,nominal,0.007195758451684417,500.0,1.0,0.78,0.0001964891461264479,0.002931291772016417,2.0,0.0012237189517149026
498154,control_aware_rank,moderate,0.006558157417212968,500.0,1.0,0.834,0.00019165862446020773,0.0034858093425686604,2.0,0.001369162688001504
498154,control_aware_rank,strong,5.690670563932035,268.0,0.0,0.6753731343283582,0.005190306150974578,0.03756645946273945,2.0,0.0012697991974224953
307073,noise_aware_mse,nominal,5.350634862376045,285.0,0.0,0.6140350877192983,0.008482150998501472,0.04771657700756008,2.0,0.001983221655727032
307073,noise_aware_mse,moderate,10.61282738280034,61.0,0.0,0.6229508196721312,0.010621690531890734,0.08826684362430749,1.0,0.0020237726167483365
307073,noise_aware_mse,strong,2.9471454268256863,387.0,0.0,0.648578811369509,0.007536399973458964,0.07893821237180942,3.0,0.0017098560217025192
307073,control_aware_rank,nominal,0.013207997491623462,500.0,1.0,0.758,0.000579035089563407,0.0028786785558211022,3.0,0.0006342507058177231
307073,control_aware_rank,moderate,0.014760934726955499,500.0,1.0,0.816,0.00039517261305237585,0.005497965753468062,1.0,0.0020237726167483365
307073,control_aware_rank,strong,5.898752002326112,261.0,0.0,0.6360153256704981,0.007723674301210928,0.04151194845747847,3.0,0.0017098560217025192
604816,noise_aware_mse,nominal,9.065894361341103,126.0,0.0,0.6031746031746031,0.01105278712231051,0.12374192521130964,0.0,0.03001294525237891
604816,noise_aware_mse,moderate,11.15437470474453,38.0,0.0,0.631578947368421,0.01708670565855607,0.11709220820378001,0.0,0.03531549458008582
604816,noise_aware_mse,strong,11.444406360454774,25.0,0.0,0.64,0.019853742872463127,0.14832603941765984,0.0,0.038583401959180204
604816,control_aware_rank,nominal,0.004554485180388875,500.0,1.0,0.924,3.200243433558593e-05,0.002456303629007153,3.0,0.00394060535978703
604816,control_aware_rank,moderate,0.004656681854439053,500.0,1.0,0.866,0.00011258501688910331,0.00265185175507092,3.0,0.004784723388731569
604816,control_aware_rank,strong,3.5100807468354334,357.0,0.0,0.7871148459383753,0.0054382693351534865,0.01799647613201692,3.0,0.005640005235059829
712443,noise_aware_mse,nominal,10.203057177928688,77.0,0.0,0.5584415584415584,0.025841080939401316,0.11072720934768884,2.0,0.0007601750171394792
712443,noise_aware_mse,moderate,10.18087712454373,78.0,0.0,0.5769230769230769,0.027386669063008212,0.06642642241965427,2.0,0.002134254015052687
712443,noise_aware_mse,strong,11.252582557042969,33.0,0.0,0.5454545454545454,0.015076891342125023,0.11776789814992086,1.0,0.006788265678681689
712443,control_aware_rank,nominal,0.003996341923289573,500.0,1.0,0.904,6.348047959987114e-05,0.0023135824389795435,1.0,0.006645765877700455
712443,control_aware_rank,moderate,9.808490664836429,93.0,0.0,0.8064516129032258,0.004254180276980286,0.02874812706944139,1.0,0.0067545841447246395
712443,control_aware_rank,strong,3.0734349265781624,378.0,0.0,0.7116402116402116,0.007373220933563945,0.023419265555914802,1.0,0.006788265678681689
743015,noise_aware_mse,nominal,3.646570180465106,359.0,0.0,0.5933147632311978,0.014324724187017026,0.03811651989135209,1.0,0.006903306405365017
743015,noise_aware_mse,moderate,6.672246434814886,230.0,0.0,0.6173913043478261,0.021345035562200357,0.13220873047580647,6.0,0.0013990723281896815
743015,noise_aware_mse,strong,7.757737252037573,183.0,0.0,0.6830601092896175,0.009001386959405873,0.06062974770232878,7.0,0.007959769916454765
743015,control_aware_rank,nominal,0.004731107050020938,500.0,1.0,0.854,0.00010644757081417768,0.002211425933712352,0.0,0.01403620653051374
743015,control_aware_rank,moderate,0.011488343445062374,500.0,1.0,0.816,0.00023163335564587806,0.003805950736624483,1.0,0.007422074737026961
743015,control_aware_rank,strong,10.077283196443865,84.0,0.0,0.6428571428571429,0.011409099196417983,0.05769775035167721,12.0,0.02735190563633385
479977,noise_aware_mse,nominal,8.826791214812776,138.0,0.0,0.6521739130434783,0.010824392661456248,0.14232649335666742,1.0,0.0033457190969564815
479977,noise_aware_mse,moderate,9.05067901577497,126.0,0.0,0.5634920634920635,0.018362234419842055,0.03529885218997822,0.0,0.003240354615080236
479977,noise_aware_mse,strong,6.978187188037583,214.0,0.0,0.5794392523364486,0.01742281800063583,0.04911811892855634,0.0,0.0038482353064186216
479977,control_aware_rank,nominal,0.008593934294152044,500.0,1.0,0.884,0.0002614986098355754,0.002561118804794445,1.0,0.0033457190969564815
479977,control_aware_rank,moderate,0.0265000953282043,500.0,1.0,0.774,0.0010379626648450283,0.005203726705506856,0.0,0.003240354615080236
479977,control_aware_rank,strong,10.44580884331185,68.0,0.0,0.6617647058823529,0.02586312663315715,0.07846084100580766,0.0,0.0038482353064186216
515792,noise_aware_mse,nominal,4.578777269943109,318.0,0.0,0.5849056603773585,0.012108964595697064,0.03910629875412335,3.0,0.00040688917962155994
515792,noise_aware_mse,moderate,9.342216569100904,114.0,0.0,0.6228070175438597,0.02232824657132958,0.06538234165598478,3.0,0.001207167572450078
515792,noise_aware_mse,strong,4.913696599442164,302.0,0.0,0.5993377483443708,0.010803147439717298,0.040362976832807866,4.0,0.0020875501176317954
515792,control_aware_rank,nominal,0.00255883316226532,500.0,1.0,0.942,1.643591316480175e-05,0.0020132041204571575,12.0,0.0005010168075924677
515792,control_aware_rank,moderate,0.00391668747919467,500.0,1.0,0.874,9.806782534359178e-05,0.0027585016850785894,10.0,0.001081124625506089
515792,control_aware_rank,strong,9.373867751321292,111.0,0.0,0.8288288288288288,0.0035300464978217506,0.014719912404720722,6.0,0.0005810855548595401
453012,noise_aware_mse,nominal,8.381132086196015,157.0,0.0,0.6178343949044586,0.026213555561599617,0.12869839233981548,0.0,0.010184592929820404
453012,noise_aware_mse,moderate,0.6473113735294992,488.0,0.0,0.6188524590163934,0.011531631914177281,0.05694848777428575,0.0,0.01123067464134159
453012,noise_aware_mse,strong,10.776695698324374,54.0,0.0,0.6111111111111112,0.01594030139069428,0.2555757557070845,0.0,0.01187991643584017
453012,control_aware_rank,nominal,0.008032068876727813,500.0,1.0,0.762,0.00021353935155138927,0.0026258628615585147,1.0,0.005276372561102407
453012,control_aware_rank,moderate,7.744711405031797,181.0,0.0,0.5966850828729282,0.01573188011901959,0.0481555009999105,1.0,0.004000379578785495
453012,control_aware_rank,strong,9.322829190117025,114.0,0.0,0.5964912280701754,0.018595509181090503,0.05153717734583577,1.0,0.0024790075018984725
200296,noise_aware_mse,nominal,10.133547536215248,81.0,0.0,0.5555555555555556,0.026196755629671113,0.06076789065694577,0.0,0.02313764408367465
200296,noise_aware_mse,moderate,6.86532826232796,220.0,0.0,0.5909090909090909,0.021212021931572313,0.055859706399431226,1.0,0.01626115527974647
200296,noise_aware_mse,strong,8.26103497742723,161.0,0.0,0.577639751552795,0.02501670561799769,0.09057390781477043,1.0,0.01703673778907697
200296,control_aware_rank,nominal,5.757076724840685,264.0,0.0,0.625,0.010928016743403962,0.030776445957735845,2.0,0.007507600488880228
200296,control_aware_rank,moderate,0.0072599843853816725,500.0,1.0,0.866,0.00015485562844037886,0.0031111932071918634,2.0,0.007705275478293024
200296,control_aware_rank,strong,4.823546977145412,305.0,0.0,0.7180327868852459,0.008800601052059003,0.05897315721847232,4.0,0.012648152446188167
629326,noise_aware_mse,nominal,3.54723021750165,367.0,0.0,0.6021798365122616,0.011958644536560686,0.07317147393562749,0.0,0.007093059362896861
629326,noise_aware_mse,moderate,9.563538426575978,106.0,0.0,0.5754716981132075,0.010224541118577395,0.11669657576948597,0.0,0.006578100599256035
629326,noise_aware_mse,strong,11.44011655767834,25.0,0.0,0.52,0.06990477807423305,0.0918664230702223,1.0,0.0048260403380916035
629326,control_aware_rank,nominal,0.007876451139829151,500.0,1.0,0.722,0.00023143679200901258,0.0032633828741291306,1.0,0.0030184418422923923
629326,control_aware_rank,moderate,0.0485116666508485,500.0,1.0,0.8,0.0009563373509677615,0.007058682228971225,1.0,0.003218085880155583
629326,control_aware_rank,strong,0.17146139140741642,500.0,1.0,0.664,0.005163869152208603,0.01905006316291514,1.0,0.0048260403380916035
264476,noise_aware_mse,nominal,0.32183766973529343,500.0,1.0,0.594,0.007794645962791526,0.04718321705703913,0.0,0.020288420294509085
264476,noise_aware_mse,moderate,10.070198419620905,83.0,0.0,0.5783132530120482,0.010456493692998654,0.05454736781296248,1.0,0.011683601828341043
264476,noise_aware_mse,strong,9.809686956270399,96.0,0.0,0.6145833333333334,0.027273821362026385,0.0994421480672999,1.0,0.010896047945907837
264476,control_aware_rank,nominal,0.0066242615855144245,500.0,1.0,0.86,0.000266007735297207,0.002530899703497525,1.0,0.013283363095300468
264476,control_aware_rank,moderate,0.010069839343069618,500.0,1.0,0.822,0.0003635784056750805,0.003331780568701607,1.0,0.011683601828341043
264476,control_aware_rank,strong,11.471018995437701,24.0,0.0,0.625,0.015656756912160247,0.06023472695566049,1.0,0.010896047945907837
975684,noise_aware_mse,nominal,5.994346368883015,257.0,0.0,0.642023346303502,0.008326460439548962,0.07723012184122821,1.0,0.003150433218000386
975684,noise_aware_mse,moderate,10.414195694679773,70.0,0.0,0.6142857142857143,0.01496999862597253,0.16815277356518818,3.0,7.937747379723956e-05
975684,noise_aware_mse,strong,9.7745092709232,96.0,0.0,0.6875,0.010873047203046183,0.14079040514898095,3.0,1.1395381595769721e-05
975684,control_aware_rank,nominal,0.049586920848254945,500.0,1.0,0.672,0.0018921524472429185,0.009463594476773132,3.0,0.0017274956490265867
975684,control_aware_rank,moderate,0.01715359713284709,500.0,1.0,0.784,0.000535046541998071,0.004534361919332182,3.0,7.937747379723956e-05
975684,control_aware_rank,strong,9.730331613170254,97.0,0.0,0.6804123711340206,0.007164018459958733,0.057642672773953546,3.0,1.1395381595769721e-05
344744,noise_aware_mse,nominal,7.7492605515221085,184.0,0.0,0.657608695652174,0.011960684426332439,0.06596967515721475,4.0,0.0075066090600925724
344744,noise_aware_mse,moderate,4.56946017032765,320.0,0.0,0.621875,0.010227986504698087,0.06357599818107955,0.0,0.002936603998658187
344744,noise_aware_mse,strong,9.76180832883558,96.0,0.0,0.65625,0.007116671695283394,0.05715561427381586,0.0,0.0030964861033015868
344744,control_aware_rank,nominal,0.002671469697620052,500.0,1.0,0.79,0.00015834473716166178,0.002374277853793933,3.0,9.554761102022625e-05
344744,control_aware_rank,moderate,0.003965438715890026,500.0,1.0,0.814,0.00017931492973401205,0.002930227658416784,1.0,0.00031185222089313196
344744,control_aware_rank,strong,0.2320653982877642,500.0,1.0,0.68,0.010975127013297096,0.04753883985396983,0.0,0.0030964861033015868
310072,noise_aware_mse,nominal,5.105332152455192,296.0,0.0,0.5844594594594594,0.012909789018155805,0.04201641965870133,1.0,0.0012539834663110698
310072,noise_aware_mse,moderate,10.578768919305764,62.0,0.0,0.6129032258064516,0.0108085991303219,0.08307810504383205,1.0,0.003149977608276948
310072,noise_aware_mse,strong,8.486397767694996,151.0,0.0,0.6225165562913907,0.015728663917944707,0.04797811543531527,1.0,0.002314218403366569
310072,control_aware_rank,nominal,0.010602763128152478,500.0,1.0,0.842,0.00040782041266990447,0.0030480214880278843,1.0,0.0012539834663110698
310072,control_aware_rank,moderate,0.010494495771473657,500.0,1.0,0.812,0.0003655123698849477,0.0036345267990834716,1.0,0.003149977608276948
310072,control_aware_rank,strong,2.7977113670673814,391.0,0.0,0.680306905370844,0.008055587371789888,0.03643364672488449,1.0,0.002314218403366569
439843,noise_aware_mse,nominal,6.644127521879808,229.0,0.0,0.6506550218340611,0.018350068888567543,0.05209747879721433,1.0,0.009086411797099042
439843,noise_aware_mse,moderate,4.734446547904533,310.0,0.0,0.6419354838709678,0.012097958962276787,0.03960355469122598,2.0,0.0024752799790171177
439843,noise_aware_mse,strong,9.950317019739689,89.0,0.0,0.5730337078651685,0.03877343463078989,0.08530749227996548,0.0,0.030483687834654452
439843,control_aware_rank,nominal,0.13099164905352606,500.0,1.0,0.714,0.0025166185314766058,0.01579844558776914,2.0,0.0014597409472469139
439843,control_aware_rank,moderate,0.03930250401057291,500.0,1.0,0.788,0.0009428356188498548,0.00640088574182367,2.0,0.0024752799790171177
439843,control_aware_rank,strong,0.10543106801036559,500.0,1.0,0.726,0.003436245063248763,0.016081845315096124,2.0,0.0028943361530194764
944171,noise_aware_mse,nominal,5.847761469609208,264.0,0.0,0.5833333333333334,0.014165829340462996,0.048167501181444895,0.0,0.00806795396322239
944171,noise_aware_mse,moderate,6.708500371541644,226.0,0.0,0.5707964601769911,0.019283368106341955,0.05730035352068666,0.0,0.008996879948439888
944171,noise_aware_mse,strong,8.902209021151663,134.0,0.0,0.6492537313432836,0.010589998662581986,0.0661828280881411,0.0,0.010356899927478343
944171,control_aware_rank,nominal,0.0025606882032772793,500.0,1.0,0.772,0.00014111820414301795,0.002200559539991751,0.0,0.00806795396322239
944171,control_aware_rank,moderate,0.0042478187683520465,500.0,1.0,0.838,0.00013159582224324544,0.0027206034184388715,1.0,0.003741411530241172
944171,control_aware_rank,strong,0.7896907173451786,469.0,0.0,0.8166311300639659,0.0038360112720618187,0.011804098483214539,1.0,0.005371586375679818
749551,noise_aware_mse,nominal,9.43340881563233,110.0,0.0,0.5818181818181818,0.006284333960550645,0.07792003984830824,0.0,0.0122782826242742
749551,noise_aware_mse,moderate,10.570375144539934,64.0,0.0,0.71875,0.011998106716901439,0.28248096640442755,0.0,0.016268688579739163
749551,noise_aware_mse,strong,7.91644816828241,174.0,0.0,0.6206896551724138,0.015091818709551725,0.038074349592504386,1.0,0.004171825047196372
749551,control_aware_rank,nominal,0.003596559173422429,500.0,1.0,0.888,5.774796971045068e-05,0.002299092747142531,2.0,0.001094773296746657
749551,control_aware_rank,moderate,0.0030583685975621028,500.0,1.0,0.828,0.00010765336715319793,0.002053779744866259,2.0,0.003075493691986836
749551,control_aware_rank,strong,3.659742511797718,352.0,0.0,0.6761363636363636,0.007365873816834684,0.028408812781590742,2.0,0.0043888135408563424
189093,noise_aware_mse,nominal,6.4359191873824795,240.0,0.0,0.5875,0.020919650053601455,0.07394023595735702,0.0,0.017552058112549826
189093,noise_aware_mse,moderate,10.50999390498244,65.0,0.0,0.6153846153846154,0.013608368334671259,0.08243350006123687,0.0,0.014099112016510436
189093,noise_aware_mse,strong,10.472359196016747,67.0,0.0,0.5671641791044776,0.0335194159302795,0.12726493317473486,0.0,0.011916907111489926
189093,control_aware_rank,nominal,0.0062458735806321134,500.0,1.0,0.88,0.00015164221809547152,0.0026443157630652177,2.0,0.006109054412933116
189093,control_aware_rank,moderate,0.00588616920239843,500.0,1.0,0.8,0.0002562970762034649,0.00257102793752751,2.0,0.005060153199647628
189093,control_aware_rank,strong,5.530931177304714,276.0,0.0,0.6739130434782609,0.009875884185733857,0.0722107611053153,2.0,0.0043868659440852685
783157,noise_aware_mse,nominal,9.834992373287813,93.0,0.0,0.5698924731182796,0.006081149524309021,0.08735134317295125,2.0,0.0006317550311230775
783157,noise_aware_mse,moderate,8.70288462259988,142.0,0.0,0.5774647887323944,0.01628477631619397,0.06238952256421902,2.0,0.0018289594454257777
783157,noise_aware_mse,strong,7.642802643787153,189.0,0.0,0.6137566137566137,0.018381459855101482,0.06636643843369737,4.0,0.008337559423058746
783157,control_aware_rank,nominal,5.095105993978146,291.0,0.0,0.5910652920962199,0.011424622938482914,0.029190298548425236,1.0,0.004019759612063415
783157,control_aware_rank,moderate,0.08985924725567003,500.0,1.0,0.754,0.0023333086404975154,0.012159438026804149,1.0,0.0033627141266690495
783157,control_aware_rank,strong,3.9127617875190257,341.0,0.0,0.7038123167155426,0.01017412401315299,0.026045177592903354,2.0,0.0010647996654571702
901661,noise_aware_mse,nominal,8.332155419069238,158.0,0.0,0.5632911392405063,0.01631310992529866,0.058786790324107954,0.0,0.018999640228555194
901661,noise_aware_mse,moderate,10.375026840593252,71.0,0.0,0.5633802816901409,0.029153854907599357,0.06777663234009555,0.0,0.016059661525193263
901661,noise_aware_mse,strong,10.567341978285665,62.0,0.0,0.5806451612903226,0.01043800916092189,0.05921035465041326,0.0,0.013359030721375776
901661,control_aware_rank,nominal,0.00838513645399752,500.0,1.0,0.784,0.00018166602019236414,0.0024851730382428774,2.0,0.005132027466590736
901661,control_aware_rank,moderate,3.29072384272061,368.0,0.0,0.6820652173913043,0.005816699464734909,0.02225101517808369,2.0,0.005702920816718936
901661,control_aware_rank,strong,8.667287806123309,142.0,0.0,0.5985915492957746,0.026095517489110726,0.10755104552454187,0.0,0.013359030721375776
902442,noise_aware_mse,nominal,10.737943059610274,55.0,0.0,0.6,0.040655068893964724,0.08765791612009008,0.0,0.037549753926877164
902442,noise_aware_mse,moderate,7.692687182026522,184.0,0.0,0.5706521739130435,0.00634290589406852,0.030244333791563324,8.0,0.002850999149179287
902442,noise_aware_mse,strong,8.244374040765333,162.0,0.0,0.6358024691358025,0.008967045664422134,0.07506840775774316,2.0,0.0004693509155229286
902442,control_aware_rank,nominal,9.299714059486892,117.0,0.0,0.5811965811965812,0.008323549624320225,0.09410471792807515,2.0,0.00941246161230204
902442,control_aware_rank,moderate,0.032075183576867325,500.0,1.0,0.8,0.0007980274486709091,0.006636069277763463,2.0,0.0036546781112608354
902442,control_aware_rank,strong,8.450853772629996,150.0,0.0,0.72,0.004503621213351768,0.02308882382526657,2.0,0.0004693509155229286
893625,noise_aware_mse,nominal,6.4371209534507505,238.0,0.0,0.5714285714285714,0.018902543692892727,0.05210601954916743,1.0,0.012694248023564988
893625,noise_aware_mse,moderate,10.491576867690396,65.0,0.0,0.5692307692307692,0.028045984328580652,0.06284326787217245,1.0,0.016633145613706442
893625,noise_aware_mse,strong,10.057832043086298,84.0,0.0,0.5952380952380952,0.009418101961783944,0.07165245458222029,0.0,0.01789478451289193
893625,control_aware_rank,nominal,0.0033409767632187394,500.0,1.0,0.928,5.13097677460315e-05,0.0021416915919236514,2.0,0.005779797035444692
893625,control_aware_rank,moderate,0.003782952646841577,500.0,1.0,0.834,0.00019224487601631087,0.002291185577539023,3.0,0.005406285620187556
893625,control_aware_rank,strong,0.03292125530136788,500.0,1.0,0.76,0.001220971078734121,0.006770984112809652,1.0,0.020977568861776007
362979,noise_aware_mse,nominal,8.2553007627862,161.0,0.0,0.5962732919254659,0.01821015161135675,0.07650172949333764,0.0,0.0031871888204069963
362979,noise_aware_mse,moderate,9.40916927038524,112.0,0.0,0.5982142857142857,0.013623690946605812,0.0722702106055787,0.0,0.0009060415271793659
362979,noise_aware_mse,strong,8.825604847179353,137.0,0.0,0.6423357664233577,0.012269077666791762,0.08631046552949279,0.0,0.0012486973862924963
362979,control_aware_rank,nominal,0.007616523875014329,500.0,1.0,0.724,0.000250052877758772,0.0031366148808768795,1.0,0.0016275876392010287
362979,control_aware_rank,moderate,0.11770006645248629,500.0,1.0,0.748,0.0030162696871968765,0.036252872608613505,5.0,0.00023194820840883104
362979,control_aware_rank,strong,11.346598713698672,29.0,0.0,0.7241379310344828,0.056734529564494714,0.12861785988835117,7.0,0.0023011837804754673
573751,noise_aware_mse,nominal,9.821814353522962,93.0,0.0,0.5698924731182796,0.007800582105471748,0.08205428949796537,1.0,0.0001739324595975457
573751,noise_aware_mse,moderate,7.616434916275196,189.0,0.0,0.5714285714285714,0.03152241274573303,0.08438964599104383,1.0,0.0002441640672068441
573751,noise_aware_mse,strong,10.856789641765426,51.0,0.0,0.6274509803921569,0.039846636136904985,0.12101787880342492,2.0,0.0016355493565453783
573751,control_aware_rank,nominal,0.002081649923747072,500.0,1.0,0.896,4.3497089822528424e-05,0.0019095093122515675,1.0,0.0001739324595975457
573751,control_aware_rank,moderate,0.0030621957291855303,500.0,1.0,0.786,0.0001406967312127402,0.002403367294877085,1.0,0.0002441640672068441
573751,control_aware_rank,strong,10.91620759631378,47.0,0.0,0.6808510638297872,0.007179429713948055,0.08159753835073687,2.0,0.0016355493565453783
279406,noise_aware_mse,nominal,4.110514480738095,338.0,0.0,0.5798816568047337,0.013414484874633302,0.035871207521302476,0.0,0.0022235367657002653
279406,noise_aware_mse,moderate,8.649370021826112,144.0,0.0,0.5833333333333334,0.010272664678260914,0.09218032018249989,0.0,0.0014347392781449645
279406,noise_aware_mse,strong,5.3477544933889325,287.0,0.0,0.6341463414634146,0.015448925138573861,0.04905690494090169,3.0,0.0005054293228229471
279406,control_aware_rank,nominal,0.00891430496743264,500.0,1.0,0.778,0.0002611122540175664,0.0030875939420203047,0.0,0.0022235367657002653
279406,control_aware_rank,moderate,0.007898232150719154,500.0,1.0,0.802,0.00020682498573799534,0.0026375516086529563,0.0,0.0014347392781449645
279406,control_aware_rank,strong,0.009126016478004453,500.0,1.0,0.822,0.0002709583166356417,0.0034878006770307484,0.0,0.00023492626060261576
566245,noise_aware_mse,nominal,10.12085667560294,81.0,0.0,0.5925925925925926,0.044172601814121505,0.16509200932221355,0.0,0.03947875053033585
566245,noise_aware_mse,moderate,6.547966056070337,238.0,0.0,0.6554621848739496,0.015041910813605744,0.08585035375658162,0.0,0.04434301493014327
566245,noise_aware_mse,strong,10.139438271162014,80.0,0.0,0.5875,0.043245097440278144,0.13364744291574,0.0,0.048316965045077945
566245,control_aware_rank,nominal,6.706228067227597,226.0,0.0,0.6150442477876106,0.0074412120363076635,0.05241610766501354,0.0,0.03947875053033585
566245,control_aware_rank,moderate,8.01784062251475,172.0,0.0,0.686046511627907,0.008891228881745523,0.08458917942721776,0.0,0.04434301493014327
566245,control_aware_rank,strong,11.12633415666128,38.0,0.0,0.6578947368421053,0.043709035963713026,0.10197049415081098,4.0,0.0035111065140255374
935563,noise_aware_mse,nominal,5.286921696272648,286.0,0.0,0.5979020979020979,0.008106742505609653,0.04142880960565695,1.0,0.002282985450147615
935563,noise_aware_mse,moderate,10.948041034772439,46.0,0.0,0.5652173913043478,0.059809363537428877,0.1305982493905728,1.0,0.0003315350235621947
935563,noise_aware_mse,strong,11.491354403865957,23.0,0.0,0.6521739130434783,0.009602132763487035,0.09660289424623172,1.0,0.0017884278230274955
935563,control_aware_rank,nominal,0.06583424147522561,500.0,1.0,0.746,0.0014445824588470485,0.009037850228998926,3.0,0.00034870869008332694
935563,control_aware_rank,moderate,7.8213639914725075,177.0,0.0,0.7909604519774012,0.0024229858421711196,0.03600309328000545,5.0,0.0016334993540277898
935563,control_aware_rank,strong,10.098555185093206,81.0,0.0,0.7901234567901234,0.006189675748765545,0.052291264169472954,5.0,0.0015410806915979042
343901,noise_aware_mse,nominal,9.704687835201558,98.0,0.0,0.6020408163265306,0.012295880284609692,0.050149626267223524,2.0,0.0047272525212299875
343901,noise_aware_mse,moderate,10.574687928706197,62.0,0.0,0.5806451612903226,0.03126104064118056,0.07346669076893007,2.0,0.004259252538409898
343901,noise_aware_mse,strong,9.810901937059565,95.0,0.0,0.6,0.023763776832910373,0.07538754542380859,2.0,0.003516042148953482
343901,control_aware_rank,nominal,4.371700316974922,323.0,0.0,0.7058823529411765,0.007552963877684998,0.028502405563835896,19.0,2.375586598745913e-05
343901,control_aware_rank,moderate,9.938109744640927,89.0,0.0,0.5617977528089888,0.01780722536732693,0.07035757977150543,0.0,0.022456914908128962
343901,control_aware_rank,strong,10.263757642980035,75.0,0.0,0.5866666666666667,0.0159276127807444,0.05728807877552832,0.0,0.027391920297790077
834173,noise_aware_mse,nominal,10.33374847405443,73.0,0.0,0.6438356164383562,0.011475266085112247,0.11287417009096445,1.0,0.029323680278159556
834173,noise_aware_mse,moderate,7.373631705873789,199.0,0.0,0.6130653266331658,0.007713279701071567,0.07019566697923686,1.0,0.020280407143464962
834173,noise_aware_mse,strong,10.095116899556201,84.0,0.0,0.6666666666666666,0.02891250675725572,0.16187043253671535,2.0,5.7829420856719826e-05
834173,control_aware_rank,nominal,0.027569425747401816,500.0,1.0,0.816,0.0004330665991891499,0.0037124502666984094,5.0,0.01674306220824289
834173,control_aware_rank,moderate,11.26272889428355,33.0,0.0,0.6363636363636364,0.013455421026255814,0.16737886938508945,1.0,0.020280407143464962
834173,control_aware_rank,strong,9.18656515777835,123.0,0.0,0.6829268292682927,0.03066579175483639,0.11419829685376609,1.0,0.015824061547839205
494257,noise_aware_mse,nominal,10.608045713813185,60.0,0.0,0.5666666666666667,0.03739282886356635,0.07609687791484436,1.0,0.010148811930819991
494257,noise_aware_mse,moderate,10.519810202297911,64.0,0.0,0.59375,0.01693614738078067,0.0946717208513281,2.0,4.7838541893843733e-05
494257,noise_aware_mse,strong,11.321332015676036,30.0,0.0,0.6,0.008001709012249237,0.069459048803918,4.0,0.0009679049227143965
494257,control_aware_rank,nominal,1.1887235294801157,460.0,0.0,0.6956521739130435,0.006282481199110065,0.029668291430010013,2.0,0.0014568965031465028
494257,control_aware_rank,moderate,0.043644014859442797,500.0,1.0,0.722,0.0010129167577444989,0.006178561722351461,2.0,4.7838541893843733e-05
494257,control_aware_rank,strong,11.045958301338999,42.0,0.0,0.6666666666666666,0.007688507017219111,0.08402922401952814,4.0,0.0009679049227143965
485595,noise_aware_mse,nominal,11.333036887397522,31.0,0.0,0.6451612903225806,0.020472121542917932,0.24606909853036446,0.0,0.01087485163206104
485595,noise_aware_mse,moderate,10.495581861872017,65.0,0.0,0.6307692307692307,0.009692477566677153,0.06969640152533643,0.0,0.013908207889896933
485595,noise_aware_mse,strong,8.766836503414929,139.0,0.0,0.6258992805755396,0.014689348545503281,0.07462770355700123,0.0,0.016423197871598492
485595,control_aware_rank,nominal,0.0027384566380874104,500.0,1.0,0.868,7.943125216320543e-05,0.002239078114066363,2.0,0.0008363177705289302
485595,control_aware_rank,moderate,0.005898183206476083,500.0,1.0,0.858,0.00011917951705891103,0.002865395519201107,5.0,2.6671727897008106e-05
485595,control_aware_rank,strong,10.550872246445737,62.0,0.0,0.6774193548387096,0.004298068261427183,0.07688642137987016,5.0,0.0010983713958604147
452039,noise_aware_mse,nominal,9.913284697406489,89.0,0.0,0.550561797752809,0.008999606366674271,0.044877044476861486,1.0,0.00016743576518918855
452039,noise_aware_mse,moderate,7.6657251484925455,185.0,0.0,0.5945945945945946,0.02001272727521101,0.043307030424343265,0.0,0.0031006722763673488
452039,noise_aware_mse,strong,8.851952964617483,135.0,0.0,0.5407407407407407,0.024153291278040105,0.0755219199392382,0.0,0.005062928534127689
452039,control_aware_rank,nominal,0.0020009009170306328,500.0,1.0,0.85,7.702493586962305e-05,0.002092425341129632,1.0,0.00016743576518918855
452039,control_aware_rank,moderate,4.363049216677191,320.0,0.0,0.765625,0.0018159380318066801,0.014007189042657863,5.0,0.0002049322306579924
452039,control_aware_rank,strong,3.239970032532589,368.0,0.0,0.7608695652173914,0.002281989287702209,0.024806972843258328,6.0,0.0008653477117601125
561342,noise_aware_mse,nominal,6.705338037664985,228.0,0.0,0.5701754385964912,0.017684355060136405,0.06487871922566418,5.0,0.0002138875762994208
561342,noise_aware_mse,moderate,8.846317776331095,135.0,0.0,0.562962962962963,0.016616317488469427,0.03226732976889847,1.0,0.002738986261374046
561342,noise_aware_mse,strong,11.226906658335215,34.0,0.0,0.5882352941176471,0.043820668496847716,0.10292599731488045,1.0,0.002380278047835846
561342,control_aware_rank,nominal,0.06285784630243531,500.0,1.0,0.768,0.0014804056889263363,0.008149154315486535,5.0,0.0002138875762994208
561342,control_aware_rank,moderate,6.435507938382094,237.0,0.0,0.6666666666666666,0.015852954234619666,0.05548940002149454,3.0,8.905398196751291e-05
561342,control_aware_rank,strong,8.57733398488389,145.0,0.0,0.696551724137931,0.0031403405628809664,0.031163099607860026,3.0,0.0006550596346241097
515560,noise_aware_mse,nominal,6.3869070705751465,241.0,0.0,0.5767634854771784,0.008741970396546733,0.03766061396102974,0.0,0.0060192375687644975
515560,noise_aware_mse,moderate,10.524093539227028,65.0,0.0,0.6153846153846154,0.0142574015983145,0.06666738789386108,3.0,0.0012499633748515523
515560,noise_aware_mse,strong,10.069756515095554,85.0,0.0,0.5882352941176471,0.043950073591356116,0.07885426906212083,3.0,0.0012163049206135382
515560,control_aware_rank,nominal,0.004860399553196111,500.0,1.0,0.824,0.00010390574942857226,0.0019795790689252336,1.0,0.0038547963733810975
515560,control_aware_rank,moderate,0.0291721468752185,500.0,1.0,0.756,0.0006599292952323723,0.0048291688684177474,3.0,0.0012499633748515523
515560,control_aware_rank,strong,9.146298581973241,122.0,0.0,0.7459016393442623,0.027022412133935997,0.05183502681395578,3.0,0.0012163049206135382
505322,noise_aware_mse,nominal,0.2357629576347029,500.0,1.0,0.62,0.007027680671682967,0.029391431602081106,0.0,0.023585296729183986
505322,noise_aware_mse,moderate,8.779216853697402,139.0,0.0,0.6834532374100719,0.020938485917365572,0.059212090277654554,0.0,0.03267318699276774
505322,noise_aware_mse,strong,9.475024422372377,108.0,0.0,0.5740740740740741,0.01900842681950308,0.07563027005174945,2.0,0.0011897936040589016
505322,control_aware_rank,nominal,0.26564858312941375,500.0,1.0,0.696,0.005052820138073417,0.029919089096523358,3.0,0.00014433857185569554
505322,control_aware_rank,moderate,0.016590293770029355,500.0,1.0,0.768,0.00043655127906510395,0.0043019369371482576,2.0,0.0018132250567795098
505322,control_aware_rank,strong,9.569754659677258,105.0,0.0,0.8095238095238095,0.006615693677520304,0.1139469760732116,2.0,0.0011897936040589016
293128,noise_aware_mse,nominal,9.146109878218192,121.0,0.0,0.5371900826446281,0.006402063219149439,0.033280246963504956,0.0,0.017703753901100426
293128,noise_aware_mse,moderate,4.215228134265507,333.0,0.0,0.6396396396396397,0.014037228924886095,0.04101113531022558,4.0,0.0005435946639405793
293128,noise_aware_mse,strong,10.953110279898906,47.0,0.0,0.7021276595744681,0.03886174031533092,0.24256186713436162,4.0,0.0011104604754550076
293128,control_aware_rank,nominal,0.0034197347315767608,500.0,1.0,0.842,0.0001058189433696966,0.001957230204616299,1.0,0.010810388354581695
293128,control_aware_rank,moderate,0.003959020195701091,500.0,1.0,0.794,0.00016251272931121818,0.0026809890070562943,1.0,0.008335457429548977
293128,control_aware_rank,strong,1.1213178959822268,458.0,0.0,0.7794759825327511,0.008148356710073445,0.023627055557922463,1.0,0.006854976678973956
252846,noise_aware_mse,nominal,7.345735329527158,201.0,0.0,0.6119402985074627,0.008457244503132118,0.04482298341781902,0.0,0.0009509116460945863
252846,noise_aware_mse,moderate,10.178352033887114,78.0,0.0,0.717948717948718,0.005062204380003138,0.0393230800021688,0.0,0.0057615776266185074
252846,noise_aware_mse,strong,5.35478695240264,289.0,0.0,0.6539792387543253,0.014932690646988132,0.10639243222709914,0.0,0.01219602241963217
252846,control_aware_rank,nominal,0.07031341359473435,500.0,1.0,0.752,0.001813121232402056,0.008992934828802914,7.0,0.0007887520131226716
252846,control_aware_rank,moderate,0.009060288999504338,500.0,1.0,0.828,0.0001771972956703158,0.00355874098709102,8.0,0.0025063215683059706
252846,control_aware_rank,strong,10.813239422891593,51.0,0.0,0.7843137254901961,0.014005046872107687,0.05439228728479994,8.0,0.000568672454444764
944166,noise_aware_mse,nominal,7.4004674983879335,197.0,0.0,0.5431472081218274,0.0307504763330856,0.079690892236212,0.0,0.005665811138351197
944166,noise_aware_mse,moderate,8.1501725369608,168.0,0.0,0.6607142857142857,0.017347859368502302,0.0887471022583622,0.0,0.0043440839503328076
944166,noise_aware_mse,strong,10.167460898027533,79.0,0.0,0.569620253164557,0.008915994974039412,0.04471284890648244,0.0,0.006180915003878254
944166,control_aware_rank,nominal,0.004607381926700284,500.0,1.0,0.862,9.25767995297972e-05,0.002309762546726491,7.0,0.00019224600083030466
944166,control_aware_rank,moderate,0.004522772583573691,500.0,1.0,0.848,0.00010085079664085017,0.002474342709332613,1.0,0.00343316807520936
944166,control_aware_rank,strong,6.459060612168157,233.0,0.0,0.7854077253218884,0.012079550554556433,0.030227153643100448,1.0,0.003887216471706102
633686,noise_aware_mse,nominal,9.621477982841041,102.0,0.0,0.5392156862745098,0.01979913426054663,0.046386099756909396,1.0,0.00033876100012775537
633686,noise_aware_mse,moderate,9.98292728025591,87.0,0.0,0.5977011494252874,0.010853030244167844,0.08022796550326854,2.0,0.0013065739790303755
633686,noise_aware_mse,strong,9.664172860898727,100.0,0.0,0.62,0.009831154510265103,0.056914110273705985,0.0,0.000396987390001199
633686,control_aware_rank,nominal,0.0015833496807260952,500.0,1.0,0.904,3.4174432003767145e-05,0.0019669719484280476,5.0,5.16210457303279e-05
633686,control_aware_rank,moderate,0.006215752607727649,500.0,1.0,0.816,0.00016175015292076316,0.0029420197690011867,18.0,0.0013418399032078655
633686,control_aware_rank,strong,10.657123951072558,59.0,0.0,0.576271186440678,0.016053857224851777,0.07052217745969117,0.0,0.000396987390001199
457120,noise_aware_mse,nominal,4.479453786338465,321.0,0.0,0.6105919003115264,0.007509410062402792,0.07091475942970486,2.0,0.0005590829576395066
457120,noise_aware_mse,moderate,8.326720856915022,156.0,0.0,0.5897435897435898,0.01610908208593916,0.03832481044141873,2.0,0.002892069349761609
457120,noise_aware_mse,strong,8.639578976940482,144.0,0.0,0.5902777777777778,0.034042751601690464,0.08911663914028896,2.0,0.004593596372402441
457120,control_aware_rank,nominal,0.0019034834614429417,500.0,1.0,0.858,7.048868257200421e-05,0.0018304555330274513,2.0,0.0005590829576395066
457120,control_aware_rank,moderate,0.0023675467156983702,500.0,1.0,0.846,0.00010374301190664152,0.0022884187358609876,2.0,0.002892069349761609
457120,control_aware_rank,strong,11.439771515299753,25.0,0.0,0.68,0.014262450322161375,0.10025394953214056,2.0,0.004593596372402441
526243,noise_aware_mse,nominal,8.24476602952838,162.0,0.0,0.6172839506172839,0.02428114139632958,0.1146237391480381,2.0,0.0007706519755258847
526243,noise_aware_mse,moderate,6.740237928670405,226.0,0.0,0.5663716814159292,0.021092993772179595,0.08094264454225891,2.0,0.001095450745294194
526243,noise_aware_mse,strong,10.350158312323485,72.0,0.0,0.6111111111111112,0.044986266511295586,0.15834288745607772,2.0,0.0013295406344433292
526243,control_aware_rank,nominal,0.0025464467485310648,500.0,1.0,0.884,5.024367023832443e-05,0.002225613877268231,2.0,0.0007706519755258847
526243,control_aware_rank,moderate,0.049125074942766585,500.0,1.0,0.752,0.0012796602875893895,0.007736095582259878,2.0,0.001095450745294194
526243,control_aware_rank,strong,0.286276722203345,500.0,1.0,0.666,0.006000215067582233,0.057138894862542144,2.0,0.0013295406344433292
235635,noise_aware_mse,nominal,7.177858541680371,210.0,0.0,0.6285714285714286,0.02146257842354453,0.1652604637569915,2.0,0.004307056499831999
235635,noise_aware_mse,moderate,11.275653767553086,32.0,0.0,0.59375,0.011281747116155528,0.08063824655042741,2.0,0.003078983009937211
235635,noise_aware_mse,strong,7.46092586291225,195.0,0.0,0.5897435897435898,0.013660211673886145,0.08876034215828356,0.0,0.02402218566801287
235635,control_aware_rank,nominal,0.0019929947129051,500.0,1.0,0.856,6.315506106783325e-05,0.0018301298821092674,2.0,0.004307056499831999
235635,control_aware_rank,moderate,0.0055150090781500155,500.0,1.0,0.838,0.00013790271369920615,0.0035482579857937808,2.0,0.003078983009937211
235635,control_aware_rank,strong,9.902924146681865,89.0,0.0,0.7303370786516854,0.006912940425433578,0.01893940749595648,2.0,0.001141435890717031
487786,noise_aware_mse,nominal,7.472094417620041,196.0,0.0,0.6479591836734694,0.011813851283431783,0.11111423816989754,4.0,0.0016799102844240067
487786,noise_aware_mse,moderate,9.337565930007605,114.0,0.0,0.5877192982456141,0.011584074052825273,0.07284302049233102,1.0,0.0013770353758103563
487786,noise_aware_mse,strong,10.727430196662496,55.0,0.0,0.6181818181818182,0.006007057847064772,0.05038862865146466,1.0,0.003764189220197006
487786,control_aware_rank,nominal,0.0015879551111041335,500.0,1.0,0.872,7.008725402089817e-05,0.0019934369843546233,2.0,0.000999896273725348
487786,control_aware_rank,moderate,0.009385580449909038,500.0,1.0,0.802,0.0008273570880209533,0.0037121984211563085,1.0,0.0013770353758103563
487786,control_aware_rank,strong,7.361978441875049,197.0,0.0,0.766497461928934,0.0027714239549756397,0.05793016127835936,0.0,0.0025747352111834994
933056,noise_aware_mse,nominal,9.393403902636825,114.0,0.0,0.6052631578947368,0.021699889340466006,0.06225941639360855,0.0,0.000744355056314306
933056,noise_aware_mse,moderate,7.696940277925652,185.0,0.0,0.6,0.01557958823112767,0.09979143410142968,0.0,0.002243393722115284
933056,noise_aware_mse,strong,9.531469709150747,106.0,0.0,0.6132075471698113,0.030791799271697357,0.097454047192791,0.0,0.0029647815978861396
933056,control_aware_rank,nominal,0.005484429637402739,500.0,1.0,0.796,0.00017506022344161815,0.002504891050361288,0.0,0.000744355056314306
933056,control_aware_rank,moderate,0.007959077576817101,500.0,1.0,0.834,0.00016264021117168976,0.002903481095786908,0.0,0.002243393722115284
933056,control_aware_rank,strong,9.908678312979902,89.0,0.0,0.8202247191011236,0.0033653471508192905,0.060627878979003735,0.0,0.0029647815978861396
332234,noise_aware_mse,nominal,0.19829781977345368,500.0,1.0,0.608,0.0052792413362422,0.019752019383723167,1.0,0.018401856898411215
332234,noise_aware_mse,moderate,9.617726879289409,104.0,0.0,0.6153846153846154,0.02159541812770507,0.09931112519334309,1.0,0.02147243190518864
332234,noise_aware_mse,strong,9.504747450338844,108.0,0.0,0.5925925925925926,0.032298149425609206,0.09990666715772589,2.0,0.00765318656192613
332234,control_aware_rank,nominal,0.010070476681567162,500.0,1.0,0.79,0.00023704759001612637,0.0034177257660277178,3.0,0.006088263399705675
332234,control_aware_rank,moderate,0.006462406110250654,500.0,1.0,0.842,0.0001891241384349704,0.003247283628263648,2.0,0.009121111832449857
332234,control_aware_rank,strong,6.139658917170883,247.0,0.0,0.7651821862348178,0.009107226784755366,0.01938473744342082,2.0,0.00765318656192613
409050,noise_aware_mse,nominal,6.417532333575122,241.0,0.0,0.5892116182572614,0.014526350916564438,0.04692878860237075,0.0,0.04273586886710291
409050,noise_aware_mse,moderate,9.939879576454036,89.0,0.0,0.550561797752809,0.04330830223446949,0.08124952602321851,0.0,0.036312850112373105
409050,noise_aware_mse,strong,10.48684338675125,66.0,0.0,0.6212121212121212,0.04678123845382868,0.12529121960220713,0.0,0.03219947922925968
409050,control_aware_rank,nominal,0.047174817233088764,500.0,1.0,0.696,0.0014231502018015893,0.007368364225567408,4.0,0.002720176551546695
409050,control_aware_rank,moderate,0.0193738319835625,500.0,1.0,0.792,0.0005029099742635741,0.004350459114596044,1.0,0.036915203677458666
409050,control_aware_rank,strong,0.1321447322739585,500.0,1.0,0.672,0.0032894391634660275,0.01604029744024041,1.0,0.042058023459559085
430588,noise_aware_mse,nominal,9.055654553910811,126.0,0.0,0.5952380952380952,0.011090658306631525,0.06771586369377171,1.0,0.0054441304995395505
430588,noise_aware_mse,moderate,9.928797701175263,89.0,0.0,0.6067415730337079,0.007825522670744833,0.031012399732945704,0.0,0.01068754057293839
430588,noise_aware_mse,strong,5.097800766724482,296.0,0.0,0.6486486486486487,0.0083892054486142,0.06969221623764338,0.0,0.012124982275694366
430588,control_aware_rank,nominal,0.0071902412326708635,500.0,1.0,0.796,0.00014617504895335915,0.002895476157469845,2.0,0.001445639640667424
430588,control_aware_rank,moderate,0.0048248399307662835,500.0,1.0,0.818,0.00015599135593896235,0.0032729932865350557,1.0,0.00543832169258068
430588,control_aware_rank,strong,8.209620691607753,162.0,0.0,0.6851851851851852,0.007413108131440943,0.0379969254464259,1.0,0.004577417987629362
685336,noise_aware_mse,nominal,5.3439178936753775,283.0,0.0,0.5653710247349824,0.017745444160943487,0.04503501979093639,2.0,0.0021970182723296695
685336,noise_aware_mse,moderate,0.354526272342927,500.0,1.0,0.608,0.010357890975666011,0.06060237181620435,0.0,0.021257891387819278
685336,noise_aware_mse,strong,9.954886073877123,88.0,0.0,0.5909090909090909,0.007992573610381857,0.03156719263193705,0.0,0.023647892409533137
685336,control_aware_rank,nominal,2.708675843820263,395.0,0.0,0.6936708860759494,0.011531513614631643,0.029108503912695743,4.0,0.0007163102220160734
685336,control_aware_rank,moderate,0.012865535475598962,500.0,1.0,0.796,0.00030168417125274694,0.0040906620834378115,3.0,0.00010752773840812767
685336,control_aware_rank,strong,8.758784544067188,137.0,0.0,0.7883211678832117,0.0017941124902820778,0.04813744049389719,2.0,0.0030372142927669547
352734,noise_aware_mse,nominal,1.0662418576527988,467.0,0.0,0.5974304068522484,0.012101473150655878,0.038263686616438336,8.0,0.0013577599064152693
352734,noise_aware_mse,moderate,11.01998363499237,43.0,0.0,0.6046511627906976,0.06263744798876318,0.27429101760654356,4.0,0.0037059362512345817
352734,noise_aware_mse,strong,11.141927164832579,38.0,0.0,0.6052631578947368,0.1321633196380451,0.40070312044279033,0.0,0.00039257025212766083
352734,control_aware_rank,nominal,0.05902775372866101,500.0,1.0,0.766,0.001570411294087637,0.00848201264489558,6.0,0.00020706501059179067
352734,control_aware_rank,moderate,2.050541124386854,421.0,0.0,0.7197149643705463,0.003975784266354845,0.025815003147581023,6.0,0.001232773112690988
352734,control_aware_rank,strong,3.105236905624021,376.0,0.0,0.6941489361702128,0.0024846274378812266,0.0427419031079067,3.0,0.0008380782619626798
650887,noise_aware_mse,nominal,6.823846061649585,223.0,0.0,0.6053811659192825,0.017183089985835207,0.06426771329215238,0.0,0.0227051359608336
650887,noise_aware_mse,moderate,9.610742615714274,106.0,0.0,0.5754716981132075,0.03942779441396026,0.19301353097878154,1.0,0.010207263331199222
650887,noise_aware_mse,strong,10.70466124798095,57.0,0.0,0.6491228070175439,0.054857733643718556,0.1372973742956189,1.0,0.007752532478239309
650887,control_aware_rank,nominal,0.009889118553074755,500.0,1.0,0.778,0.00023928217628741994,0.0027293731573444385,2.0,0.004879416853980186
650887,control_aware_rank,moderate,3.469443239815107,366.0,0.0,0.6010928961748634,0.012401560639398203,0.06928992474317094,2.0,0.0060524998665043815
650887,control_aware_rank,strong,11.586984909198009,19.0,0.0,0.631578947368421,0.0132926319178197,0.19060723381334602,1.0,0.007752532478239309
940007,noise_aware_mse,nominal,3.776835560905755,351.0,0.0,0.6609686609686609,0.009807114399262337,0.029683302051985813,0.0,0.023605694081920814
940007,noise_aware_mse,moderate,11.372974391363966,28.0,0.0,0.5714285714285714,0.055540376162765956,0.1292952270827943,3.0,0.0018159069436477493
940007,noise_aware_mse,strong,9.851286870404675,93.0,0.0,0.6021505376344086,0.021350757515138936,0.15562222660257086,6.0,0.0006061417819158317
940007,control_aware_rank,nominal,0.0032900783114078497,500.0,1.0,0.968,3.1643317648594014e-05,0.0021926812523231174,2.0,0.006266228496546164
940007,control_aware_rank,moderate,0.004788729013556794,500.0,1.0,0.828,0.00013771928544805486,0.0025714146591071154,3.0,0.0018159069436477493
940007,control_aware_rank,strong,0.9828082527959794,466.0,0.0,0.6630901287553648,0.008962075229927117,0.04647074162061896,3.0,0.002385214026631841
977644,noise_aware_mse,nominal,10.467974482194695,68.0,0.0,0.6029411764705882,0.049683076517791414,0.08496628902100133,0.0,0.008748700411456915
977644,noise_aware_mse,moderate,4.403970269347015,328.0,0.0,0.6219512195121951,0.009598184313751415,0.08772979142301383,0.0,0.011935180130712719
977644,noise_aware_mse,strong,10.266285989544631,76.0,0.0,0.618421052631579,0.06199301057934893,0.1638250094346002,0.0,0.01650615315455756
977644,control_aware_rank,nominal,0.0023661791821078344,500.0,1.0,0.986,8.77761039120746e-07,0.0021788660356745395,2.0,7.645815717762135e-05
977644,control_aware_rank,moderate,0.05069870760576268,500.0,1.0,0.776,0.0011552299382251174,0.0063836937769780775,20.0,0.0013475171582918825
977644,control_aware_rank,strong,0.036436993762327535,500.0,1.0,0.798,0.0009606797365944486,0.007250613908634564,4.0,0.0005464635705772214
665908,noise_aware_mse,nominal,10.002428418841928,89.0,0.0,0.6179775280898876,0.041227959819937335,0.1990331657952921,0.0,0.008004499146621928
665908,noise_aware_mse,moderate,10.571709350802863,63.0,0.0,0.6190476190476191,0.01421235159402856,0.07351934852717458,1.0,0.005299426708412113
665908,noise_aware_mse,strong,10.695262656104758,58.0,0.0,0.6896551724137931,0.0124040858796241,0.20842660096967683,5.0,0.000709279269841729
665908,control_aware_rank,nominal,0.007248431948999976,500.0,1.0,0.796,0.00019110841526346096,0.0029270938213844886,1.0,0.004682105960794412
665908,control_aware_rank,moderate,0.033029915565760994,500.0,1.0,0.812,0.0010470813694485567,0.006586092870067358,5.0,0.0013722583589112405
665908,control_aware_rank,strong,0.16028394911711502,500.0,1.0,0.71,0.005468290146630792,0.025926929600781162,5.0,0.000709279269841729
891795,noise_aware_mse,nominal,10.995698605916765,45.0,0.0,0.5777777777777777,0.06780181805531493,0.19890196179491113,3.0,4.331076121914801e-05
891795,noise_aware_mse,moderate,10.972549429680067,46.0,0.0,0.5869565217391305,0.040082958928663336,0.09363237971027803,2.0,0.001443670868074176
891795,noise_aware_mse,strong,9.607139427767324,104.0,0.0,0.5769230769230769,0.01966531960585734,0.06442284983211953,2.0,0.0005729414762063872
891795,control_aware_rank,nominal,7.57719465043351,188.0,0.0,0.6063829787234043,0.013311493536611272,0.03882386172576825,1.0,0.0030031343207577166
891795,control_aware_rank,moderate,8.023419196904204,175.0,0.0,0.6742857142857143,0.009471473784866971,0.16820415397990196,1.0,0.00665478932087156
891795,control_aware_rank,strong,10.423182958415962,69.0,0.0,0.6231884057971014,0.079568619272509,0.18062097901872629,1.0,0.010652954358765551
326120,noise_aware_mse,nominal,2.7273323732876587,399.0,0.0,0.606516290726817,0.008625150278011036,0.06841973993650825,0.0,0.006467091033874944
326120,noise_aware_mse,moderate,5.678062977283729,271.0,0.0,0.6162361623616236,0.018120363812430915,0.05939287100468793,2.0,0.0045726765409308786
326120,noise_aware_mse,strong,6.356142664827475,241.0,0.0,0.6390041493775933,0.00648660918931575,0.06690469651803456,1.0,0.005017813306529647
326120,control_aware_rank,nominal,0.007817870270594827,500.0,1.0,0.798,0.0001982379913520619,0.0029672806050275104,0.0,0.006467091033874944
326120,control_aware_rank,moderate,0.004705044902075621,500.0,1.0,0.868,0.00012924327937632662,0.0029227744593960854,0.0,0.00366618735172502
326120,control_aware_rank,strong,10.336429321604705,71.0,0.0,0.6338028169014085,0.008765159718245957,0.03671574327503016,0.0,0.0016363976707865734
609060,noise_aware_mse,nominal,9.416902399993889,112.0,0.0,0.6071428571428571,0.014569023017078945,0.09187796066700663,0.0,0.011999400820629419
609060,noise_aware_mse,moderate,8.693418721271946,143.0,0.0,0.6573426573426573,0.026564904108112315,0.10359987103606447,0.0,0.009476949304762654
609060,noise_aware_mse,strong,10.793006803391991,54.0,0.0,0.6481481481481481,0.03915889441418398,0.10979737019431661,0.0,0.007605170004985885
609060,control_aware_rank,nominal,0.0425252479961032,500.0,1.0,0.742,0.0011478120114506623,0.0054820554788034565,2.0,0.003056238994187984
609060,control_aware_rank,moderate,11.27713371071473,32.0,0.0,0.5625,0.01193489206294824,0.07734527950881746,1.0,0.009532216880507666
609060,control_aware_rank,strong,0.03620170545576768,500.0,1.0,0.7,0.0012941313089093259,0.006941803945529173,1.0,0.01173513262157156
494380,noise_aware_mse,nominal,8.89812932979746,134.0,0.0,0.5522388059701493,0.025287401146838223,0.05948965865089529,0.0,0.006243983405085599
494380,noise_aware_mse,moderate,9.747742779946238,98.0,0.0,0.5714285714285714,0.02851928763642026,0.0670092465556137,0.0,0.0056369455966060085
494380,noise_aware_mse,strong,9.861301855218386,94.0,0.0,0.5851063829787234,0.017204775724957395,0.06298043877391275,0.0,0.005105786316107565
494380,control_aware_rank,nominal,0.03728027922090184,500.0,1.0,0.606,0.001108680934968162,0.006621791565237056,0.0,0.006243983405085599
494380,control_aware_rank,moderate,0.010947008124662174,500.0,1.0,0.798,0.00038800860477425635,0.0032443263870456265,0.0,0.0056369455966060085
494380,control_aware_rank,strong,7.348604057164011,197.0,0.0,0.6446700507614214,0.005374661534447855,0.01779919577425998,0.0,0.005105786316107565
354898,noise_aware_mse,nominal,4.724287707307365,314.0,0.0,0.6114649681528662,0.014524619463134006,0.06754542425286059,2.0,0.0018676386934545464
354898,noise_aware_mse,moderate,7.96088091441331,175.0,0.0,0.6228571428571429,0.01707241240204296,0.10434666665058752,0.0,0.0001472234705407892
354898,noise_aware_mse,strong,11.447344776898273,25.0,0.0,0.64,0.012506821488310194,0.2034486276989461,0.0,0.0006142519093633725
354898,control_aware_rank,nominal,0.0028367388002244888,500.0,1.0,0.888,4.697518134307298e-05,0.0022953662348589167,0.0,0.00018836945513476134
354898,control_aware_rank,moderate,0.007097084578461908,500.0,1.0,0.84,0.0001471254185346066,0.0032172664594138337,0.0,0.0001472234705407892
354898,control_aware_rank,strong,9.689978664653493,98.0,0.0,0.7857142857142857,0.0050130277811711536,0.030366627950748317,0.0,0.0006142519093633725
851244,noise_aware_mse,nominal,7.60322838839406,189.0,0.0,0.5661375661375662,0.02787820558055308,0.06790044341899354,2.0,0.010533886483130903
851244,noise_aware_mse,moderate,8.945440822155387,132.0,0.0,0.5681818181818182,0.018160189993286113,0.051342559780815505,3.0,0.003318234486846164
851244,noise_aware_mse,strong,8.852258232112568,136.0,0.0,0.5808823529411765,0.008919963133413908,0.06073731275296229,3.0,0.00253333992469542
851244,control_aware_rank,nominal,5.753470164363818,269.0,0.0,0.654275092936803,0.012652297860198652,0.04341901833646377,2.0,0.010533886483130903
851244,control_aware_rank,moderate,11.272978678783169,33.0,0.0,0.6363636363636364,0.04839138050929606,0.3743268842395505,2.0,0.013677775321693293
851244,control_aware_rank,strong,11.609127539554901,18.0,0.0,0.5555555555555556,0.03393205695286002,0.072530356321376,2.0,0.014704413940952163
634959,noise_aware_mse,nominal,7.281860753480266,200.0,0.0,0.575,0.005721916477894396,0.03782069630839568,1.0,0.0008536078689208373
634959,noise_aware_mse,moderate,10.796700314707385,52.0,0.0,0.6346153846153846,0.01200235533550086,0.041979939479626444,5.0,0.007395762649544051
634959,noise_aware_mse,strong,9.702503848238893,100.0,0.0,0.66,0.0334015061566211,0.06945656163333026,3.0,0.0010802419620539808
634959,control_aware_rank,nominal,0.007136923145250047,500.0,1.0,0.81,0.00012680442632485265,0.002574824260538583,26.0,0.0002172861701892001
634959,control_aware_rank,moderate,0.005740179035841633,500.0,1.0,0.782,0.00016933995270177482,0.0022671378543304794,7.0,0.0018686310367688058
634959,control_aware_rank,strong,0.0074476712596234585,500.0,1.0,0.742,0.0003094310897101656,0.0032144372972882323,3.0,0.0010802419620539808
815050,noise_aware_mse,nominal,10.532528551478965,64.0,0.0,0.625,0.010032962797433133,0.05228678251476414,3.0,0.0067826830073511035
815050,noise_aware_mse,moderate,6.630050021886543,230.0,0.0,0.6043478260869565,0.013646841926533813,0.049983627487424416,3.0,0.005077150336459932
815050,noise_aware_mse,strong,11.781949032132829,11.0,0.0,0.6363636363636364,0.03294207579936353,0.8772956588616403,0.0,0.04486872446937065
815050,control_aware_rank,nominal,0.2221426159040856,500.0,1.0,0.668,0.005403490285293729,0.030184055401845284,3.0,0.0067826830073511035
815050,control_aware_rank,moderate,8.456289433223079,151.0,0.0,0.7350993377483444,0.014086558317758653,0.029499603786954855,3.0,0.005077150336459932
815050,control_aware_rank,strong,6.289675880301949,240.0,0.0,0.7583333333333333,0.007282894586009231,0.021694661021928845,3.0,0.005324067967834488
725805,noise_aware_mse,nominal,10.449445186285292,69.0,0.0,0.5942028985507246,0.052766756811123035,0.13415957471615594,0.0,0.007368443462394982
725805,noise_aware_mse,moderate,5.023622595953951,299.0,0.0,0.5919732441471572,0.008187296209409518,0.04327416116484239,1.0,0.0023910256452036784
725805,noise_aware_mse,strong,10.984777530767984,46.0,0.0,0.6086956521739131,0.019627692282655658,0.12134583794131584,1.0,0.003210036659549942
725805,control_aware_rank,nominal,0.0030903074627082598,500.0,1.0,0.87,8.067270991892146e-05,0.002293272377219336,0.0,0.007368443462394982
725805,control_aware_rank,moderate,0.005705972268090395,500.0,1.0,0.806,0.00015843960530171337,0.002495151087577693,1.0,0.0023910256452036784
725805,control_aware_rank,strong,7.1505924645897405,206.0,0.0,0.6310679611650486,0.022651121174708425,0.04457069110377279,1.0,0.003210036659549942
454587,noise_aware_mse,nominal,1.7351115595494861,440.0,0.0,0.6022727272727273,0.01235190025125956,0.03855022880318959,2.0,0.002355454015061341
454587,noise_aware_mse,moderate,7.833821803453507,180.0,0.0,0.6166666666666667,0.01778128978594745,0.18636743327193214,2.0,0.0037999742576911933
454587,noise_aware_mse,strong,10.628601748184892,61.0,0.0,0.6557377049180327,0.011789699293873687,0.2229508213604493,2.0,0.004705065180391424
454587,control_aware_rank,nominal,0.002796640597150008,500.0,1.0,0.904,3.6331633893829376e-05,0.0019369809674985303,2.0,0.002355454015061341
454587,control_aware_rank,moderate,0.0059038300398705995,500.0,1.0,0.822,0.0001430501368558285,0.0026144903448494378,8.0,0.0001097146979734745
454587,control_aware_rank,strong,9.278511811943014,117.0,0.0,0.7863247863247863,0.004465357450920948,0.13542982037442716,4.0,0.0006404536186360756
954161,noise_aware_mse,nominal,5.694410551456307,273.0,0.0,0.5970695970695971,0.010842105712698686,0.03895394063977295,2.0,0.0032769178470416042
954161,noise_aware_mse,moderate,4.9312744444063545,302.0,0.0,0.6158940397350994,0.008720424268493414,0.04395917728456267,0.0,0.015083487059905323
954161,noise_aware_mse,strong,8.704634215700743,142.0,0.0,0.647887323943662,0.008170462827489062,0.11878037860080357,0.0,0.014381775207110457
954161,control_aware_rank,nominal,0.01002103789360772,500.0,1.0,0.83,0.00038001861078312013,0.002316404209766804,2.0,0.0032769178470416042
954161,control_aware_rank,moderate,9.271182628578767,116.0,0.0,0.6206896551724138,0.006623313302127923,0.01871986119709644,2.0,0.0038508500978291452
954161,control_aware_rank,strong,9.388927457887673,111.0,0.0,0.6936936936936937,0.025684247095890542,0.037731082096195495,2.0,0.003668734037756539
195743,noise_aware_mse,nominal,11.015450333888785,43.0,0.0,0.6046511627906976,0.007483348450417509,0.08657182531259205,0.0,0.037261043463561655
195743,noise_aware_mse,moderate,8.963234851552897,129.0,0.0,0.7054263565891473,0.014101313220044376,0.04007028040770896,0.0,0.03718527858761417
195743,noise_aware_mse,strong,10.622818650000573,60.0,0.0,0.5333333333333333,0.05071522227464038,0.101805352456189,0.0,0.037624775098343395
195743,control_aware_rank,nominal,5.630341700905827,270.0,0.0,0.6666666666666666,0.009199450701216687,0.028042691604257885,3.0,0.0027917091786172354
195743,control_aware_rank,moderate,10.457730593273471,68.0,0.0,0.5735294117647058,0.06449321997552986,0.1430459880822222,0.0,0.03718527858761417
195743,control_aware_rank,strong,10.457879554507514,68.0,0.0,0.6470588235294118,0.048732677744393244,0.11276287153011656,0.0,0.037624775098343395
373183,noise_aware_mse,nominal,6.156332700115221,254.0,0.0,0.610236220472441,0.010644834580816142,0.05893516742042432,2.0,0.014724785270178481
373183,noise_aware_mse,moderate,7.5402179987681635,193.0,0.0,0.5854922279792746,0.008989270687867493,0.05463357365698356,2.0,0.011708898665487293
373183,noise_aware_mse,strong,9.215444373647898,121.0,0.0,0.6115702479338843,0.022849112634052315,0.11116510759581538,0.0,0.04677945824267234
373183,control_aware_rank,nominal,0.02502040760511469,500.0,1.0,0.846,0.00040189682537260214,0.0039875816023809746,5.0,0.01821561657601308
373183,control_aware_rank,moderate,0.8037887000654774,471.0,0.0,0.7515923566878981,0.0024432339947996163,0.01975326432870017,4.0,0.008627350037908602
373183,control_aware_rank,strong,9.148337160373687,123.0,0.0,0.6016260162601627,0.01985779372280179,0.05401541142530974,2.0,0.008005731615503768
464419,noise_aware_mse,nominal,10.230920407415674,77.0,0.0,0.5584415584415584,0.027444734057565947,0.06383204981428073,0.0,0.034879661488883315
464419,noise_aware_mse,moderate,6.045889174305871,258.0,0.0,0.6124031007751938,0.02097699142453047,0.0729747761759672,0.0,0.035455731200448766
464419,noise_aware_mse,strong,7.327616953888419,201.0,0.0,0.6368159203980099,0.014328873062094937,0.07387727891754074,0.0,0.035694413598055946
464419,control_aware_rank,nominal,0.009177498217316147,500.0,1.0,0.862,0.0003415762356285907,0.0026403163309862893,2.0,0.014816178794541807
464419,control_aware_rank,moderate,0.06364783189652949,500.0,1.0,0.76,0.0014512848882098617,0.009018597992282768,2.0,0.014243666097138542
464419,control_aware_rank,strong,6.675351696304074,226.0,0.0,0.6548672566371682,0.01001672623736553,0.02664596397456223,2.0,0.013298348807539984
837747,noise_aware_mse,nominal,8.169660471586319,165.0,0.0,0.6060606060606061,0.016507901173491293,0.07092713480083503,0.0,0.0041492995609948395
837747,noise_aware_mse,moderate,11.191272110393667,37.0,0.0,0.7027027027027027,0.014224157383631919,0.32918147732785563,0.0,0.007343292794519332
837747,noise_aware_mse,strong,10.846950165407888,53.0,0.0,0.6226415094339622,0.10711205206441836,0.3834428367695622,0.0,0.009000039067144078
837747,control_aware_rank,nominal,0.004105249158751026,500.0,1.0,0.796,0.00014051482998639458,0.0027877605697326545,1.0,0.001611302118281846
837747,control_aware_rank,moderate,0.019008012413269697,500.0,1.0,0.814,0.0007094826959240017,0.004731365160211728,4.0,0.000379241441941465
837747,control_aware_rank,strong,3.120441930426835,375.0,0.0,0.7013333333333334,0.009366742451709943,0.042965600988775006,4.0,0.0016810749385099246
712794,noise_aware_mse,nominal,5.332286297843485,287.0,0.0,0.578397212543554,0.014919562680420885,0.056647515586964736,1.0,0.010624388238803274
712794,noise_aware_mse,moderate,5.863558901286099,262.0,0.0,0.5954198473282443,0.007108547194811241,0.03471300321622269,1.0,0.011410172528383361
712794,noise_aware_mse,strong,8.351117983259126,157.0,0.0,0.5859872611464968,0.008294528747628096,0.0427695365073994,1.0,0.011989696219464108
712794,control_aware_rank,nominal,0.003020702566801127,500.0,1.0,0.864,7.920222435996425e-05,0.00223474773557695,2.0,0.005266171848508524
712794,control_aware_rank,moderate,0.04008819520483568,500.0,1.0,0.8,0.0008897592602299325,0.006264021708067092,1.0,0.011410172528383361
712794,control_aware_rank,strong,8.239916103689117,163.0,0.0,0.6809815950920245,0.00877228453783156,0.07717896036494261,1.0,0.011989696219464108
447864,noise_aware_mse,nominal,4.470627173943403,324.0,0.0,0.6327160493827161,0.010725467506748087,0.0567629001516398,2.0,0.0003464181034160468
447864,noise_aware_mse,moderate,10.718800256769018,57.0,0.0,0.6666666666666666,0.05175623240505468,0.23788573369157853,2.0,0.0003370304236814878
447864,noise_aware_mse,strong,9.946600113173128,88.0,0.0,0.6363636363636364,0.005263930129663539,0.06397952276223563,0.0,2.5863713513007243e-05
447864,control_aware_rank,nominal,0.002300995614331854,500.0,1.0,0.91,3.447799717009678e-05,0.0019824548129153516,2.0,0.0003464181034160468
447864,control_aware_rank,moderate,0.06880620591712845,500.0,1.0,0.77,0.0014326835835490738,0.008604998935010799,20.0,0.000284398512682491
447864,control_aware_rank,strong,8.185605319198151,161.0,0.0,0.84472049689441,0.0020789523379627158,0.04832921520341147,3.0,0.0013680382693118396
925207,noise_aware_mse,nominal,10.325931497446438,72.0,0.0,0.5833333333333334,0.006948194938070668,0.06072817811233807,1.0,0.003010095180322952
925207,noise_aware_mse,moderate,8.291252292419184,159.0,0.0,0.5911949685534591,0.019852112960730094,0.05418796656124112,6.0,0.0019368675774505816
925207,noise_aware_mse,strong,10.844204418404034,50.0,0.0,0.52,0.016745252209296714,0.06918671707694847,2.0,0.00027381966309381577
925207,control_aware_rank,nominal,0.002600839658166595,500.0,1.0,0.938,1.2304030646803462e-05,0.002011464270817732,11.0,0.00017011456589626633
925207,control_aware_rank,moderate,0.03307015015864111,500.0,1.0,0.802,0.001018293932372842,0.006465301277119041,4.0,0.0003105965001291063
925207,control_aware_rank,strong,3.0720769268513903,374.0,0.0,0.7914438502673797,0.004823497839281508,0.014791416610916859,1.0,0.005266238677549561
390577,noise_aware_mse,nominal,5.548129994351831,276.0,0.0,0.6123188405797102,0.005669070700770755,0.03777383874895247,0.0,0.0170357082477104
390577,noise_aware_mse,moderate,8.8839604896991,134.0,0.0,0.5970149253731343,0.010482095405127666,0.0470295419834079,0.0,0.023590303248756245
390577,noise_aware_mse,strong,10.73623651978883,55.0,0.0,0.6,0.008729701810439722,0.09953588387518927,0.0,0.028598185786501543
390577,control_aware_rank,nominal,0.004491727439251853,500.0,1.0,0.848,0.0001061789593446571,0.002369312572060945,2.0,0.00507577940767367
390577,control_aware_rank,moderate,0.005390330345794991,500.0,1.0,0.828,0.00014272978426755535,0.002701154589259058,4.0,0.00021941703253552935
390577,control_aware_rank,strong,7.8310439563912,177.0,0.0,0.7288135593220338,0.010347529919853169,0.033132707416581676,6.0,0.001469362450892223
352023,noise_aware_mse,nominal,7.975395052835567,172.0,0.0,0.6395348837209303,0.009421446382970277,0.05419298849132763,2.0,0.001356065899489306
352023,noise_aware_mse,moderate,9.162060313126466,121.0,0.0,0.628099173553719,0.014951396185359808,0.05286964459229678,2.0,0.0011758775548938588
352023,noise_aware_mse,strong,9.678695068007118,100.0,0.0,0.66,0.043021982593768444,0.06530553162021684,5.0,0.0038522774526340772
352023,control_aware_rank,nominal,0.2766084718131405,500.0,1.0,0.682,0.006560655504912668,0.03919552291261641,2.0,0.001356065899489306
352023,control_aware_rank,moderate,0.02224417477306362,500.0,1.0,0.772,0.0005545662696203233,0.005133763331409262,2.0,0.0011758775548938588
352023,control_aware_rank,strong,2.7454800771991494,390.0,0.0,0.7692307692307693,0.002667230525976057,0.02971300385496436,2.0,0.0009547653713459503
187814,noise_aware_mse,nominal,9.132308947428877,123.0,0.0,0.6016260162601627,0.01662096604540625,0.048673504135060386,8.0,0.0011283103777638762
187814,noise_aware_mse,moderate,8.30230855008378,159.0,0.0,0.5911949685534591,0.015864569440297786,0.05724975159687614,4.0,6.282902244854338e-05
187814,noise_aware_mse,strong,6.794119448378255,223.0,0.0,0.5919282511210763,0.03000095305791933,0.09727282616346568,5.0,0.0001875865606532209
187814,control_aware_rank,nominal,0.004642021181669094,500.0,1.0,0.854,0.00012387725530256256,0.0021551707484205257,4.0,2.429856402638231e-05
187814,control_aware_rank,moderate,0.023921622622719695,500.0,1.0,0.822,0.0007172533618480254,0.00589971320350605,4.0,6.282902244854338e-05
187814,control_aware_rank,strong,9.171189161137912,120.0,0.0,0.8333333333333334,0.0036531635490555593,0.045869400986312835,9.0,9.56730608975844e-05
754922,noise_aware_mse,nominal,8.5794841696861,147.0,0.0,0.6190476190476191,0.008305063876486544,0.07336427174457888,4.0,0.0007181407837898238
754922,noise_aware_mse,moderate,7.652657970913496,187.0,0.0,0.5989304812834224,0.009392230375736202,0.09534108616611654,0.0,0.0023161420463557814
754922,noise_aware_mse,strong,10.094174357186455,84.0,0.0,0.5714285714285714,0.021280182663458585,0.11567010110500735,0.0,0.0010670451650207713
754922,control_aware_rank,nominal,0.0032811435021720225,500.0,1.0,0.848,8.232914270609137e-05,0.0023984943735214904,25.0,8.34324002629656e-05
754922,control_aware_rank,moderate,1.2458463816810335,450.0,0.0,0.8355555555555556,0.0014622421000363914,0.008197211415844131,0.0,0.0023161420463557814
754922,control_aware_rank,strong,7.742579460155662,181.0,0.0,0.7292817679558011,0.006098037755522716,0.036061551495406415,0.0,0.0010670451650207713
430036,noise_aware_mse,nominal,9.775038614141625,96.0,0.0,0.5416666666666666,0.03417386052730449,0.06542116919697631,0.0,0.0013768966052607485
430036,noise_aware_mse,moderate,5.0221335807097045,298.0,0.0,0.6073825503355704,0.006657253183362114,0.03170188328960298,1.0,0.003061958357190346
430036,noise_aware_mse,strong,9.723681953864242,98.0,0.0,0.5918367346938775,0.022101084392412294,0.06494080536984673,0.0,0.00014885103223699972
430036,control_aware_rank,nominal,0.0050018329186386585,500.0,1.0,0.848,9.163379345940078e-05,0.0022572315919195986,15.0,0.00014632266343161775
430036,control_aware_rank,moderate,0.006625581718940582,500.0,1.0,0.858,0.00014492307812662752,0.0030262003155886717,15.0,0.0001556968780845689
430036,control_aware_rank,strong,6.085605434944461,249.0,0.0,0.7550200803212851,0.007296129232132618,0.01720815250696984,0.0,0.00014885103223699972
622572,noise_aware_mse,nominal,9.6719072963852,100.0,0.0,0.59,0.032067642476666214,0.08383600187084328,2.0,0.01102728928245271
622572,noise_aware_mse,moderate,10.218341881690161,77.0,0.0,0.6493506493506493,0.012989143455844336,0.09603598935669636,2.0,0.010309582657994955
622572,noise_aware_mse,strong,8.071936197949178,170.0,0.0,0.6411764705882353,0.01227503117122684,0.06587407476835008,2.0,0.009394074815656892
622572,control_aware_rank,nominal,11.248818636046906,34.0,0.0,0.6764705882352942,0.052940347841722274,0.1321879914469748,0.0,0.03548026324208427
622572,control_aware_rank,moderate,0.019740491121085283,500.0,1.0,0.79,0.0005128061081571578,0.00506510814567972,3.0,0.0016253013843930686
622572,control_aware_rank,strong,6.369501116231132,241.0,0.0,0.6390041493775933,0.010872813046310542,0.03138837251914251,5.0,0.0001485132034585862
413579,noise_aware_mse,nominal,3.700837045168139,355.0,0.0,0.5746478873239437,0.01450192564299253,0.042411725736318046,0.0,0.009466806222541067
413579,noise_aware_mse,moderate,6.547430442055618,236.0,0.0,0.6271186440677966,0.018769413451417638,0.09931145192871597,0.0,0.008488214555121165
413579,noise_aware_mse,strong,9.102227007642703,125.0,0.0,0.624,0.008662660666593202,0.03492687510153909,0.0,0.0072329347913460615
413579,control_aware_rank,nominal,0.004112922089701448,500.0,1.0,0.874,0.00014248027251287596,0.0022228836327271182,0.0,0.009466806222541067
413579,control_aware_rank,moderate,10.339357247366268,71.0,0.0,0.676056338028169,0.005102129014686975,0.05481211354670806,0.0,0.008488214555121165
413579,control_aware_rank,strong,0.8320185483611554,471.0,0.0,0.6836518046709129,0.0037158595017235696,0.022535272513894047,0.0,0.0072329347913460615
432114,noise_aware_mse,nominal,7.558394460794756,191.0,0.0,0.6178010471204188,0.013499609221941029,0.04878356617688381,0.0,0.008660225564464129
432114,noise_aware_mse,moderate,11.34170652931817,30.0,0.0,0.5333333333333333,0.10111154141472119,0.17721725736075616,0.0,0.011303378592968497
432114,noise_aware_mse,strong,11.431186861097286,26.0,0.0,0.5,0.20528056892545812,0.37059079745496243,0.0,0.012811504713767345
432114,control_aware_rank,nominal,0.006940736289937405,500.0,1.0,0.758,0.00021419500931996465,0.003219992910157689,1.0,0.005420375534461213
432114,control_aware_rank,moderate,0.004336274576658926,500.0,1.0,0.846,0.00012151658306907004,0.0023997690454006697,2.0,0.0028472888731398797
432114,control_aware_rank,strong,3.0949792482614837,373.0,0.0,0.8096514745308311,0.00844719780396415,0.013693649308430304,2.0,0.004744471715896672
265348,noise_aware_mse,nominal,8.97352131621327,132.0,0.0,0.6060606060606061,0.03223494666385121,0.08619531320106355,0.0,0.0010394283344316926
265348,noise_aware_mse,moderate,9.371131918395806,113.0,0.0,0.5929203539823009,0.012584499943347888,0.055248907402973044,0.0,0.0009956000597235795
265348,noise_aware_mse,strong,8.26269873700056,161.0,0.0,0.6024844720496895,0.008944620140127186,0.06025217919437857,0.0,0.0009285721332177935
265348,control_aware_rank,nominal,0.003754227197509093,500.0,1.0,0.84,9.519628209321888e-05,0.002310765134027279,0.0,0.0010394283344316926
265348,control_aware_rank,moderate,4.899469109740236,300.0,0.0,0.7966666666666666,0.0027822286014266536,0.027630470667603973,0.0,0.0009956000597235795
265348,control_aware_rank,strong,9.489202409078928,109.0,0.0,0.6513761467889908,0.015068427104061996,0.08101325645232692,0.0,0.0009285721332177935
252109,noise_aware_mse,nominal,7.107279830617527,211.0,0.0,0.6161137440758294,0.009950849328826639,0.04127786747752377,0.0,0.006367588925876114
252109,noise_aware_mse,moderate,10.029891931309017,86.0,0.0,0.5813953488372093,0.02969027788891802,0.08269188606778619,0.0,0.006856357081664885
252109,noise_aware_mse,strong,10.92652770998222,48.0,0.0,0.6458333333333334,0.014272978051427748,0.10906645394226207,0.0,0.007213103521411787
252109,control_aware_rank,nominal,11.75452099155976,12.0,0.0,0.5,0.02769773354818191,0.19863076028738683,0.0,0.006367588925876114
252109,control_aware_rank,moderate,0.007065290195511022,500.0,1.0,0.87,0.00017060270347923768,0.0029447058120731853,0.0,0.006856357081664885
252109,control_aware_rank,strong,8.607204478515495,145.0,0.0,0.6758620689655173,0.006383411837049802,0.11350122170566328,0.0,0.007213103521411787
547005,noise_aware_mse,nominal,0.16365757052595942,500.0,1.0,0.598,0.004718017674233748,0.016929291994332962,1.0,0.002187473839758914
547005,noise_aware_mse,moderate,5.624470414192501,277.0,0.0,0.6173285198555957,0.019720269052923855,0.12417666043327254,1.0,0.001704828544636692
547005,noise_aware_mse,strong,9.691789147031738,100.0,0.0,0.61,0.011006159753818783,0.06743335363286002,1.0,0.0016611313016139228
547005,control_aware_rank,nominal,0.014540257799984585,500.0,1.0,0.762,0.00042039419883150707,0.0036748151470853054,1.0,0.002187473839758914
547005,control_aware_rank,moderate,0.06246831227346049,500.0,1.0,0.766,0.001378944314306359,0.0075638828735361055,1.0,0.001704828544636692
547005,control_aware_rank,strong,11.563444922477185,20.0,0.0,0.5,0.08087356950527522,0.17110074809305273,1.0,0.0016611313016139228
453945,noise_aware_mse,nominal,0.15719301073064013,500.0,1.0,0.612,0.004746631345749991,0.01811897863311679,1.0,1.6747499796597454e-05
453945,noise_aware_mse,moderate,7.4168513419085915,196.0,0.0,0.6632653061224489,0.007331625024428853,0.06302651826238623,2.0,0.004625783290512289
453945,noise_aware_mse,strong,11.681447580445774,15.0,0.0,0.6,0.023045556225922494,0.2387252210080968,2.0,0.006119353594885553
453945,control_aware_rank,nominal,0.0027378098403899403,500.0,1.0,0.84,5.0270968783447525e-05,0.0019642673645511024,1.0,1.6747499796597454e-05
453945,control_aware_rank,moderate,0.07659388428401502,500.0,1.0,0.726,0.00192433069054731,0.010138833494665402,3.0,0.0009734276537688711
453945,control_aware_rank,strong,11.15310466866472,37.0,0.0,0.7837837837837838,0.00974341733956064,0.06771776619423805,3.0,4.94058319343326e-05
533869,noise_aware_mse,nominal,9.555314955944661,104.0,0.0,0.5480769230769231,0.0070633510773293155,0.05033068622841363,0.0,0.012201131985303433
533869,noise_aware_mse,moderate,11.10926135467693,40.0,0.0,0.65,0.0742067476082692,0.23470337590725912,0.0,0.011958512511432418
533869,noise_aware_mse,strong,10.413544585119803,69.0,0.0,0.5797101449275363,0.0104334136608024,0.03750939834963215,0.0,0.012118686707024755
533869,control_aware_rank,nominal,0.001773513637373903,500.0,1.0,0.848,7.69419187936328e-05,0.001866416680025595,2.0,0.0024658839114350926
533869,control_aware_rank,moderate,0.003642278618871291,500.0,1.0,0.792,0.0001481650818793036,0.0026078098177338706,9.0,0.0004883220364551993
533869,control_aware_rank,strong,0.07836844412235018,499.0,0.0,0.779559118236473,0.0011739616666236203,0.011782711378884127,13.0,0.0013843163974876192
756981,noise_aware_mse,nominal,5.86028930045014,262.0,0.0,0.6259541984732825,0.015829470746802483,0.040686288532302904,0.0,0.01401583250698929
756981,noise_aware_mse,moderate,11.408293056694388,27.0,0.0,0.5555555555555556,0.02159799081220393,0.20239894614241788,0.0,0.012675780523764314
756981,noise_aware_mse,strong,11.401903360720725,27.0,0.0,0.48148148148148145,0.07151727512991658,0.10735332793647173,0.0,0.011711023271815453
756981,control_aware_rank,nominal,0.0018386663480509167,500.0,1.0,0.9,5.160261799344987e-05,0.0021562330394544827,2.0,0.0028455374078606745
756981,control_aware_rank,moderate,8.806905765682787,136.0,0.0,0.7058823529411765,0.0038964921329509815,0.05629685443042996,2.0,0.002502208132049195
756981,control_aware_rank,strong,0.08090264683996982,500.0,1.0,0.78,0.00167233296155574,0.014559936687123376,2.0,0.002139343470109859
498487,noise_aware_mse,nominal,6.393617071034771,240.0,0.0,0.6,0.017784639686735958,0.05692991945037966,1.0,0.002727294636050334
498487,noise_aware_mse,moderate,10.131211847947311,83.0,0.0,0.6867469879518072,0.012032782084785578,0.1565137523116499,0.0,0.008371365444313977
498487,noise_aware_mse,strong,11.635294273110402,17.0,0.0,0.47058823529411764,0.0935500129746388,0.21475144177277486,0.0,0.00835150776058369
498487,control_aware_rank,nominal,0.004220757532179798,500.0,1.0,0.758,0.00017415986362578765,0.002746923038261554,1.0,0.002727294636050334
498487,control_aware_rank,moderate,0.003980754613520887,500.0,1.0,0.826,0.00011998755600438801,0.0026729985973063222,1.0,0.0023660120642267947
498487,control_aware_rank,strong,0.11499625936459691,500.0,1.0,0.728,0.0025403259993081653,0.01365980461970939,1.0,0.0026257258611513366
657306,noise_aware_mse,nominal,3.614385538447584,361.0,0.0,0.5983379501385041,0.017448840700995734,0.0588893719909233,2.0,0.0062682244283765315
657306,noise_aware_mse,moderate,10.149701116240886,80.0,0.0,0.5375,0.0611487010823241,0.1298277284017643,1.0,0.0204894710263029
657306,noise_aware_mse,strong,10.515468089704294,64.0,0.0,0.578125,0.018958580902530275,0.06256224424629542,1.0,0.023343755683459318
657306,control_aware_rank,nominal,0.13454971685942435,500.0,1.0,0.634,0.004107284715221423,0.016573781635720486,2.0,0.0062682244283765315
657306,control_aware_rank,moderate,8.53388081990351,147.0,0.0,0.6394557823129252,0.013092889439350539,0.05394688263968085,3.0,0.0001629793638748822
657306,control_aware_rank,strong,7.242113324024899,205.0,0.0,0.6780487804878049,0.017488163408954392,0.11998486656661457,3.0,0.0010001756827704641
603892,noise_aware_mse,nominal,6.685466624897815,228.0,0.0,0.5877192982456141,0.013936222735981272,0.04346442120660798,3.0,0.0007431334793056472
603892,noise_aware_mse,moderate,8.617117306477791,145.0,0.0,0.6,0.023847799865841363,0.057683624641534044,3.0,0.003362344695424173
603892,noise_aware_mse,strong,11.422267871929431,26.0,0.0,0.5769230769230769,0.02803407145654922,0.15384097005907,3.0,0.004410813863373553
603892,control_aware_rank,nominal,0.005897805792722165,500.0,1.0,0.828,0.00016305177713689628,0.002275108392762382,2.0,0.00604741616286969
603892,control_aware_rank,moderate,0.007542234971360069,500.0,1.0,0.83,0.00018946694859342528,0.0029688259627135252,3.0,0.003362344695424173
603892,control_aware_rank,strong,2.139943846985137,414.0,0.0,0.7608695652173914,0.0077730634245028705,0.018090712536124445,3.0,0.004410813863373553
902363,noise_aware_mse,nominal,6.35943063479337,243.0,0.0,0.5802469135802469,0.018802623734806977,0.07252880633215145,0.0,0.017346990839464657
902363,noise_aware_mse,moderate,1.2148121715004112,461.0,0.0,0.6399132321041214,0.008106023612226202,0.08168611761519491,0.0,0.013563411952209323
902363,noise_aware_mse,strong,9.80126162507336,95.0,0.0,0.5894736842105263,0.03319912625040786,0.1158405445585021,0.0,0.01068756544561578
902363,control_aware_rank,nominal,8.746037315828,139.0,0.0,0.5323741007194245,0.02641288724711031,0.07676630937168835,1.0,0.009469593336707063
902363,control_aware_rank,moderate,0.05717465811594235,500.0,1.0,0.722,0.0015579757008701495,0.007662947403019082,1.0,0.010979780164954156
902363,control_aware_rank,strong,8.054105372732163,167.0,0.0,0.6946107784431138,0.018647504539415174,0.036730892308240615,1.0,0.011971914563044424
276915,noise_aware_mse,nominal,0.3277012617938954,500.0,1.0,0.612,0.008190741908630568,0.031788956732858004,4.0,0.00388690775814169
276915,noise_aware_mse,moderate,9.342784475266708,114.0,0.0,0.5614035087719298,0.021359073588119497,0.05430169862722321,2.0,0.0012635690541969028
276915,noise_aware_mse,strong,10.16803846269268,79.0,0.0,0.5443037974683544,0.015682383609525535,0.09769145985985032,0.0,0.0006400828686958012
276915,control_aware_rank,nominal,0.003249384738433158,500.0,1.0,0.788,0.00014344593026496895,0.0025702676209831197,3.0,0.0013837107174509596
276915,control_aware_rank,moderate,9.500758241051198,106.0,0.0,0.7358490566037735,0.00689317488717486,0.027174881256043056,0.0,0.0006125812601179177
276915,control_aware_rank,strong,9.14285725799402,123.0,0.0,0.6585365853658537,0.030913616008393846,0.05608402686113302,1.0,0.0020191748119868895
867013,noise_aware_mse,nominal,1.3098519370366657,460.0,0.0,0.6,0.014681544668245205,0.08443529492136859,0.0,0.01584645989452325
867013,noise_aware_mse,moderate,10.174947574351997,79.0,0.0,0.6075949367088608,0.01726712230808339,0.06756125600450612,0.0,0.012443682014034112
867013,noise_aware_mse,strong,10.132195894327797,81.0,0.0,0.5555555555555556,0.015978078485867506,0.057077197476726765,0.0,0.00991522667528138
867013,control_aware_rank,nominal,0.0026391714583201093,500.0,1.0,0.882,4.337185370750536e-05,0.0019169330147560159,2.0,0.004190645267524728
867013,control_aware_rank,moderate,0.007474851364731429,500.0,1.0,0.806,0.0002441904129142429,0.0031597519694339577,2.0,0.005846343943404608
867013,control_aware_rank,strong,0.065473634650587,500.0,1.0,0.746,0.001630168260688303,0.013902539879517322,14.0,0.0014828432691987026
855243,noise_aware_mse,nominal,8.706167538687957,140.0,0.0,0.5714285714285714,0.005187690883489379,0.03653798113949713,1.0,0.0026549512814318735
855243,noise_aware_mse,moderate,9.941469797372177,90.0,0.0,0.6222222222222222,0.011753796624279604,0.13583485492873035,0.0,0.012571377560212482
855243,noise_aware_mse,strong,9.985282018616584,87.0,0.0,0.6091954022988506,0.011823774580484456,0.05838587679864465,0.0,0.016789072743640575
855243,control_aware_rank,nominal,0.006486588028575983,500.0,1.0,0.802,0.00015037285240840514,0.0028356532039624707,1.0,0.0026549512814318735
855243,control_aware_rank,moderate,0.04961774706909868,500.0,1.0,0.784,0.0009232063696240242,0.006830363895958264,0.0,0.012571377560212482
855243,control_aware_rank,strong,1.4313545214575545,445.0,0.0,0.7617977528089888,0.0024300990564149957,0.026852956993399076,0.0,0.016789072743640575
961172,noise_aware_mse,nominal,3.922722133018996,346.0,0.0,0.5751445086705202,0.011079561872308847,0.04049124444515836,0.0,0.009762196824996445
961172,noise_aware_mse,moderate,6.327585453848409,241.0,0.0,0.5933609958506224,0.01814486404349257,0.04898531556605608,0.0,0.008053397237699843
961172,noise_aware_mse,strong,7.748468122634048,181.0,0.0,0.6298342541436464,0.01263635872730098,0.030746890210319268,0.0,0.007254324735471331
961172,control_aware_rank,nominal,0.0016907860693872072,500.0,1.0,0.82,8.372332590000681e-05,0.001702653063981519,2.0,0.0012263617263121186
961172,control_aware_rank,moderate,0.0033516961653009994,500.0,1.0,0.796,0.00014488114339439122,0.0021594880938652574,5.0,4.27363742806562e-05
961172,control_aware_rank,strong,0.05764304063500572,500.0,1.0,0.76,0.00150862023116345,0.008768421279479053,3.0,0.0017629739368010856
567041,noise_aware_mse,nominal,10.301092770444516,75.0,0.0,0.6133333333333333,0.014869423433716174,0.06870743399603949,2.0,0.0033866632698926376
567041,noise_aware_mse,moderate,0.16619855559557709,500.0,1.0,0.68,0.004640740523658691,0.01953750931251232,0.0,0.012950971249908929
567041,noise_aware_mse,strong,8.394578400987847,155.0,0.0,0.6064516129032258,0.02164956820293706,0.06900704858585045,0.0,0.011153190438310305
567041,control_aware_rank,nominal,0.002266364036098222,500.0,1.0,0.772,0.0001286051691290321,0.0021634398389897584,2.0,0.0033866632698926376
567041,control_aware_rank,moderate,0.005947899241615402,500.0,1.0,0.86,0.00010321034636550721,0.003706612329032705,2.0,0.0008521970378049977
567041,control_aware_rank,strong,7.858850787243122,179.0,0.0,0.6703910614525139,0.011695471181303695,0.08078428930696391,3.0,0.0032561485649532443
