seed,method,condition,mean_D,p95_D,viability_occupancy,severe_fraction,action_agreement,cumulative_task
3389111171,boundary_aware,moderate,0.02346705810392,0.0540947238003623,0.925,0.0,0.5375,190.95609844926105
3389111171,boundary_aware,strong,0.0311246255521265,0.0763062765198934,0.8125,0.0,0.44,190.891482563096
3389111171,robust_control_aware,moderate,0.0185774831590881,0.0348819216755745,0.99,0.0,0.6,191.62408006675716
3389111171,robust_control_aware,strong,0.0246302764623658,0.0609365987027478,0.91,0.0,0.4975,189.6060820619993
3084139821,boundary_aware,moderate,0.0221459901685087,0.0519156033091735,0.9375,0.0,0.525,197.07080129411932
3084139821,boundary_aware,strong,0.0338664476238832,0.0844039866277819,0.8075,0.0,0.44,193.99121483223857
3084139821,robust_control_aware,moderate,0.0187766691420442,0.035315341901952,0.9825,0.0,0.6,194.9504509349312
3084139821,robust_control_aware,strong,0.0327119125683963,0.1016377024564655,0.8025,0.0025,0.51,189.66662785767863
2042987557,boundary_aware,moderate,0.0241743937277083,0.0560039062806924,0.9225,0.0,0.5725,189.1322462018448
2042987557,boundary_aware,strong,0.0253287960790194,0.0615024111783993,0.9125,0.0,0.54,182.4612248017956
2042987557,robust_control_aware,moderate,0.0195305603624225,0.0393068471120289,0.9675,0.0,0.62,183.8580165278013
2042987557,robust_control_aware,strong,0.0219195709082518,0.0515652823302887,0.9475,0.0,0.5825,183.2955757121589
3002971205,boundary_aware,moderate,0.0229963832572083,0.0531516238675969,0.93,0.0,0.515,194.5941291628726
3002971205,boundary_aware,strong,0.0278481561145785,0.0685413422226572,0.865,0.0,0.4575,193.0367000446876
3002971205,robust_control_aware,moderate,0.0180204600577145,0.0368265111460086,0.9825,0.0,0.6025,189.7891823881214
3002971205,robust_control_aware,strong,0.0175881451136159,0.0402087964859025,0.9875,0.0,0.5325,190.2001104547105
4027510005,boundary_aware,moderate,0.0246010603494107,0.058169160225766,0.92,0.0,0.505,196.33915119157257
4027510005,boundary_aware,strong,0.038198300240501,0.0950710546062024,0.7375,0.0025,0.4375,190.46756571315356
4027510005,robust_control_aware,moderate,0.0190846127363589,0.0387124289639371,0.9725,0.0,0.6075,192.41418395494293
4027510005,robust_control_aware,strong,0.026462995606675,0.0737744904305367,0.8975,0.0025,0.5275,192.0116704516127
2672624958,boundary_aware,moderate,0.0244984019449235,0.0594100432189558,0.93,0.0,0.53,194.02290888838712
2672624958,boundary_aware,strong,0.041560863165682,0.0960186736739529,0.7025,0.0,0.4225,197.60534756309767
2672624958,robust_control_aware,moderate,0.019522858947767,0.0390286992420511,0.985,0.0,0.6075,192.59951571731887
2672624958,robust_control_aware,strong,0.0299694354098752,0.0908987820457336,0.84,0.0,0.515,192.7767780055555
2738655513,boundary_aware,moderate,0.0223196610722604,0.0522405369596754,0.9375,0.0,0.5575,190.814650524324
2738655513,boundary_aware,strong,0.0358952882689084,0.0919358788829018,0.7725,0.0,0.4775,188.0231082674077
2738655513,robust_control_aware,moderate,0.0190322388003011,0.0401916971427668,0.98,0.0,0.6025,188.17218363152503
2738655513,robust_control_aware,strong,0.0259210666479674,0.0738510552682207,0.9,0.0025,0.53,193.04239456091517
829092966,boundary_aware,moderate,0.0227271162294546,0.0487425074052472,0.96,0.0,0.565,194.0614273537006
829092966,boundary_aware,strong,0.0310309334747134,0.0763205122331473,0.8325,0.0,0.4625,187.23707912188237
829092966,robust_control_aware,moderate,0.0191464979575869,0.0389395110155866,0.975,0.0,0.595,189.94918809440657
829092966,robust_control_aware,strong,0.0303277840360564,0.0906085833077346,0.8525,0.0,0.5275,186.90431897177237
2633362063,boundary_aware,moderate,0.0221468648475313,0.0514683353540758,0.945,0.0,0.4975,188.01979256091315
2633362063,boundary_aware,strong,0.0276706603068179,0.0730442105763486,0.88,0.0,0.4575,185.67013214143927
2633362063,robust_control_aware,moderate,0.0186556595038437,0.0380470057386415,0.985,0.0,0.63,187.41769113333385
2633362063,robust_control_aware,strong,0.0218658952638168,0.0524694564266227,0.9425,0.0,0.5825,187.396735672287
962559107,boundary_aware,moderate,0.0234898409260408,0.050398591937405,0.945,0.0,0.54,196.7723664446781
962559107,boundary_aware,strong,0.035120833982657,0.0893063417065868,0.7525,0.0,0.4375,189.22300782583343
962559107,robust_control_aware,moderate,0.0187754715808884,0.036251611136252,0.99,0.0,0.575,191.8726835384253
962559107,robust_control_aware,strong,0.0252065519458527,0.0673816517483887,0.885,0.0,0.5275,192.59232148899548
1093805409,boundary_aware,moderate,0.0225752759994007,0.0546777633740461,0.935,0.0,0.54,198.40536505080792
1093805409,boundary_aware,strong,0.0327615004409368,0.0748298442147726,0.8225,0.0,0.4625,194.22066349624515
1093805409,robust_control_aware,moderate,0.0187046377305657,0.0344612044180162,0.9775,0.0,0.61,194.80156940366828
1093805409,robust_control_aware,strong,0.019644560505817,0.0443419262505633,0.9625,0.0,0.5575,193.8671905052077
962587854,boundary_aware,moderate,0.019249902766992,0.0466575412781879,0.9625,0.0,0.5075,193.28361336932016
962587854,boundary_aware,strong,0.0173668663758756,0.0443064595153346,0.9775,0.0,0.48,186.5375022436224
962587854,robust_control_aware,moderate,0.0175777100753478,0.0344777000184044,0.9825,0.0,0.5525,190.3457027402304
962587854,robust_control_aware,strong,0.0164826744709088,0.0358630386810569,0.985,0.0,0.5,192.22395360301985
860894674,boundary_aware,moderate,0.0216215529631013,0.0497685154085627,0.95,0.0,0.5325,194.2844532632779
860894674,boundary_aware,strong,0.0276339005930944,0.0686347667597136,0.87,0.0,0.4575,191.5751791828132
860894674,robust_control_aware,moderate,0.018631888704454,0.0358157792115103,0.9875,0.0,0.5825,189.18878956409628
860894674,robust_control_aware,strong,0.0189027474598146,0.042941332455041,0.97,0.0,0.5025,191.67422736314776
3655813037,boundary_aware,moderate,0.0206445927268601,0.0460211227769326,0.96,0.0,0.52,197.083917856204
3655813037,boundary_aware,strong,0.0254873263270596,0.0613948074550101,0.89,0.0,0.445,197.4802154993365
3655813037,robust_control_aware,moderate,0.016832032022579,0.0328581200113451,0.995,0.0,0.58,192.4652688577288
3655813037,robust_control_aware,strong,0.0172438986996158,0.0377953434642804,0.9775,0.0,0.5375,196.7492067948068
3584847826,boundary_aware,moderate,0.0229891431630399,0.0532543044078455,0.935,0.0,0.5225,192.0534170815611
3584847826,boundary_aware,strong,0.0341785795593307,0.0837929069416364,0.8125,0.0,0.455,189.50045446706343
3584847826,robust_control_aware,moderate,0.0199689135178573,0.0446875488974391,0.9625,0.0,0.5625,189.61596880245256
3584847826,robust_control_aware,strong,0.0293095681461254,0.080803055139394,0.8675,0.0,0.5075,194.1670935051797
3191201105,boundary_aware,moderate,0.0201621486650281,0.0445833354864599,0.9675,0.0,0.5225,198.3089049392593
3191201105,boundary_aware,strong,0.0248232107750583,0.0599767173318521,0.92,0.0,0.49,193.20016558165932
3191201105,robust_control_aware,moderate,0.0181288943492327,0.0366739424290339,0.975,0.0,0.605,192.8648516209273
3191201105,robust_control_aware,strong,0.0211035369593522,0.0496901981459191,0.9525,0.0,0.5375,194.77317692059347
2911101028,boundary_aware,moderate,0.0213569512636733,0.0475615867138435,0.965,0.0,0.5125,189.5423116498008
2911101028,boundary_aware,strong,0.0305828734048433,0.0712916877565451,0.84,0.0,0.445,187.14911340750257
2911101028,robust_control_aware,moderate,0.0192891177138765,0.0389909773167029,0.9775,0.0,0.6275,188.6955154495836
2911101028,robust_control_aware,strong,0.0286513261748171,0.0791051438065376,0.86,0.0,0.545,185.0358583589872
1310972635,boundary_aware,moderate,0.0213489508250033,0.0510843094938066,0.94,0.0,0.5425,190.1970823540349
1310972635,boundary_aware,strong,0.0270464848058256,0.0678896755677101,0.8675,0.0,0.485,188.6759554233406
1310972635,robust_control_aware,moderate,0.0177065148450628,0.0354552266828358,0.985,0.0,0.6125,192.0426772448461
1310972635,robust_control_aware,strong,0.0196698862192885,0.0491901220641523,0.9525,0.0,0.5475,191.2151030677148
3628597686,boundary_aware,moderate,0.0225238234848393,0.0525529620632326,0.94,0.0,0.475,190.4648756181071
3628597686,boundary_aware,strong,0.0284229820931325,0.0693200324728781,0.8575,0.0,0.46,191.62404890162324
3628597686,robust_control_aware,moderate,0.0194632665237492,0.0379532422436344,0.9775,0.0,0.5625,189.491252459098
3628597686,robust_control_aware,strong,0.0202839232999485,0.0461932602588611,0.9625,0.0,0.5275,189.4047625388748
3381601262,boundary_aware,moderate,0.0205098919239063,0.0465093944692693,0.9575,0.0,0.535,188.0443267583003
3381601262,boundary_aware,strong,0.0224311124162808,0.0529538187603735,0.9375,0.0,0.45,183.1987828382641
3381601262,robust_control_aware,moderate,0.0184881955068792,0.0359596439259865,0.985,0.0,0.625,192.50535323397145
3381601262,robust_control_aware,strong,0.0180583554263656,0.0399085542328223,0.9725,0.0,0.54,185.86289282855532
3092867210,boundary_aware,moderate,0.0228224973924144,0.0503728284000294,0.9475,0.0,0.5175,194.85740460462944
3092867210,boundary_aware,strong,0.031923438773441,0.0748664879634879,0.8275,0.0025,0.47,193.0037316139756
3092867210,robust_control_aware,moderate,0.018533080927999,0.0377992887625398,0.9775,0.0,0.585,188.4702456988733
3092867210,robust_control_aware,strong,0.0198066044111178,0.0456227794865533,0.96,0.0,0.5075,192.9019656019776
2622879300,boundary_aware,moderate,0.0236622528183812,0.0533911710218716,0.9325,0.0,0.52,191.16573671930647
2622879300,boundary_aware,strong,0.0311412740787581,0.07822257930691,0.8075,0.0,0.485,187.97640478666816
2622879300,robust_control_aware,moderate,0.0200449527722329,0.041113260349829,0.97,0.0,0.625,186.6719109626989
2622879300,robust_control_aware,strong,0.024056060455369,0.0629315379143079,0.9175,0.0,0.5675,191.84258743385945
2937656991,boundary_aware,moderate,0.0219028569523537,0.0508290090450737,0.9475,0.0,0.5325,194.8289159338546
2937656991,boundary_aware,strong,0.0272968520493438,0.0629596709499416,0.8725,0.0,0.4825,188.25930700794228
2937656991,robust_control_aware,moderate,0.0181750114379014,0.0370688250238258,0.98,0.0,0.55,191.96541584863115
2937656991,robust_control_aware,strong,0.021719669019069,0.0519032058092712,0.9425,0.0,0.5,191.53889405630724
1872448827,boundary_aware,moderate,0.0212905467249812,0.0503901211914913,0.9475,0.0,0.485,192.0442545724944
1872448827,boundary_aware,strong,0.0224966963626638,0.0544096481204439,0.925,0.0,0.5,189.06801380053145
1872448827,robust_control_aware,moderate,0.0177951274270974,0.034906662622789,0.99,0.0,0.585,191.74078234956067
1872448827,robust_control_aware,strong,0.017243784918313,0.0397910385282211,0.985,0.0,0.56,188.30386722140244
2027309548,boundary_aware,moderate,0.0229447997169383,0.0527704750165095,0.9375,0.0,0.51,189.71837242597115
2027309548,boundary_aware,strong,0.0310030788368901,0.0714101841404915,0.835,0.0,0.4525,184.2480852052532
2027309548,robust_control_aware,moderate,0.0188524688779141,0.0370763624074947,0.9775,0.0,0.605,187.8465473417183
2027309548,robust_control_aware,strong,0.0204217442161253,0.0494221546711812,0.95,0.0,0.565,189.9723274418513
2136321268,boundary_aware,moderate,0.0224147955382282,0.0539247111741629,0.935,0.0,0.525,190.795283818284
2136321268,boundary_aware,strong,0.0248798372436763,0.0642547605809019,0.8975,0.0,0.51,187.6866568520932
2136321268,robust_control_aware,moderate,0.0197543609240784,0.0424741508300974,0.9625,0.0,0.66,188.9657896082801
2136321268,robust_control_aware,strong,0.0190618841159287,0.0449856704552896,0.965,0.0,0.575,190.80898540306475
3252490845,boundary_aware,moderate,0.0194001835107638,0.0450860063489633,0.96,0.0,0.515,194.90605969091135
3252490845,boundary_aware,strong,0.0183834841986432,0.0469949222683911,0.9625,0.0,0.51,191.79165682552195
3252490845,robust_control_aware,moderate,0.0189517406855627,0.0358493481389582,0.975,0.0,0.5775,195.73168057631895
3252490845,robust_control_aware,strong,0.0175979753191428,0.0401315389380848,0.965,0.0,0.5625,191.9479641907422
3692477288,boundary_aware,moderate,0.0208278459113552,0.0480340948732045,0.955,0.0,0.5025,186.6690052356733
3692477288,boundary_aware,strong,0.0258014406735097,0.0597533384267093,0.8875,0.0,0.445,182.81661777806528
3692477288,robust_control_aware,moderate,0.0198054308252609,0.0391470635965133,0.9725,0.0,0.61,184.43400662033503
3692477288,robust_control_aware,strong,0.0305145946636763,0.0853799648914482,0.8325,0.0,0.47,186.17239424915863
72726709,boundary_aware,moderate,0.0232944604870481,0.0543974517082741,0.9225,0.0,0.505,191.38439147109676
72726709,boundary_aware,strong,0.0289155726472223,0.0723145521649956,0.8475,0.0,0.4875,188.49471207959567
72726709,robust_control_aware,moderate,0.018951325135054,0.0404002100100102,0.9775,0.0,0.5675,190.7281513893224
72726709,robust_control_aware,strong,0.0253701019917887,0.0629421145778829,0.8975,0.0,0.5075,189.25608147349504
263809025,boundary_aware,moderate,0.0250421999429863,0.0567579079912044,0.915,0.0,0.505,193.71876654771276
263809025,boundary_aware,strong,0.0425902606016554,0.0975834663738383,0.68,0.0,0.425,192.87020681279853
263809025,robust_control_aware,moderate,0.0194174248750165,0.0360681842321883,0.9725,0.0,0.5075,187.7758247402195
263809025,robust_control_aware,strong,0.0248009831433213,0.062558387869627,0.915,0.0,0.505,193.07419248562564
388266878,boundary_aware,moderate,0.0207289420427855,0.0509578590935896,0.9475,0.0,0.53,187.81306663714636
388266878,boundary_aware,strong,0.021973068825739,0.0561792902159342,0.94,0.0,0.48,185.855529375311
388266878,robust_control_aware,moderate,0.0179129466099685,0.0363203394730084,0.9875,0.0,0.6225,185.82753430905527
388266878,robust_control_aware,strong,0.0148224502115635,0.0328366870606568,0.9875,0.0,0.5675,182.5844732643648
3805909048,boundary_aware,moderate,0.0221584754563538,0.0538460619232606,0.94,0.0,0.5375,197.17026872402857
3805909048,boundary_aware,strong,0.0292234424204287,0.0685538820983317,0.86,0.0,0.45,193.75945405096056
3805909048,robust_control_aware,moderate,0.0181530903383527,0.0363993486210019,0.99,0.0,0.6375,193.76175918235003
3805909048,robust_control_aware,strong,0.0230131177865338,0.0622120529380971,0.915,0.0,0.5625,192.64932743984383
3006661105,boundary_aware,moderate,0.0211360994295679,0.0480226633384772,0.96,0.0,0.4925,192.67999538385965
3006661105,boundary_aware,strong,0.0233762898206916,0.0612323197230664,0.9075,0.0,0.4625,187.4141250880259
3006661105,robust_control_aware,moderate,0.0179375622311673,0.0372642208133459,0.9875,0.0,0.61,190.76911614264253
3006661105,robust_control_aware,strong,0.0190846088266733,0.0459502425242951,0.9575,0.0,0.5425,190.586181963998
2400255462,boundary_aware,moderate,0.024517687788544,0.0561770427451411,0.9175,0.0,0.505,187.84165300232684
2400255462,boundary_aware,strong,0.040152074990606,0.0960527405915183,0.72,0.0025,0.4325,187.63662972367047
2400255462,robust_control_aware,moderate,0.0195648531107951,0.0400124563971991,0.9775,0.0,0.615,184.3426708017905
2400255462,robust_control_aware,strong,0.0264755223370951,0.0673124254487034,0.8975,0.0,0.4975,187.6377215923548
1592815009,boundary_aware,moderate,0.0206882352053306,0.0492250343163056,0.9525,0.0,0.5225,197.5786739014541
1592815009,boundary_aware,strong,0.0246507004890794,0.0568479292871121,0.915,0.0,0.435,197.96613789902037
1592815009,robust_control_aware,moderate,0.0179921576659414,0.0361468195958326,0.99,0.0,0.5825,195.6325227145461
1592815009,robust_control_aware,strong,0.0166151937020929,0.037006576711379,0.9925,0.0,0.51,194.80498641016231
616946658,boundary_aware,moderate,0.0206559532560254,0.0448499953670779,0.9625,0.0,0.5675,188.60357512100495
616946658,boundary_aware,strong,0.0259355908784207,0.0601726672102262,0.8975,0.0,0.4975,184.3826879890105
616946658,robust_control_aware,moderate,0.0193721286452561,0.0372046550793612,0.98,0.0,0.5875,186.58128534533907
616946658,robust_control_aware,strong,0.0224331585682374,0.0577630279760597,0.93,0.0,0.5575,184.21524944518404
4125253457,boundary_aware,moderate,0.0275702600892784,0.0643926680810884,0.87,0.0,0.455,188.66935280578167
4125253457,boundary_aware,strong,0.0514747939881924,0.1239676044753176,0.5775,0.0025,0.4175,188.51560572437532
4125253457,robust_control_aware,moderate,0.0203134255215532,0.041447743692141,0.9775,0.0,0.645,188.51996435807104
4125253457,robust_control_aware,strong,0.0575971655027899,0.1470120721229803,0.55,0.0025,0.45,185.3387122963952
1894299039,boundary_aware,moderate,0.0225816959844037,0.049517752223147,0.955,0.0,0.49,192.57149745261736
1894299039,boundary_aware,strong,0.0304884972742632,0.070618732933561,0.8325,0.0,0.435,186.07692770607343
1894299039,robust_control_aware,moderate,0.0180081402287031,0.0343318831947177,0.985,0.0,0.6,188.73178246834155
1894299039,robust_control_aware,strong,0.0240144017635147,0.0614277997630682,0.9225,0.0,0.525,189.523337463638
1826657357,boundary_aware,moderate,0.0229526281074663,0.0548625807055077,0.935,0.0,0.4725,191.9512336813248
1826657357,boundary_aware,strong,0.0298865721929533,0.0701013533138106,0.82,0.0,0.4325,190.6501552763681
1826657357,robust_control_aware,moderate,0.0187612931395996,0.037393846323143,0.9775,0.0,0.6375,190.8679983258085
1826657357,robust_control_aware,strong,0.021991046141243,0.0519893575919019,0.94,0.0,0.53,195.3875641455428
3869760332,boundary_aware,moderate,0.0231569452322447,0.0517623781579499,0.9375,0.0,0.53,181.443997508219
3869760332,boundary_aware,strong,0.0259988654601207,0.0625457856409819,0.8775,0.0,0.4475,178.9878625457853
3869760332,robust_control_aware,moderate,0.0188932471378561,0.0398464760885808,0.9775,0.0,0.585,175.57748898240166
3869760332,robust_control_aware,strong,0.0191170303829519,0.0430138557456617,0.9575,0.0,0.5275,178.1246860073283
3942096291,boundary_aware,moderate,0.0228217513028532,0.0539225225762154,0.9375,0.0,0.5625,190.7346947467443
3942096291,boundary_aware,strong,0.0289795483505218,0.0719998564195884,0.855,0.0,0.5025,189.2216486679405
3942096291,robust_control_aware,moderate,0.0182535782490038,0.0357930159226648,0.9825,0.0,0.5775,188.73261532851427
3942096291,robust_control_aware,strong,0.0201130111819973,0.0505936022384916,0.9475,0.0,0.5125,188.11957346867092
4196962272,boundary_aware,moderate,0.02201269117892,0.0508895606043517,0.9475,0.0,0.53,191.53668050736744
4196962272,boundary_aware,strong,0.0278040642899925,0.0660679139416807,0.89,0.0,0.4525,190.23599714067424
4196962272,robust_control_aware,moderate,0.0182987244311822,0.0366107973052309,0.9825,0.0,0.585,187.56175126816944
4196962272,robust_control_aware,strong,0.0193771620181856,0.0473932809336889,0.9525,0.0,0.555,189.14767739040664
650737436,boundary_aware,moderate,0.0210032707903977,0.0473616493588775,0.955,0.0,0.505,194.8076553927949
650737436,boundary_aware,strong,0.0251169044614932,0.0619336615820323,0.9075,0.0,0.465,192.841711506862
650737436,robust_control_aware,moderate,0.0173656151298891,0.0337263143372167,0.9875,0.0,0.5925,191.3645804284414
650737436,robust_control_aware,strong,0.0189752990343158,0.0432068537609861,0.97,0.0,0.56,196.00568863641445
2765233509,boundary_aware,moderate,0.0248014796825323,0.0574907752449899,0.905,0.0,0.4975,185.5246736043135
2765233509,boundary_aware,strong,0.0354856617731731,0.0886007456119303,0.775,0.0,0.445,184.06090011932105
2765233509,robust_control_aware,moderate,0.0198230063714214,0.0422311583130413,0.9675,0.0,0.605,182.40537080194017
2765233509,robust_control_aware,strong,0.0257955244742792,0.0669332669748052,0.895,0.0,0.5725,185.1753004180872
2648460118,boundary_aware,moderate,0.0246635842981861,0.0566785350491708,0.9225,0.0,0.5375,188.4267076824733
2648460118,boundary_aware,strong,0.037579275251432,0.0878252522040102,0.7475,0.0,0.435,187.879941265347
2648460118,robust_control_aware,moderate,0.0201204930989115,0.0414541912190059,0.975,0.0,0.63,188.58747549148217
2648460118,robust_control_aware,strong,0.0288080279155557,0.0813320183140699,0.86,0.0,0.5225,186.5481864008148
2721002355,boundary_aware,moderate,0.0235193513057386,0.0518859522782327,0.93,0.0,0.5375,190.9354483452986
2721002355,boundary_aware,strong,0.0280283242085463,0.0659376301565491,0.88,0.0,0.4775,187.77135881289115
2721002355,robust_control_aware,moderate,0.0195069483708572,0.0386497859234336,0.9725,0.0,0.6275,191.16996004135893
2721002355,robust_control_aware,strong,0.0227255805386999,0.0537503344836848,0.9275,0.0,0.5375,190.3251815589282
1443607338,boundary_aware,moderate,0.0232212647972166,0.0557322772076688,0.935,0.0,0.5425,193.67346617316804
1443607338,boundary_aware,strong,0.0328929319178047,0.0818743529031513,0.7975,0.0,0.47,191.85179856191309
1443607338,robust_control_aware,moderate,0.0188106657531505,0.034702074783359,0.9825,0.0,0.59,189.39467847387493
1443607338,robust_control_aware,strong,0.0198237149842715,0.0434291187100037,0.9675,0.0,0.545,191.41652491285717
3718361383,boundary_aware,moderate,0.0192820429102804,0.0432635097281505,0.98,0.0,0.5225,192.8649728507692
3718361383,boundary_aware,strong,0.0200087307146236,0.048288105073967,0.9575,0.0,0.4775,189.3360440947061
3718361383,robust_control_aware,moderate,0.0182197201331925,0.0368997739135154,0.9875,0.0,0.6175,191.65508823995063
3718361383,robust_control_aware,strong,0.0176756551914058,0.0367871856676526,0.9875,0.0,0.5375,191.32065317135937
2813098644,boundary_aware,moderate,0.0235056509987855,0.053684492717079,0.935,0.0,0.52,192.7050488141948
2813098644,boundary_aware,strong,0.0326943092350743,0.0766253705979478,0.815,0.0,0.4575,188.58850588571025
2813098644,robust_control_aware,moderate,0.020743772798596,0.0431405060286283,0.96,0.0,0.5775,188.40525146124392
2813098644,robust_control_aware,strong,0.0362298786584971,0.1002898861366337,0.765,0.0,0.5125,192.71086121248263
4226629241,boundary_aware,moderate,0.0224897006993789,0.0531934567890469,0.94,0.0,0.5475,188.8709171457167
4226629241,boundary_aware,strong,0.0289339742220178,0.0727626768703439,0.8575,0.0,0.46,183.3245620443837
4226629241,robust_control_aware,moderate,0.0205204854725968,0.0411424886389474,0.975,0.0,0.62,185.55898346604013
4226629241,robust_control_aware,strong,0.0393639257840614,0.1172771604881982,0.7475,0.0,0.48,187.27248710600315
1180688000,boundary_aware,moderate,0.0254385324948972,0.0578427439104988,0.9225,0.0,0.485,192.203137718303
1180688000,boundary_aware,strong,0.0336599109388847,0.0769096842743034,0.8025,0.0,0.43,186.97035953087908
1180688000,robust_control_aware,moderate,0.0180512317358865,0.0382250616678219,0.975,0.0,0.585,183.95081308595425
1180688000,robust_control_aware,strong,0.0196245533324028,0.0449291177729921,0.9625,0.0,0.5475,187.58179883235408
2121584357,boundary_aware,moderate,0.0227215563504053,0.0538699031688128,0.9275,0.0,0.5225,195.2286567715824
2121584357,boundary_aware,strong,0.0293009726342392,0.0706485561869287,0.8375,0.0,0.4625,189.88563562325265
2121584357,robust_control_aware,moderate,0.0184385207453382,0.0371281038700015,0.9775,0.0,0.5975,192.4007959232444
2121584357,robust_control_aware,strong,0.0221331120548474,0.0540429188707884,0.9325,0.0,0.5225,192.61372533932496
724579447,boundary_aware,moderate,0.0234846542942012,0.0609029535856912,0.9125,0.0,0.5475,191.87800638071943
724579447,boundary_aware,strong,0.0282547861185224,0.069160092474766,0.8825,0.0,0.4825,186.80607893915536
724579447,robust_control_aware,moderate,0.019534220778151,0.0368158695231146,0.985,0.0,0.565,188.56368285951464
724579447,robust_control_aware,strong,0.0204435348636195,0.05436706724904,0.94,0.0,0.55,186.79264187959996
1117812916,boundary_aware,moderate,0.0218708792304802,0.0482630302380245,0.9525,0.0,0.515,195.34323500110625
1117812916,boundary_aware,strong,0.0323253063119745,0.0762357676188474,0.8125,0.0,0.42,190.2609542524042
1117812916,robust_control_aware,moderate,0.0181025242052882,0.0340081858909585,0.9925,0.0,0.6275,193.5114265580052
1117812916,robust_control_aware,strong,0.0231221115879826,0.0600232787021096,0.925,0.0,0.515,195.1103664421605
1530323167,boundary_aware,moderate,0.0235590293264952,0.0555679470544007,0.9375,0.0,0.4875,188.7358934425112
1530323167,boundary_aware,strong,0.0304039585502836,0.0811054582084315,0.825,0.0,0.4275,185.45259808826845
1530323167,robust_control_aware,moderate,0.018371500943732,0.0375333426679892,0.9775,0.0,0.6125,184.4223977493342
1530323167,robust_control_aware,strong,0.0218499431643278,0.057411569135544,0.9325,0.0,0.5575,187.07690760639343
1709400583,boundary_aware,moderate,0.0217518314577566,0.047899954363542,0.9525,0.0,0.5375,195.8095719787127
1709400583,boundary_aware,strong,0.0273808715701935,0.0632837985590245,0.87,0.0,0.4375,190.04699847038185
1709400583,robust_control_aware,moderate,0.0174299061498996,0.0348129500023037,0.995,0.0,0.5825,188.9868505794605
1709400583,robust_control_aware,strong,0.0166184147735271,0.0392079727091404,0.9825,0.0,0.55,186.75787822904272
1133912448,boundary_aware,moderate,0.0210212208852452,0.0488384185025755,0.9525,0.0,0.5425,195.8967417269685
1133912448,boundary_aware,strong,0.0274416034990987,0.0692399000584765,0.8725,0.0,0.475,188.88262747210268
1133912448,robust_control_aware,moderate,0.0176188779261322,0.033339249607264,0.985,0.0,0.58,194.2513260460383
1133912448,robust_control_aware,strong,0.0180486010959543,0.0377013530387301,0.98,0.0,0.54,195.16362006321413
3841604218,boundary_aware,moderate,0.022510742403978,0.0482624166878211,0.955,0.0,0.5175,192.73087646385792
3841604218,boundary_aware,strong,0.0350277069540783,0.0845796607738581,0.785,0.0,0.45,190.93026952368623
3841604218,robust_control_aware,moderate,0.0189932734331618,0.0366391904150967,0.9775,0.0,0.58,192.1104243335265
3841604218,robust_control_aware,strong,0.0272095267441567,0.0769120526962453,0.8875,0.0,0.5425,193.71545815043052
1476672215,boundary_aware,moderate,0.0219089535202011,0.05102377445034,0.945,0.0,0.5375,191.57378468982523
1476672215,boundary_aware,strong,0.0330538842593184,0.0806539893976269,0.805,0.0,0.4325,190.52168651019517
1476672215,robust_control_aware,moderate,0.0195485405586381,0.0396816487628621,0.9775,0.0,0.6075,192.71653030594672
1476672215,robust_control_aware,strong,0.0284226044501598,0.0839114211848245,0.8525,0.0,0.5275,191.67985171399107
884250997,boundary_aware,moderate,0.0239992936626693,0.0546355940511067,0.93,0.0,0.505,193.1010991099986
884250997,boundary_aware,strong,0.0351084437894726,0.0820683291348991,0.7625,0.0,0.4275,182.42645142634504
884250997,robust_control_aware,moderate,0.019942245829132,0.0401136877075292,0.965,0.0,0.605,187.97309971313436
884250997,robust_control_aware,strong,0.036701765359945,0.1016330073294595,0.77,0.0,0.475,185.6057705008793
1002348142,boundary_aware,moderate,0.0219815419704941,0.0531287385830393,0.9375,0.0,0.5225,188.3048698222113
1002348142,boundary_aware,strong,0.0283041664209757,0.0705800960139587,0.87,0.0,0.4725,185.21271889197672
1002348142,robust_control_aware,moderate,0.0186005265325795,0.0379124262786704,0.98,0.0,0.5675,185.69521504693824
1002348142,robust_control_aware,strong,0.019785891263485,0.0457505138420009,0.965,0.0,0.5075,183.59854468013367
1627011397,boundary_aware,moderate,0.0190192416414879,0.0470939821718342,0.9525,0.0,0.5025,189.74430031315865
1627011397,boundary_aware,strong,0.0177168666224507,0.0458501035970251,0.9575,0.0,0.505,186.94406714990168
1627011397,robust_control_aware,moderate,0.0190834426221472,0.0388693705859015,0.975,0.0,0.5875,189.30928966408072
1627011397,robust_control_aware,strong,0.0179338386297098,0.0445836365748588,0.9625,0.0,0.5275,188.01081646158215
1076126967,boundary_aware,moderate,0.0219551788369949,0.051971089570785,0.94,0.0,0.5425,193.2748110919486
1076126967,boundary_aware,strong,0.025757918380018,0.059987604172787,0.8875,0.0,0.4775,186.46160781049207
1076126967,robust_control_aware,moderate,0.0183534153184388,0.0345237150020004,0.9775,0.0,0.57,187.57718436871104
1076126967,robust_control_aware,strong,0.021140865689214,0.0532121262083205,0.9425,0.0,0.5225,188.1951955964689
923743962,boundary_aware,moderate,0.0237048029013003,0.0550271628043675,0.9275,0.0,0.515,198.34748031437493
923743962,boundary_aware,strong,0.0326038236020044,0.0798918347130066,0.8225,0.0,0.455,195.3525165450565
923743962,robust_control_aware,moderate,0.0199920469714281,0.0376920350505123,0.9775,0.0,0.595,192.4219353062728
923743962,robust_control_aware,strong,0.0265508507854804,0.0683403294396847,0.89,0.0,0.52,197.31784553780216
3894377936,boundary_aware,moderate,0.0192602627701004,0.04597282574056,0.9725,0.0,0.51,187.4644570544596
3894377936,boundary_aware,strong,0.0218960528674744,0.0561701589145926,0.9225,0.0,0.4675,182.73973458155967
3894377936,robust_control_aware,moderate,0.01703549283097,0.0324305632443114,0.9875,0.0,0.5925,184.23196377807471
3894377936,robust_control_aware,strong,0.0170457950189359,0.0367900627545659,0.975,0.0,0.51,180.24737727673897
1825409742,boundary_aware,moderate,0.0202926228626686,0.045722202075108,0.97,0.0,0.52,200.44053839652472
1825409742,boundary_aware,strong,0.0259549553721606,0.0626926786252919,0.8925,0.0,0.445,197.03953978523936
1825409742,robust_control_aware,moderate,0.018160580419126,0.0353284719436719,0.9925,0.0,0.6275,195.37977537805523
1825409742,robust_control_aware,strong,0.0177350069596976,0.0385328334429055,0.975,0.0,0.4975,192.36649264532417
907752744,boundary_aware,moderate,0.0229900889455725,0.0550374474746193,0.9275,0.0,0.525,184.11856781295515
907752744,boundary_aware,strong,0.0355874729880459,0.0887577949543325,0.7775,0.0,0.4575,181.07306969982463
907752744,robust_control_aware,moderate,0.0191976224225806,0.0389314093025101,0.965,0.0,0.6325,183.5093688865253
907752744,robust_control_aware,strong,0.0235562356262896,0.0581832566882363,0.9325,0.0,0.5075,178.3018122546109
1662780807,boundary_aware,moderate,0.0213299081788443,0.0493617111846148,0.95,0.0,0.5275,191.64697384612
1662780807,boundary_aware,strong,0.0225798091070536,0.0527130226918875,0.935,0.0,0.5075,183.35686256855217
1662780807,robust_control_aware,moderate,0.0180466187464792,0.0360858053094617,0.9875,0.0,0.6125,187.84548561972235
1662780807,robust_control_aware,strong,0.0198166474648647,0.0467338427961497,0.9575,0.0,0.5525,189.9015476874055
2121423049,boundary_aware,moderate,0.0207447270107857,0.0495912918694973,0.95,0.0,0.51,191.3673822395521
2121423049,boundary_aware,strong,0.0262595967678637,0.061193218524458,0.9,0.0,0.4825,187.6404999517881
2121423049,robust_control_aware,moderate,0.0183394158868464,0.0355771743496128,0.99,0.0,0.6425,190.19400700821376
2121423049,robust_control_aware,strong,0.018696907712577,0.041986643220691,0.9675,0.0,0.5675,190.82221323439185
3968988679,boundary_aware,moderate,0.0223089176066368,0.0517967009116488,0.935,0.0,0.56,191.9504104430231
3968988679,boundary_aware,strong,0.028090746247297,0.0675159747952209,0.8675,0.0,0.5025,191.52389333614832
3968988679,robust_control_aware,moderate,0.0182285346370283,0.0388174904989319,0.9775,0.0,0.585,188.7486440966969
3968988679,robust_control_aware,strong,0.0222457178307046,0.0563720767942661,0.925,0.0,0.5675,191.1232398301776
1493249476,boundary_aware,moderate,0.0222695309635065,0.0526668113055182,0.9375,0.0,0.4775,188.1603155836036
1493249476,boundary_aware,strong,0.0276064573843627,0.0649887610340673,0.865,0.0,0.44,186.52116518912757
1493249476,robust_control_aware,moderate,0.0192247015239205,0.0417188802330686,0.97,0.0,0.61,189.7233315643296
1493249476,robust_control_aware,strong,0.0255940578992325,0.0681987859806588,0.88,0.0,0.4725,190.06979358430183
1567049265,boundary_aware,moderate,0.0219613905212538,0.0499242998647848,0.95,0.0,0.5625,191.2344918701293
1567049265,boundary_aware,strong,0.0267984327348344,0.063214221828505,0.8975,0.0,0.445,184.64353058408324
1567049265,robust_control_aware,moderate,0.0190559885004172,0.0407129142088188,0.97,0.0,0.5975,188.92770396347797
1567049265,robust_control_aware,strong,0.0213731590808835,0.0514081115363647,0.94,0.0,0.5175,188.01675619231244
1443871119,boundary_aware,moderate,0.0224603909371775,0.0578964158761602,0.9225,0.0,0.52,189.6762683363359
1443871119,boundary_aware,strong,0.028996780424491,0.0781091723197646,0.865,0.0,0.495,187.3266212534631
1443871119,robust_control_aware,moderate,0.0189641957729435,0.0374783077922578,0.9725,0.0,0.62,188.5302851362364
1443871119,robust_control_aware,strong,0.0270803361484134,0.0693309712606335,0.8725,0.0,0.5175,189.00382892041765
207789827,boundary_aware,moderate,0.0220568940940288,0.0506138495212506,0.9475,0.0,0.5175,189.6245753512928
207789827,boundary_aware,strong,0.0276652280307781,0.0629047602647672,0.8725,0.0,0.47,187.66977868587537
207789827,robust_control_aware,moderate,0.0183954451493221,0.035946446511882,0.9825,0.0,0.62,190.54503908560656
207789827,robust_control_aware,strong,0.0202514792461261,0.0411530159282135,0.9675,0.0,0.5575,191.66741820967488
2665534169,boundary_aware,moderate,0.0224039828925053,0.0529497603913391,0.93,0.0,0.5375,185.60996756469828
2665534169,boundary_aware,strong,0.0280483007245446,0.0697196302184879,0.87,0.0,0.4775,180.1476224022366
2665534169,robust_control_aware,moderate,0.0199511308329631,0.0434072792195369,0.97,0.0,0.6225,185.4946382251233
2665534169,robust_control_aware,strong,0.0230299955242683,0.0575521767201474,0.935,0.0,0.555,182.6002991433373
3207734048,boundary_aware,moderate,0.0210795121552826,0.0535029216804244,0.9475,0.0,0.5125,188.51657356760316
3207734048,boundary_aware,strong,0.0269617253046921,0.0619457679776857,0.8875,0.0,0.4775,182.4694251757242
3207734048,robust_control_aware,moderate,0.0181076396342309,0.0355194945014708,0.98,0.0,0.59,188.72630102288525
3207734048,robust_control_aware,strong,0.0203147668770346,0.0489688001155303,0.95,0.0,0.5575,185.46260950031632
659579441,boundary_aware,moderate,0.0198543694687788,0.0469132651596147,0.9575,0.0,0.5275,185.95409820970352
659579441,boundary_aware,strong,0.0201166003599145,0.0479810236786014,0.96,0.0,0.47,180.57323578178307
659579441,robust_control_aware,moderate,0.0187965588181772,0.0376094500225339,0.9775,0.0,0.595,185.5456858225353
659579441,robust_control_aware,strong,0.0227229478598751,0.0646600848830033,0.93,0.0,0.585,185.83180247321403
1831990360,boundary_aware,moderate,0.0240149080378731,0.0555763295708701,0.925,0.0,0.52,187.2150020798735
1831990360,boundary_aware,strong,0.029211814944917,0.0722655476447674,0.865,0.0,0.465,184.82207207220475
1831990360,robust_control_aware,moderate,0.0192181462576807,0.037023154895306,0.9875,0.0,0.6125,183.87277480308217
1831990360,robust_control_aware,strong,0.0201458715558009,0.0481416943917635,0.9575,0.0,0.535,182.3876660540633
575250115,boundary_aware,moderate,0.020950753153689,0.0500842375576345,0.9475,0.0,0.5575,182.6107041710196
575250115,boundary_aware,strong,0.0243774101073995,0.0649563088729967,0.895,0.0,0.4775,180.14220447709022
575250115,robust_control_aware,moderate,0.0193464772098692,0.0393517639867201,0.96,0.0,0.67,185.81041958025756
575250115,robust_control_aware,strong,0.0200103895119869,0.0605667248011126,0.945,0.0,0.57,185.09462442592547
3743157485,boundary_aware,moderate,0.0226726100010844,0.0548216979229341,0.925,0.0,0.51,189.30889086494895
3743157485,boundary_aware,strong,0.0257896020260091,0.0604958141350842,0.9,0.0,0.4725,182.54472266832647
3743157485,robust_control_aware,moderate,0.0180230645030015,0.0378843132480375,0.9775,0.0,0.615,190.59672102929463
3743157485,robust_control_aware,strong,0.0206729890274904,0.0488843927910607,0.955,0.0025,0.5225,188.64146678835897
1796461005,boundary_aware,moderate,0.0227010411321236,0.0526062703955311,0.935,0.0,0.5275,195.2844191130697
1796461005,boundary_aware,strong,0.031815933172524,0.0833607403952649,0.815,0.0,0.47,189.720856232353
1796461005,robust_control_aware,moderate,0.0193721319208535,0.038149740413917,0.9775,0.0,0.5775,192.5471942136892
1796461005,robust_control_aware,strong,0.0255321750068074,0.0698558560950758,0.91,0.0,0.525,193.1987955932309
4057262831,boundary_aware,moderate,0.0228454537112442,0.052278618722509,0.945,0.0,0.525,189.08097240228545
4057262831,boundary_aware,strong,0.0357351701770257,0.0874411300588006,0.7875,0.0,0.4525,186.27808305655756
4057262831,robust_control_aware,moderate,0.0190421158372991,0.0366717497992609,0.9825,0.0,0.595,189.2789564716051
4057262831,robust_control_aware,strong,0.0236385213122458,0.0589202122588856,0.9125,0.0,0.5175,191.88637844836103
3530410642,boundary_aware,moderate,0.0202126304555864,0.0438437915624975,0.9775,0.0,0.53,186.83815613657677
3530410642,boundary_aware,strong,0.0280918844099155,0.0628144991845627,0.8725,0.0,0.4575,187.36230051819325
3530410642,robust_control_aware,moderate,0.0173515411627407,0.0345980352170694,0.9925,0.0,0.62,188.99612994514104
3530410642,robust_control_aware,strong,0.0201346898273168,0.0527864520713066,0.94,0.0,0.5175,185.5646947972112
668701307,boundary_aware,moderate,0.0240494689012709,0.0550677876965356,0.9325,0.0,0.5425,193.14992087989293
668701307,boundary_aware,strong,0.0355030110594601,0.08392182803782,0.7775,0.0,0.47,191.3532965520892
668701307,robust_control_aware,moderate,0.0190150002713311,0.0387825287967086,0.985,0.0,0.595,191.19449653537757
668701307,robust_control_aware,strong,0.0237232738610575,0.0673021587405692,0.9175,0.0,0.5775,190.11442859554103
2440047106,boundary_aware,moderate,0.0234275849260117,0.0554038904949254,0.93,0.0,0.515,194.74780242155165
2440047106,boundary_aware,strong,0.0265243535923068,0.0604888100242343,0.895,0.0,0.4575,194.51759047264312
2440047106,robust_control_aware,moderate,0.0189850614175406,0.0377914055924842,0.97,0.0,0.605,190.08702547803253
2440047106,robust_control_aware,strong,0.0178947783009834,0.041340811120339,0.97,0.0,0.53,187.49826599479687
3736759803,boundary_aware,moderate,0.0226884869896872,0.0531152410190798,0.94,0.0,0.5,191.3154961901949
3736759803,boundary_aware,strong,0.0345912012981938,0.0888523393793677,0.79,0.005,0.445,189.9308011778045
3736759803,robust_control_aware,moderate,0.0191778320661884,0.0400563082114247,0.9675,0.0,0.585,192.3213994349207
3736759803,robust_control_aware,strong,0.0271242172503233,0.0751231927242235,0.885,0.0025,0.5225,192.76884015285304
15234333,boundary_aware,moderate,0.020315658992062,0.0454587663877988,0.975,0.0,0.5,188.6082431281687
15234333,boundary_aware,strong,0.0296778935058751,0.0705059815741596,0.8475,0.0,0.46,183.0061942013284
15234333,robust_control_aware,moderate,0.0181110036704624,0.0363323380622503,0.9875,0.0,0.6175,188.49265803271123
15234333,robust_control_aware,strong,0.0193143960357719,0.04479624398452,0.9675,0.0,0.5,186.31421930744904
667584176,boundary_aware,moderate,0.0225742445419674,0.0535504399514511,0.9325,0.0,0.535,187.91593670211853
667584176,boundary_aware,strong,0.032198075554733,0.0781173094821791,0.8325,0.0,0.445,185.8071877981585
667584176,robust_control_aware,moderate,0.019151226094752,0.0390265898006965,0.975,0.0,0.62,183.25873977022627
667584176,robust_control_aware,strong,0.0192814484271822,0.0404932520409273,0.97,0.0,0.545,186.03876669452197
4066184225,boundary_aware,moderate,0.0225052100751312,0.0503020964277932,0.9475,0.0,0.5075,193.4720029500121
4066184225,boundary_aware,strong,0.0300291098373973,0.069402819010089,0.8375,0.0,0.4325,188.0724783935193
4066184225,robust_control_aware,moderate,0.0201897483730148,0.0424694455422293,0.975,0.0,0.635,188.75946123640247
4066184225,robust_control_aware,strong,0.0264539042495266,0.072525324978448,0.8825,0.0,0.54,193.22122971359505
1886451804,boundary_aware,moderate,0.0236599592463681,0.0524824125793346,0.9325,0.0,0.49,195.92748896506495
1886451804,boundary_aware,strong,0.0282062801048535,0.0648710190623878,0.88,0.0,0.4625,193.04532529650035
1886451804,robust_control_aware,moderate,0.0182378261805332,0.0356668176156689,0.9825,0.0,0.6125,192.37750321555467
1886451804,robust_control_aware,strong,0.0187640876767539,0.0421460746090837,0.9725,0.0,0.5625,192.81787882633148
2272934004,boundary_aware,moderate,0.0198959446383858,0.043234026121601,0.9675,0.0,0.505,191.39466658166356
2272934004,boundary_aware,strong,0.0244221738292115,0.0568118979911455,0.935,0.0,0.4775,192.69138106714288
2272934004,robust_control_aware,moderate,0.0173622280074667,0.0342357903016388,0.995,0.0,0.6375,191.04607104675165
2272934004,robust_control_aware,strong,0.0168732277657066,0.0362893656339024,0.9925,0.0,0.525,188.70684021360023
938779823,boundary_aware,moderate,0.0256581533614073,0.0605269081580166,0.8925,0.0,0.5175,187.77781345369863
938779823,boundary_aware,strong,0.0395822361799375,0.0911336768029057,0.7225,0.0,0.445,187.153358145338
938779823,robust_control_aware,moderate,0.0189263204522695,0.0380736650709179,0.97,0.0,0.6125,185.5490594307225
938779823,robust_control_aware,strong,0.0248251292067417,0.0633724780397051,0.895,0.0,0.5675,185.9974992669713
2703660895,boundary_aware,moderate,0.0240547463406213,0.0522616977834241,0.935,0.0,0.49,188.7122113634501
2703660895,boundary_aware,strong,0.0378847479913567,0.0962267208195901,0.73,0.0,0.4575,189.09989242788689
2703660895,robust_control_aware,moderate,0.0181345370810104,0.0344685681499706,0.9825,0.0,0.605,188.53008214295411
2703660895,robust_control_aware,strong,0.0253943464472662,0.0653834209437065,0.8925,0.0,0.5425,189.04542435174136
2525182596,boundary_aware,moderate,0.0240180413397616,0.0541101954212737,0.93,0.0,0.47,186.99501944661205
2525182596,boundary_aware,strong,0.030420553183028,0.0732598939792307,0.85,0.0,0.455,181.84666795256908
2525182596,robust_control_aware,moderate,0.0193959494950292,0.0402996788222322,0.9725,0.0,0.635,183.57036821391492
2525182596,robust_control_aware,strong,0.0243115163959754,0.0586941467628176,0.9275,0.0,0.5375,184.5542601050949
4018511418,boundary_aware,moderate,0.0215907344475856,0.048230612331078,0.9525,0.0,0.5275,189.62097840696083
4018511418,boundary_aware,strong,0.0266274127232552,0.0619598381503984,0.8875,0.0,0.505,186.2470048435999
4018511418,robust_control_aware,moderate,0.020379831370384,0.043111418262633,0.9675,0.0,0.62,192.35877333929977
4018511418,robust_control_aware,strong,0.0253836658227941,0.0613884446444253,0.9025,0.0025,0.5325,192.45564585807307
1772851305,boundary_aware,moderate,0.0224326501352118,0.0496226743622791,0.9525,0.0,0.5175,196.39632931096
1772851305,boundary_aware,strong,0.0371610540492204,0.0958256360382162,0.775,0.0,0.45,192.10001570936453
1772851305,robust_control_aware,moderate,0.0182929335566565,0.0366689978111486,0.975,0.0,0.6425,196.44740478023783
1772851305,robust_control_aware,strong,0.0267447440967419,0.0881816227962145,0.875,0.0,0.5275,186.37036311645696
2235246993,boundary_aware,moderate,0.0267871000442747,0.0606731170816998,0.89,0.0,0.525,185.42169735727697
2235246993,boundary_aware,strong,0.0508041223137119,0.1161483539095816,0.57,0.0025,0.4675,189.9017306335458
2235246993,robust_control_aware,moderate,0.0204344617655044,0.0401397356135284,0.9725,0.0,0.6525,185.4930880239897
2235246993,robust_control_aware,strong,0.0396662324950919,0.1198533104548926,0.7675,0.015,0.5275,192.894460380168
2430720536,boundary_aware,moderate,0.0219067418297579,0.0507488911536794,0.945,0.0,0.5125,191.41715219033185
2430720536,boundary_aware,strong,0.0333909440645776,0.0809453894995059,0.8175,0.0,0.4525,192.89342317067275
2430720536,robust_control_aware,moderate,0.0184309682930282,0.0358547510440564,0.9925,0.0,0.5975,192.0220892442336
2430720536,robust_control_aware,strong,0.0239659697578841,0.0551813338268167,0.9275,0.0,0.48,190.9867040929689
628175963,boundary_aware,moderate,0.0215778339219246,0.0487651400606271,0.955,0.0,0.5225,193.0811528729467
628175963,boundary_aware,strong,0.0254219864326828,0.0602388694073171,0.895,0.0,0.445,189.2503824371883
628175963,robust_control_aware,moderate,0.018143524295136,0.0358180742101677,0.9825,0.0,0.575,191.9457182469456
628175963,robust_control_aware,strong,0.0191612386109883,0.0438418039338958,0.9675,0.0,0.54,190.78108497719975
299474548,boundary_aware,moderate,0.0225470603656246,0.0522154428058832,0.9375,0.0,0.535,191.9106086325873
299474548,boundary_aware,strong,0.0320670678537877,0.075409894376194,0.8225,0.0,0.4625,190.79795844756893
299474548,robust_control_aware,moderate,0.0190866182514776,0.0375681516553197,0.9875,0.0,0.545,193.08622754416044
299474548,robust_control_aware,strong,0.0209785766416833,0.0480494153589099,0.9525,0.0,0.52,192.1412455406289
1273168757,boundary_aware,moderate,0.0212502900013547,0.0486063265749133,0.9575,0.0,0.515,188.75089073970344
1273168757,boundary_aware,strong,0.0258995587718727,0.0623268672365378,0.9,0.0,0.485,179.73158292977826
1273168757,robust_control_aware,moderate,0.0187132648089334,0.0386358971921255,0.97,0.0,0.5675,186.13161527510283
1273168757,robust_control_aware,strong,0.0192790328358968,0.0425190943961281,0.96,0.0,0.5375,183.4208806970053
273733572,boundary_aware,moderate,0.021676751628949,0.0463937272974351,0.965,0.0,0.5225,195.64989016128763
273733572,boundary_aware,strong,0.0288115562853531,0.0688517514855241,0.8575,0.0,0.4425,192.8339508866897
273733572,robust_control_aware,moderate,0.0194864132105778,0.041407779870522,0.9775,0.0,0.6025,192.96990034466637
273733572,robust_control_aware,strong,0.0227346005316293,0.0577095130631556,0.9375,0.0,0.55,195.81146279805196
3144435095,boundary_aware,moderate,0.0243297700344091,0.0572799263438623,0.9225,0.0,0.525,197.63273750410175
3144435095,boundary_aware,strong,0.0347559693155054,0.0818398838756387,0.785,0.0,0.4425,191.26736444332232
3144435095,robust_control_aware,moderate,0.0184067667445548,0.0387329455068867,0.985,0.0,0.5725,191.58286950471336
3144435095,robust_control_aware,strong,0.0286784178250648,0.0897843801132797,0.86,0.0,0.5275,184.59531555906017
2633701326,boundary_aware,moderate,0.024878258339263,0.0581112771686007,0.905,0.0,0.5225,190.4418779029949
2633701326,boundary_aware,strong,0.0345632623727014,0.0833083289806056,0.795,0.0025,0.4525,196.5206716916861
2633701326,robust_control_aware,moderate,0.019184648380388,0.0400770962353932,0.9775,0.0,0.5475,189.6038262006776
2633701326,robust_control_aware,strong,0.0257048583659343,0.062465130056822,0.915,0.0,0.5025,193.95811356788187
4211238376,boundary_aware,moderate,0.0240538335207542,0.0566734165474386,0.92,0.0,0.475,200.79865961366036
4211238376,boundary_aware,strong,0.0335854825037929,0.083357489393499,0.7975,0.0,0.4475,200.4711180364027
4211238376,robust_control_aware,moderate,0.0198506420006972,0.040465801550634,0.98,0.0,0.585,196.11224172098397
4211238376,robust_control_aware,strong,0.0216072129435209,0.0428234156530494,0.965,0.0,0.505,197.44364060883763
1111838367,boundary_aware,moderate,0.0212710026359724,0.0518347607222538,0.94,0.0,0.52,196.46548470710025
1111838367,boundary_aware,strong,0.0271198035913266,0.0621022760372355,0.8925,0.0,0.47,192.86202136183013
1111838367,robust_control_aware,moderate,0.0176144038239011,0.0342191913748727,0.9925,0.0,0.6125,190.32348824015884
1111838367,robust_control_aware,strong,0.0202690940285809,0.0458237020288966,0.955,0.0,0.5325,195.64444471981065
3524972486,boundary_aware,moderate,0.0226369640432877,0.050772207850643,0.9475,0.0,0.5025,199.4414855900315
3524972486,boundary_aware,strong,0.0301341752087159,0.0723373074772431,0.8575,0.0,0.455,199.6139750475392
3524972486,robust_control_aware,moderate,0.018424272623647,0.0352434132048462,0.99,0.0,0.56,196.274675248548
3524972486,robust_control_aware,strong,0.0210751494036228,0.0507992023119221,0.9475,0.0,0.54,194.3718163751248
3560542704,boundary_aware,moderate,0.0207162711971009,0.0468413986871241,0.97,0.0,0.53,191.8137097377684
3560542704,boundary_aware,strong,0.0267103915504829,0.064264836978188,0.885,0.0,0.485,187.70531736766335
3560542704,robust_control_aware,moderate,0.0174774342696998,0.0357782225859752,0.9925,0.0,0.64,188.63061583762857
3560542704,robust_control_aware,strong,0.0235833444071101,0.0664959022411127,0.91,0.0,0.5625,189.67300173121075
3731969181,boundary_aware,moderate,0.0222252032005178,0.0501918614325291,0.945,0.0,0.545,191.14478973095328
3731969181,boundary_aware,strong,0.0262752675610802,0.0655697305984755,0.8925,0.0,0.4775,191.2797420535645
3731969181,robust_control_aware,moderate,0.0180813464966651,0.0366021609415713,0.985,0.0,0.615,189.54333435493575
3731969181,robust_control_aware,strong,0.0219885378247805,0.0591812580615485,0.9275,0.0,0.5625,186.3747140776855
1211268588,boundary_aware,moderate,0.0213792689543206,0.0481592895463215,0.96,0.0,0.51,181.5097669447501
1211268588,boundary_aware,strong,0.0265910240793675,0.0651399815306599,0.8775,0.0,0.415,174.7032816328128
1211268588,robust_control_aware,moderate,0.0194992657289711,0.0401102828116076,0.98,0.0,0.63,185.69315907683068
1211268588,robust_control_aware,strong,0.0224972922846602,0.0538932833377806,0.945,0.0,0.575,184.854405843736
592709181,boundary_aware,moderate,0.023587875701206,0.0563118847469856,0.9275,0.0,0.5475,190.5084607798824
592709181,boundary_aware,strong,0.0304476283071027,0.0755648595455763,0.855,0.0025,0.4325,187.6842326552261
592709181,robust_control_aware,moderate,0.0205081563888478,0.0395104842645729,0.975,0.0,0.6175,188.2041597004304
592709181,robust_control_aware,strong,0.030481210613236,0.0858444091454009,0.8375,0.005,0.465,188.63805556296157
1007944539,boundary_aware,moderate,0.0203683424235777,0.049970635822602,0.95,0.0,0.5525,194.62260506571744
1007944539,boundary_aware,strong,0.0235065500358008,0.0601662854073989,0.905,0.0,0.505,191.10387926692763
1007944539,robust_control_aware,moderate,0.019407854396083,0.0365569846043021,0.9775,0.0,0.5625,191.5781425921372
1007944539,robust_control_aware,strong,0.0199844030095584,0.0452692227119729,0.96,0.0,0.4725,194.64444686864493
2619667409,boundary_aware,moderate,0.0209413881472224,0.0481382134603707,0.9525,0.0,0.5275,189.1777125157573
2619667409,boundary_aware,strong,0.026046407675564,0.0635391451540731,0.885,0.0,0.4725,183.5358635770995
2619667409,robust_control_aware,moderate,0.0187467436889684,0.0368857240901879,0.98,0.0,0.6075,188.91608778104265
2619667409,robust_control_aware,strong,0.0232773893438909,0.056128268012097,0.9325,0.0,0.51,191.56882155939215
1380973866,boundary_aware,moderate,0.0230573688353154,0.0565858871341158,0.915,0.0,0.505,195.8473063036355
1380973866,boundary_aware,strong,0.0314487294884247,0.0784031090896884,0.8025,0.0,0.455,189.3357385691757
1380973866,robust_control_aware,moderate,0.0181966016126874,0.0370445138451354,0.99,0.0,0.6175,192.37877939378524
1380973866,robust_control_aware,strong,0.0230455052912458,0.0603564110261918,0.93,0.0,0.5325,191.83934886159483
2991984838,boundary_aware,moderate,0.022174020529391,0.0543912563624013,0.9275,0.0,0.5025,190.5095044868114
2991984838,boundary_aware,strong,0.0284626193070301,0.0694280819805486,0.8625,0.0,0.4775,187.79895289196992
2991984838,robust_control_aware,moderate,0.0199508130684294,0.0357916444373736,0.975,0.0,0.585,188.87066980809917
2991984838,robust_control_aware,strong,0.0256278701930064,0.0646766194705303,0.9125,0.0025,0.4925,187.74067365665883
3888342105,boundary_aware,moderate,0.0205870100255094,0.0481190935183433,0.9575,0.0,0.5525,194.6732642010387
3888342105,boundary_aware,strong,0.0249075124632164,0.0587371427783922,0.91,0.0,0.485,186.33819847674
3888342105,robust_control_aware,moderate,0.0183905028115938,0.0352218645268594,0.985,0.0,0.565,190.6533935869584
3888342105,robust_control_aware,strong,0.0200975395188609,0.0469731853524861,0.9625,0.0,0.565,194.221304250314
961152600,boundary_aware,moderate,0.0219334943239842,0.0487408188446456,0.95,0.0,0.49,190.8874195484983
961152600,boundary_aware,strong,0.0333948079507152,0.0817198412792308,0.775,0.0,0.4175,187.3774489767959
961152600,robust_control_aware,moderate,0.018972356003826,0.0384569793672234,0.98,0.0,0.575,188.82106618275589
961152600,robust_control_aware,strong,0.0240379472143796,0.0634725754757829,0.8975,0.0,0.4875,187.22548740920243
1122170712,boundary_aware,moderate,0.0207774886288115,0.0478919556846617,0.955,0.0,0.555,189.32456310969457
1122170712,boundary_aware,strong,0.0304724142278674,0.0773253075223461,0.83,0.0,0.4375,188.06885358443597
1122170712,robust_control_aware,moderate,0.0186345278544331,0.0368780836876563,0.9775,0.0,0.6225,193.38511830918597
1122170712,robust_control_aware,strong,0.0247453044998077,0.0757349537341547,0.91,0.0,0.5375,193.05804808880748
869103479,boundary_aware,moderate,0.0209165597182861,0.0471061368599054,0.9625,0.0,0.5275,196.9243978226998
869103479,boundary_aware,strong,0.0221850088835396,0.0497876856244237,0.95,0.0,0.4875,194.065097953606
869103479,robust_control_aware,moderate,0.0183426990918744,0.0357292942166282,0.985,0.0,0.5525,194.39695680493497
869103479,robust_control_aware,strong,0.018183785183829,0.0419343292573802,0.9725,0.0,0.485,191.7560530160508
3388555971,boundary_aware,moderate,0.0222012788434389,0.0552434698967833,0.9375,0.0,0.5025,189.8543899892158
3388555971,boundary_aware,strong,0.0272167221378622,0.0682298019140578,0.8725,0.0,0.4525,190.25250494494992
3388555971,robust_control_aware,moderate,0.0203167330672119,0.0416013252703228,0.9675,0.0,0.605,186.6277834734585
3388555971,robust_control_aware,strong,0.0239804739323192,0.0643415861670623,0.915,0.0,0.54,189.86992480262745
665427334,boundary_aware,moderate,0.0216433731671604,0.0471258388896859,0.9575,0.0,0.5425,193.36628403176488
665427334,boundary_aware,strong,0.0250472875457266,0.0605805130132056,0.9075,0.0,0.475,187.43537485401063
665427334,robust_control_aware,moderate,0.0185620080727304,0.0353740524010969,0.985,0.0,0.5925,189.8433865639008
665427334,robust_control_aware,strong,0.0203180182483325,0.0434572038349082,0.965,0.0,0.5375,193.89557056145816
3359940053,boundary_aware,moderate,0.0205114177927396,0.0509291171892374,0.9425,0.0,0.5125,197.08563929302116
3359940053,boundary_aware,strong,0.0279414213032902,0.0710820739911361,0.89,0.0,0.4575,196.93434807254852
3359940053,robust_control_aware,moderate,0.0181517625967789,0.0355649724723782,0.99,0.0,0.5775,194.91629342815173
3359940053,robust_control_aware,strong,0.020594378786397,0.0486398846370731,0.9525,0.0,0.555,193.966151212798
3768241039,boundary_aware,moderate,0.0226738408870908,0.0521809985280687,0.9375,0.0,0.5275,189.03385225857
3768241039,boundary_aware,strong,0.0279699172627941,0.0670004776685497,0.8675,0.0,0.465,182.8719251583744
3768241039,robust_control_aware,moderate,0.0196451085188719,0.0444160463445855,0.96,0.0,0.5875,180.96263396264948
3768241039,robust_control_aware,strong,0.0199917603042115,0.0517298705249195,0.945,0.0,0.5175,180.07284833570642
615465185,boundary_aware,moderate,0.0212783775359161,0.0482367313860823,0.95,0.0,0.53,194.53244954046608
615465185,boundary_aware,strong,0.0230678082925518,0.0516172831390746,0.935,0.0,0.4925,190.58252234680012
615465185,robust_control_aware,moderate,0.0181233832121653,0.0372257390801915,0.9825,0.0,0.595,190.21605471624585
615465185,robust_control_aware,strong,0.0184150181283969,0.0431431131180306,0.9725,0.0,0.525,190.368430823471
4062591317,boundary_aware,moderate,0.0236263442882099,0.0544195847100973,0.93,0.0,0.5275,194.5980780703325
4062591317,boundary_aware,strong,0.0314274101548329,0.074902080813149,0.8425,0.0,0.4775,190.48341247546503
4062591317,robust_control_aware,moderate,0.0180705320986689,0.0365617939343312,0.9925,0.0,0.595,189.8460284571292
4062591317,robust_control_aware,strong,0.0249186088283062,0.0624422826247579,0.9025,0.0,0.52,195.3891393993023
2237893018,boundary_aware,moderate,0.0235335915618884,0.0590530601934747,0.9025,0.0,0.54,182.67527308532925
2237893018,boundary_aware,strong,0.0341671657493679,0.0812220357628521,0.7775,0.0025,0.44,179.6285248471753
2237893018,robust_control_aware,moderate,0.020254817355044,0.040699122291892,0.965,0.0,0.6075,181.37496278202136
2237893018,robust_control_aware,strong,0.0215557272280759,0.0580851703572758,0.9325,0.0,0.51,184.45227031184223
3266084952,boundary_aware,moderate,0.0236392943630601,0.0523266690476165,0.935,0.0,0.5325,190.7525531279992
3266084952,boundary_aware,strong,0.0332067517088771,0.0794299552703976,0.82,0.0,0.485,191.4137574937629
3266084952,robust_control_aware,moderate,0.0201415077578219,0.0422505227119356,0.97,0.0,0.5825,188.86614957767276
3266084952,robust_control_aware,strong,0.0300230802759806,0.0758726835749236,0.845,0.0,0.5475,188.82283201303952
1411004866,boundary_aware,moderate,0.021521628123159,0.0503802695673483,0.9475,0.0,0.515,195.64984707642827
1411004866,boundary_aware,strong,0.023480110006961,0.058733901835946,0.92,0.0,0.4325,186.4986526584076
1411004866,robust_control_aware,moderate,0.0178134032832884,0.0334441862989604,0.99,0.0,0.5875,191.08161170880587
1411004866,robust_control_aware,strong,0.0206093116631204,0.0476710413422805,0.9525,0.0,0.5125,189.71100263358272
720401177,boundary_aware,moderate,0.0213691567325956,0.0508874515242718,0.945,0.0,0.5175,191.00794305921403
720401177,boundary_aware,strong,0.0235870045558054,0.0560277932071723,0.9175,0.0,0.4575,183.711166424271
720401177,robust_control_aware,moderate,0.0169807787268474,0.0352484281638404,0.985,0.0,0.5925,187.7588609915594
720401177,robust_control_aware,strong,0.017612982636806,0.0448532985880229,0.9625,0.0,0.5725,188.2942391080462
842612503,boundary_aware,moderate,0.0229724836954497,0.0529895591151517,0.935,0.0,0.5475,184.86034790441067
842612503,boundary_aware,strong,0.0311411932423322,0.0695029546466624,0.8425,0.0025,0.4675,186.45863379909
842612503,robust_control_aware,moderate,0.0196347818844419,0.0393662734784096,0.9725,0.0,0.5825,183.47311688768949
842612503,robust_control_aware,strong,0.0208310572109572,0.0470510750247378,0.96,0.0,0.535,183.18302237671384
333431731,boundary_aware,moderate,0.0246934071298913,0.0580478836927158,0.93,0.0,0.5325,187.41197611643756
333431731,boundary_aware,strong,0.0363851080009201,0.0873166497307607,0.7675,0.0,0.455,186.62997371360197
333431731,robust_control_aware,moderate,0.0196310139842651,0.0378961652395114,0.97,0.0,0.6025,185.62833935478344
333431731,robust_control_aware,strong,0.0246941843819515,0.0707836448307033,0.895,0.0,0.56,183.3435338798101
1545097157,boundary_aware,moderate,0.0218795071965719,0.0512338819175869,0.9425,0.0,0.48,193.55568969682923
1545097157,boundary_aware,strong,0.0250996817737029,0.0649592119528837,0.8925,0.0,0.4275,191.3029814332847
1545097157,robust_control_aware,moderate,0.0187591705558232,0.037060796265911,0.975,0.0,0.6025,192.699135223076
1545097157,robust_control_aware,strong,0.0208857884130245,0.0489794790189977,0.9525,0.0,0.51,189.49712730609727
1736380347,boundary_aware,moderate,0.0244120355403706,0.0592425619445136,0.915,0.0,0.4825,191.70609543759065
1736380347,boundary_aware,strong,0.0366186238013665,0.0799417445039471,0.7525,0.0,0.41,192.86325409935029
1736380347,robust_control_aware,moderate,0.0187905619469639,0.0375246654703912,0.99,0.0,0.6,194.45375744614
1736380347,robust_control_aware,strong,0.0340867170869091,0.1009209275749296,0.7925,0.0,0.4875,193.789656196322
1586847244,boundary_aware,moderate,0.0241679400835607,0.0586778404604454,0.9,0.0,0.5075,196.03421343074385
1586847244,boundary_aware,strong,0.0296151080915443,0.0742918378670505,0.8575,0.0,0.4475,191.51709985024357
1586847244,robust_control_aware,moderate,0.0188012056758331,0.0384823384863232,0.98,0.0,0.64,191.04322495297447
1586847244,robust_control_aware,strong,0.0187304404258739,0.0411739763702145,0.965,0.0,0.535,191.391481145032
1355937599,boundary_aware,moderate,0.0204629141265311,0.0482095312547203,0.96,0.0,0.525,187.70834591537687
1355937599,boundary_aware,strong,0.0285747074007831,0.0705675146234606,0.85,0.0,0.4725,183.18975930884991
1355937599,robust_control_aware,moderate,0.0187086179420729,0.0364456922239908,0.975,0.0,0.6225,187.8741159525236
1355937599,robust_control_aware,strong,0.0213043562759447,0.0545802310863169,0.945,0.0,0.5475,185.886203114532
4003953246,boundary_aware,moderate,0.0220212020641285,0.052088375551367,0.9425,0.0,0.535,192.41792284631555
4003953246,boundary_aware,strong,0.0253553081109014,0.0593305284964976,0.8975,0.0,0.4625,189.40131057017103
4003953246,robust_control_aware,moderate,0.0179535164914022,0.0368648146284296,0.9825,0.0,0.575,191.72882069696192
4003953246,robust_control_aware,strong,0.0170473785426548,0.0364045227144086,0.9875,0.0,0.5825,191.2148906582256
2574173112,boundary_aware,moderate,0.0209809178331804,0.0478681086463649,0.955,0.0,0.55,187.7966452257084
2574173112,boundary_aware,strong,0.0212332727150134,0.0557395770647547,0.93,0.0,0.4775,183.23517787442427
2574173112,robust_control_aware,moderate,0.0184945436646502,0.037048022597578,0.9825,0.0,0.6125,184.3159575531405
2574173112,robust_control_aware,strong,0.0197482481216508,0.0466418675115139,0.9575,0.0,0.5125,184.12038918909968
663250219,boundary_aware,moderate,0.0252863266851244,0.0601819582709806,0.9025,0.0,0.5025,183.5944939108149
663250219,boundary_aware,strong,0.0371834785058415,0.0914504905535598,0.7575,0.0,0.455,179.85018755816702
663250219,robust_control_aware,moderate,0.0195302277224212,0.0425378409973364,0.9675,0.0,0.6125,181.70615112903437
663250219,robust_control_aware,strong,0.0436881585353702,0.1253538464732715,0.695,0.005,0.5025,178.8815197729806
1981101797,boundary_aware,moderate,0.0229079654361477,0.0528672193876095,0.9375,0.0,0.5325,193.25179496223444
1981101797,boundary_aware,strong,0.0324831062690786,0.0783785903511026,0.81,0.0,0.4625,191.64148035735192
1981101797,robust_control_aware,moderate,0.0198036504182597,0.040399039512464,0.98,0.0,0.6125,193.4516441344577
1981101797,robust_control_aware,strong,0.0321675389427285,0.0967118760220838,0.8225,0.0,0.5125,196.5300155273017
1848209715,boundary_aware,moderate,0.0220885479756613,0.0522464122571117,0.945,0.0,0.5475,190.4297800007796
1848209715,boundary_aware,strong,0.0280182048226249,0.0663093366959668,0.875,0.0,0.4825,189.5525201951596
1848209715,robust_control_aware,moderate,0.0189952010260831,0.0376892642964277,0.98,0.0,0.5975,188.79190083972023
1848209715,robust_control_aware,strong,0.0211905523258542,0.0461578494476617,0.9575,0.0,0.565,189.9632497019168
4012012906,boundary_aware,moderate,0.0232862848441485,0.0551034210023715,0.9325,0.0,0.55,190.9633425756145
4012012906,boundary_aware,strong,0.0264277371056404,0.066244365299926,0.89,0.0,0.5,185.4444558393243
4012012906,robust_control_aware,moderate,0.0199357316584016,0.0414131849355772,0.97,0.0,0.5875,189.55155312904097
4012012906,robust_control_aware,strong,0.0227720203625334,0.0602357611373643,0.92,0.0025,0.5325,186.64650094065888
2066889296,boundary_aware,moderate,0.0211540844594255,0.0506938640505099,0.945,0.0,0.6025,184.43575665703867
2066889296,boundary_aware,strong,0.0242382880897921,0.0610591299554875,0.9,0.0,0.525,177.9356320501858
2066889296,robust_control_aware,moderate,0.0190150693011837,0.0400908793683917,0.9675,0.0,0.6025,184.74462169591035
2066889296,robust_control_aware,strong,0.0182396402868501,0.0415585667006614,0.965,0.0,0.56,183.1434112481087
2839013476,boundary_aware,moderate,0.0239622425091237,0.0582242221952636,0.9125,0.0,0.525,193.70643757152436
2839013476,boundary_aware,strong,0.0384927591631559,0.0875296394696435,0.7325,0.0,0.4475,192.80268115924733
2839013476,robust_control_aware,moderate,0.020101692524132,0.0392397500448021,0.9625,0.0,0.6025,188.4677776189557
2839013476,robust_control_aware,strong,0.031327857202412,0.0954195102541935,0.835,0.0025,0.4825,192.3395680084484
4045268861,boundary_aware,moderate,0.0258238549221797,0.0608339048717748,0.9125,0.0,0.505,189.9419863374452
4045268861,boundary_aware,strong,0.0421896520387529,0.0956041703056554,0.6925,0.0025,0.43,188.77285160901505
4045268861,robust_control_aware,moderate,0.0210237921939295,0.0446137011173195,0.9725,0.0,0.6325,188.97685321165324
4045268861,robust_control_aware,strong,0.050590662870663,0.1400111564278824,0.6625,0.02,0.4675,191.61451084612503
4008157811,boundary_aware,moderate,0.0212405479501306,0.0505072143437936,0.945,0.0,0.55,192.34734949732723
4008157811,boundary_aware,strong,0.0240130784469602,0.0553942240643548,0.91,0.0,0.46,186.27324751115293
4008157811,robust_control_aware,moderate,0.0186659909784497,0.036839000579917,0.9825,0.0,0.5775,191.6959417265746
4008157811,robust_control_aware,strong,0.0265686266480061,0.077347055192889,0.88,0.0,0.525,190.20368664593408
2637445221,boundary_aware,moderate,0.0236439393801546,0.0560697635672773,0.935,0.0,0.5175,191.405813717758
2637445221,boundary_aware,strong,0.03432985891365,0.0788582317884221,0.775,0.0,0.4525,186.38436247443812
2637445221,robust_control_aware,moderate,0.0197744808113443,0.0403017182543281,0.975,0.0,0.5975,192.64612331902683
2637445221,robust_control_aware,strong,0.0243843293855158,0.0550814798385505,0.925,0.0,0.525,191.65221419964172
1688535857,boundary_aware,moderate,0.0200923038294552,0.0467165998517618,0.955,0.0,0.55,192.73957610824277
1688535857,boundary_aware,strong,0.0235283237729257,0.0552368588996882,0.9275,0.0,0.485,189.7498178497948
1688535857,robust_control_aware,moderate,0.0182962655656456,0.0365587454561485,0.985,0.0,0.585,193.36968997414405
1688535857,robust_control_aware,strong,0.0197015914487764,0.0479623021010672,0.9525,0.0,0.5925,196.2741338358529
839215811,boundary_aware,moderate,0.0199114509924109,0.048279413913872,0.955,0.0,0.5475,190.82271593347832
839215811,boundary_aware,strong,0.0246030579039685,0.0564737014860973,0.91,0.0,0.4775,188.17926915967183
839215811,robust_control_aware,moderate,0.0180617715623033,0.036397812587534,0.9775,0.0,0.6425,190.24271745707333
839215811,robust_control_aware,strong,0.0215865551194998,0.056310908892873,0.935,0.0,0.535,191.2954721673828
1500849119,boundary_aware,moderate,0.0225040897043532,0.0500430584997119,0.9475,0.0,0.5675,190.57404965287992
1500849119,boundary_aware,strong,0.0334829835725496,0.0772324360796201,0.8025,0.0,0.425,191.1506627454595
1500849119,robust_control_aware,moderate,0.01942923772977,0.0382576782700538,0.98,0.0,0.615,191.7262326590928
1500849119,robust_control_aware,strong,0.0273225162582281,0.0634662405180567,0.8875,0.0,0.4825,191.29667205321184
3668171989,boundary_aware,moderate,0.0209873301716205,0.0518971779921761,0.9425,0.0,0.5125,199.4374705878039
3668171989,boundary_aware,strong,0.026480709760091,0.0627450396032704,0.895,0.0,0.455,197.6608949772571
3668171989,robust_control_aware,moderate,0.0177290743668694,0.0345744755072199,0.9925,0.0,0.5725,195.132283027575
3668171989,robust_control_aware,strong,0.0184275764467463,0.042035329272349,0.975,0.0,0.5075,198.93927006849185
1828316838,boundary_aware,moderate,0.023866557937825,0.0526507181478312,0.9325,0.0,0.5175,191.83916591703425
1828316838,boundary_aware,strong,0.0369356809257373,0.0925112426142861,0.7675,0.0025,0.4625,190.97149549290225
1828316838,robust_control_aware,moderate,0.0199412457747221,0.0400331121771607,0.9775,0.0,0.6325,189.5644107867981
1828316838,robust_control_aware,strong,0.0246691103410278,0.0597566839240009,0.915,0.0,0.565,189.1236656820249
677763140,boundary_aware,moderate,0.021045538122755,0.0459643025104019,0.9625,0.0,0.54,191.6826812098637
677763140,boundary_aware,strong,0.0251409801605772,0.05563310146977,0.905,0.0,0.46,187.26843683727407
677763140,robust_control_aware,moderate,0.0177291678188612,0.0371326668163229,0.9825,0.0,0.59,192.6202353577069
677763140,robust_control_aware,strong,0.0217613324151798,0.0533582344705455,0.9375,0.0,0.5625,186.244601540535
1119181405,boundary_aware,moderate,0.0202320464648266,0.0483148087728441,0.955,0.0,0.5425,193.664811755799
1119181405,boundary_aware,strong,0.0247272513459928,0.0592822254850584,0.9075,0.0,0.4825,193.4947655780491
1119181405,robust_control_aware,moderate,0.0174581349591565,0.0351674802078771,0.9875,0.0,0.635,190.86070317179133
1119181405,robust_control_aware,strong,0.0194242094658189,0.0411514370564422,0.97,0.0,0.6225,192.78289473935556
2169860784,boundary_aware,moderate,0.023886092543922,0.0577259294417478,0.915,0.0,0.53,197.5989193260566
2169860784,boundary_aware,strong,0.0372293872704805,0.0878131422786941,0.755,0.0,0.455,189.21691872494296
2169860784,robust_control_aware,moderate,0.018009010765808,0.0367831615115256,0.99,0.0,0.615,194.1030579820813
2169860784,robust_control_aware,strong,0.0236505571834107,0.0585817313732787,0.915,0.0,0.5175,194.2079292949164
3112238724,boundary_aware,moderate,0.0223627095918904,0.0500214366730129,0.9475,0.0,0.5225,197.7633795875649
3112238724,boundary_aware,strong,0.0279675602838194,0.0715498882133515,0.86,0.0,0.47,187.66992287328011
3112238724,robust_control_aware,moderate,0.0183082276399982,0.0364778362933593,0.9875,0.0,0.5675,188.70924040848175
3112238724,robust_control_aware,strong,0.0282602559968364,0.0818551764421303,0.8575,0.0,0.51,189.02067079901715
4293715631,boundary_aware,moderate,0.0216909899806624,0.0524036844294107,0.9325,0.0,0.525,186.2923891991062
4293715631,boundary_aware,strong,0.0361163988355905,0.0896427311789614,0.7775,0.0,0.44,183.8842203754413
4293715631,robust_control_aware,moderate,0.0191418538925351,0.0380572726788674,0.9775,0.0,0.615,187.0609501606293
4293715631,robust_control_aware,strong,0.0360929917304528,0.1110244557860472,0.7975,0.0075,0.4725,183.72419395287963
3909568483,boundary_aware,moderate,0.0241673123098396,0.0553687664377642,0.9125,0.0,0.525,190.40433795842583
3909568483,boundary_aware,strong,0.0335651912929062,0.0787146641454156,0.8,0.0,0.4725,187.1290483889176
3909568483,robust_control_aware,moderate,0.0199885643053729,0.0403850434140758,0.97,0.0,0.6025,187.71479130644147
3909568483,robust_control_aware,strong,0.0375774808115432,0.1074227079854518,0.7425,0.0,0.49,183.67916719569587
1398012131,boundary_aware,moderate,0.0241685914141943,0.0603636025994934,0.9125,0.0,0.5125,190.75393559114843
1398012131,boundary_aware,strong,0.040034201595231,0.1041721426626576,0.72,0.0025,0.455,190.99029179578716
1398012131,robust_control_aware,moderate,0.0186289706662785,0.0385780031330273,0.9875,0.0,0.655,191.2496930533756
1398012131,robust_control_aware,strong,0.0419352019760665,0.1194333135249232,0.72,0.0025,0.4725,193.2084624558126
1876994406,boundary_aware,moderate,0.0223076392972747,0.0558758180603652,0.91,0.0,0.5225,196.12305118671088
1876994406,boundary_aware,strong,0.0283940064325645,0.0703544563475761,0.8525,0.0,0.44,189.9181709332262
1876994406,robust_control_aware,moderate,0.0181214573853537,0.0341703231121037,0.9825,0.0,0.62,191.9499187579005
1876994406,robust_control_aware,strong,0.0198358629614051,0.0544297044304061,0.935,0.0,0.58,192.1154958693653
2615751316,boundary_aware,moderate,0.0235124167862476,0.0551078654858013,0.915,0.0,0.5175,195.8046297347585
2615751316,boundary_aware,strong,0.0368517623186199,0.0926834567325058,0.7625,0.0,0.41,196.90652332220984
2615751316,robust_control_aware,moderate,0.0183982961950893,0.0351605211747239,0.98,0.0,0.595,194.84831655573885
2615751316,robust_control_aware,strong,0.0242072076860065,0.0618273827895559,0.91,0.0,0.515,191.39859548002696
324655747,boundary_aware,moderate,0.021131165834015,0.045456454963129,0.965,0.0,0.53,189.38987558547288
324655747,boundary_aware,strong,0.0224996112919959,0.0574368231433485,0.9225,0.0,0.4775,182.59920676311597
324655747,robust_control_aware,moderate,0.0170505318343681,0.0355609614540941,0.985,0.0,0.5825,187.69046042669697
324655747,robust_control_aware,strong,0.0169643170821271,0.0434323278067768,0.9725,0.0,0.54,182.48439404922763
1231104955,boundary_aware,moderate,0.0212498042036539,0.0509654698963453,0.9475,0.0,0.535,189.8500105486703
1231104955,boundary_aware,strong,0.0281787837394814,0.0620691574455632,0.8625,0.0,0.46,183.78892306184923
1231104955,robust_control_aware,moderate,0.0188733776145828,0.0382390172036289,0.975,0.0,0.605,186.8794221005635
1231104955,robust_control_aware,strong,0.0228157034993292,0.0557518107311279,0.935,0.0,0.5825,188.56036341863853
744356947,boundary_aware,moderate,0.0218151869953289,0.048738138926543,0.955,0.0,0.495,191.5829029486841
744356947,boundary_aware,strong,0.0279698213599372,0.0650585643678819,0.8675,0.0,0.4275,189.8044793850696
744356947,robust_control_aware,moderate,0.0183756612196666,0.0371589025784981,0.9825,0.0,0.62,191.93191120536667
744356947,robust_control_aware,strong,0.0202610421462952,0.0453952874770696,0.9575,0.0,0.5625,193.7967299454604
3519479534,boundary_aware,moderate,0.0215045739149559,0.0489136366304535,0.955,0.0,0.5175,197.6877350221364
3519479534,boundary_aware,strong,0.0279600552343958,0.0649653748869191,0.8775,0.0,0.4475,195.9238419040219
3519479534,robust_control_aware,moderate,0.0188202812901491,0.0389825483284161,0.9875,0.0,0.6125,197.01773841729732
3519479534,robust_control_aware,strong,0.0188006076474664,0.0421941498943939,0.9725,0.0,0.535,192.44484498940017
4195001948,boundary_aware,moderate,0.0214537049333843,0.0504148761795736,0.9475,0.0,0.54,198.9345288028254
4195001948,boundary_aware,strong,0.0313108453651253,0.0746248723590197,0.8375,0.0,0.4575,194.18719140948207
4195001948,robust_control_aware,moderate,0.0187139263862648,0.0367333895699318,0.9925,0.0,0.635,196.79103533904112
4195001948,robust_control_aware,strong,0.0322058855232536,0.0945627906139997,0.8225,0.0,0.49,200.66751606610083
3252170343,boundary_aware,moderate,0.0226130674453182,0.0546382691923301,0.9325,0.0,0.5175,189.50207310212508
3252170343,boundary_aware,strong,0.0263216273108631,0.0652180838588684,0.8825,0.0025,0.4675,184.28890673514476
3252170343,robust_control_aware,moderate,0.0190623958470952,0.037274834429382,0.975,0.0,0.6325,185.7920168219313
3252170343,robust_control_aware,strong,0.0216177610256882,0.0604782746850948,0.9325,0.0,0.555,187.05766961910263
4243111108,boundary_aware,moderate,0.0217712608874231,0.0514194650094155,0.94,0.0,0.5425,192.3206217856992
4243111108,boundary_aware,strong,0.0251400097543077,0.0572108796294334,0.9175,0.0,0.465,189.3511201158474
4243111108,robust_control_aware,moderate,0.0181339360643115,0.0380598820775075,0.975,0.0,0.645,189.1711192499953
4243111108,robust_control_aware,strong,0.0194811944170262,0.0454849835058244,0.9625,0.0,0.51,189.70218978244188
2445008977,boundary_aware,moderate,0.0204444693571692,0.0451107437941883,0.9675,0.0,0.5325,193.2052567137836
2445008977,boundary_aware,strong,0.0245855515702037,0.0549749933605395,0.925,0.0,0.465,191.5873309702838
2445008977,robust_control_aware,moderate,0.0175029862710557,0.0352990185811913,0.995,0.0,0.585,193.97769562598296
2445008977,robust_control_aware,strong,0.0188915785571742,0.041692753315118,0.9725,0.0,0.5175,194.85124350431343
903398518,boundary_aware,moderate,0.0217134955065513,0.0515139262601605,0.94,0.0,0.5475,195.4822038707498
903398518,boundary_aware,strong,0.0291902711236399,0.0747481481991627,0.8425,0.0,0.4425,186.78155030224485
903398518,robust_control_aware,moderate,0.018845894841252,0.0404197867111779,0.9875,0.0,0.5825,190.49200539132795
903398518,robust_control_aware,strong,0.027368304299532,0.0767696956676096,0.8775,0.0,0.515,192.0580763287172
2014023660,boundary_aware,moderate,0.0215120407256806,0.0497410781011403,0.95,0.0,0.525,186.2741890886904
2014023660,boundary_aware,strong,0.029353704131464,0.0702647442951509,0.855,0.0,0.4675,187.2017554167544
2014023660,robust_control_aware,moderate,0.0187948194829481,0.037508790196995,0.97,0.0,0.635,185.314471475037
2014023660,robust_control_aware,strong,0.0245959219286493,0.0677747552915938,0.9125,0.0,0.5275,188.8061017982671
1691291392,boundary_aware,moderate,0.0231662740598313,0.0522400058291438,0.9325,0.0,0.5225,197.469650309868
1691291392,boundary_aware,strong,0.0297871268956159,0.068892614215879,0.8575,0.0,0.4675,195.43467285630572
1691291392,robust_control_aware,moderate,0.0203803154348846,0.039602238133642,0.9725,0.0,0.605,195.14788449643447
1691291392,robust_control_aware,strong,0.040494435274774,0.1138733153194786,0.7175,0.0025,0.475,198.8192501113908
3053498093,boundary_aware,moderate,0.0205265197313178,0.0472089467534443,0.96,0.0,0.5275,193.0750242431127
3053498093,boundary_aware,strong,0.0237008046600516,0.0549502737651204,0.925,0.0,0.475,184.55345306884809
3053498093,robust_control_aware,moderate,0.0181252992646992,0.0364233683291772,0.98,0.0,0.6,191.02176388010184
3053498093,robust_control_aware,strong,0.0207824153880498,0.0481684526841608,0.9575,0.0,0.535,191.97213010233443
945374663,boundary_aware,moderate,0.0185991183682677,0.0402060740850606,0.975,0.0,0.545,188.81319065737887
945374663,boundary_aware,strong,0.0209496894053031,0.0509773212026395,0.9425,0.0,0.4775,187.366055726194
945374663,robust_control_aware,moderate,0.0186304904900331,0.036759931892638,0.9775,0.0,0.63,189.10135714068792
945374663,robust_control_aware,strong,0.0192401464210464,0.053653511506989,0.9425,0.0,0.54,188.16851099559452
56575796,boundary_aware,moderate,0.0205600832336052,0.0495235435533786,0.95,0.0,0.5525,188.3941944006342
56575796,boundary_aware,strong,0.0235596384759259,0.0584184129902511,0.9075,0.0,0.4725,184.70925306716128
56575796,robust_control_aware,moderate,0.0187179517517655,0.0404181743229347,0.9725,0.0,0.6175,187.10942536920717
56575796,robust_control_aware,strong,0.0171936526639318,0.0403845929989473,0.9775,0.0,0.5225,186.6428719486219
761055821,boundary_aware,moderate,0.0219978055895151,0.053552619269704,0.945,0.0,0.58,193.9017610220536
761055821,boundary_aware,strong,0.0280219231709331,0.0710974947493361,0.87,0.0025,0.4675,191.7548733425122
761055821,robust_control_aware,moderate,0.0189504778398078,0.038123563087753,0.9775,0.0,0.5925,192.83499652939625
761055821,robust_control_aware,strong,0.0209088788703846,0.0515280765510725,0.94,0.0,0.55,191.5139807423234
2053712420,boundary_aware,moderate,0.0207746682564923,0.0495290939673895,0.9525,0.0,0.5475,193.6010318332917
2053712420,boundary_aware,strong,0.0231373973592677,0.0551200347987306,0.925,0.0,0.445,190.5486311125699
2053712420,robust_control_aware,moderate,0.0183376372844515,0.036479030587856,0.9825,0.0,0.5725,194.08063988404652
2053712420,robust_control_aware,strong,0.0174319975708532,0.0387371878340885,0.975,0.0,0.5675,194.001667807545
3330615544,boundary_aware,moderate,0.0227668746622594,0.0525727335491232,0.935,0.0,0.5225,193.70886567227132
3330615544,boundary_aware,strong,0.0284705499253089,0.0712608631949574,0.8675,0.0,0.4575,190.7020659569528
3330615544,robust_control_aware,moderate,0.0182713033143855,0.0356887732505016,0.9775,0.0,0.5775,187.69492227157173
3330615544,robust_control_aware,strong,0.0222206542204697,0.0659483844929059,0.93,0.0,0.475,183.41556157912945
1988057494,boundary_aware,moderate,0.0214567343563972,0.0454063276765767,0.97,0.0,0.5325,196.34137576814865
1988057494,boundary_aware,strong,0.0238117292017831,0.0571424725917911,0.905,0.0,0.4975,192.95131558218844
1988057494,robust_control_aware,moderate,0.0190590510575505,0.0361818929346088,0.985,0.0,0.605,192.62629756801064
1988057494,robust_control_aware,strong,0.0247755592235361,0.0756800644134922,0.885,0.0,0.56,190.74356688325787
3738784048,boundary_aware,moderate,0.0219878195612302,0.0528239012510103,0.9375,0.0,0.525,189.43652349586915
3738784048,boundary_aware,strong,0.0259797861345254,0.0623631843072022,0.89,0.0,0.47,185.4309481819656
3738784048,robust_control_aware,moderate,0.0184166899597485,0.0386860131686867,0.9775,0.0,0.6575,186.1780468138244
3738784048,robust_control_aware,strong,0.0391019301474616,0.1194837885169935,0.745,0.005,0.515,187.7315125126435
2698257310,boundary_aware,moderate,0.0209379983898478,0.049546749379078,0.95,0.0,0.5025,192.4004577731932
2698257310,boundary_aware,strong,0.02703733929396,0.0641990267786915,0.87,0.0,0.4475,188.9374525399554
2698257310,robust_control_aware,moderate,0.0169517694030941,0.0323472791112105,0.9875,0.0,0.5875,191.23240166675748
2698257310,robust_control_aware,strong,0.0172961788819014,0.0403385002918542,0.9875,0.0,0.4625,192.17688102709656
3145110617,boundary_aware,moderate,0.0240675806464987,0.0579094562962172,0.9225,0.0,0.555,180.8580190219559
3145110617,boundary_aware,strong,0.0341740183513688,0.0840099328130192,0.7925,0.0,0.4825,178.70270530114215
3145110617,robust_control_aware,moderate,0.021149667116503,0.0450872708259649,0.9575,0.0,0.635,182.86478854223984
3145110617,robust_control_aware,strong,0.0250960356422181,0.0668455309240098,0.9075,0.0,0.5925,183.36743606659408
3839569303,boundary_aware,moderate,0.0227021739485199,0.0590035792910194,0.9325,0.0,0.515,183.3499848652916
3839569303,boundary_aware,strong,0.0300841879490182,0.0687404374334355,0.84,0.0,0.4825,180.13483451965237
3839569303,robust_control_aware,moderate,0.019199367951477,0.0372898748159113,0.98,0.0,0.64,181.62285818679
3839569303,robust_control_aware,strong,0.0248386443427792,0.0718976497132395,0.925,0.0,0.525,178.55038816322826
1741795387,boundary_aware,moderate,0.021139487123464,0.0514604332744766,0.945,0.0,0.5025,189.98700946954116
1741795387,boundary_aware,strong,0.0279441207503565,0.0621064837933078,0.8775,0.0,0.4575,187.64711879675284
1741795387,robust_control_aware,moderate,0.0181338976858339,0.036206975609451,0.9825,0.0,0.635,188.9457070669824
1741795387,robust_control_aware,strong,0.0217014765537507,0.0531387136491386,0.945,0.0,0.565,191.81968182301037
1008093370,boundary_aware,moderate,0.0234887469582166,0.055711385253375,0.9275,0.0,0.5225,189.00316996919804
1008093370,boundary_aware,strong,0.032383190341741,0.0797273655518638,0.805,0.0,0.4575,184.65469148194532
1008093370,robust_control_aware,moderate,0.0189216713796201,0.0414502293892156,0.9725,0.0,0.6475,186.07492878671985
1008093370,robust_control_aware,strong,0.0225431344267259,0.0538558805434065,0.9325,0.0,0.5225,187.6759398215425
578984872,boundary_aware,moderate,0.0219830116954906,0.0521170927325598,0.935,0.0,0.55,190.4326203042939
578984872,boundary_aware,strong,0.0273341132469733,0.062316400205706,0.8625,0.0,0.485,186.7390881856596
578984872,robust_control_aware,moderate,0.0187278456426098,0.0377469899135528,0.99,0.0,0.5925,187.88244817019125
578984872,robust_control_aware,strong,0.0220853373985439,0.0502817775907795,0.9475,0.0,0.5275,184.59591847329983
2934542094,boundary_aware,moderate,0.0236302179105296,0.0565990198582711,0.925,0.0,0.4775,190.12274302660128
2934542094,boundary_aware,strong,0.0398012018545348,0.0937555355636973,0.725,0.0025,0.4275,188.1616490638362
2934542094,robust_control_aware,moderate,0.0205322569235178,0.0416089021781225,0.9725,0.0,0.6175,190.56071028482975
2934542094,robust_control_aware,strong,0.0478978436897572,0.138012281941949,0.6775,0.015,0.5,192.93393653909143
3187112867,boundary_aware,moderate,0.0253217012094164,0.0596437947014688,0.9,0.0,0.5175,189.21184665271076
3187112867,boundary_aware,strong,0.0341775879868851,0.0777968712769377,0.7825,0.0,0.45,183.57671848271596
3187112867,robust_control_aware,moderate,0.0207855714946541,0.0425791345843775,0.9725,0.0,0.6275,186.83480999114468
3187112867,robust_control_aware,strong,0.0269422579517095,0.0685680362937091,0.895,0.0025,0.555,185.9544038467968
2389930833,boundary_aware,moderate,0.0222864353402756,0.0502645982247567,0.9475,0.0,0.5125,190.03435156189028
2389930833,boundary_aware,strong,0.03689428355736,0.0850571311542179,0.75,0.0,0.44,188.99072145914667
2389930833,robust_control_aware,moderate,0.0194746558320437,0.0374893024630964,0.975,0.0,0.5975,188.80143600391585
2389930833,robust_control_aware,strong,0.0313537219093112,0.0878985523815241,0.8275,0.0,0.5025,190.7754494307684
1292274856,boundary_aware,moderate,0.0252109732332621,0.0557576510607673,0.915,0.0,0.5125,189.26928724753213
1292274856,boundary_aware,strong,0.0393383327269634,0.0965977729904446,0.7475,0.0025,0.445,184.55517157096023
1292274856,robust_control_aware,moderate,0.0189146006148317,0.0379243852476853,0.9775,0.0,0.6575,186.5630885656153
1292274856,robust_control_aware,strong,0.0238192389974904,0.0606122471879383,0.915,0.0,0.5525,188.0744717392827
3203924750,boundary_aware,moderate,0.0217842756645548,0.0516544564746651,0.9375,0.0,0.51,190.2685310968984
3203924750,boundary_aware,strong,0.0281935514071746,0.0696021781351833,0.865,0.0,0.4525,184.44571650799347
3203924750,robust_control_aware,moderate,0.0190010012308878,0.0382670074340375,0.9825,0.0,0.6225,193.6790146483337
3203924750,robust_control_aware,strong,0.0297595495473639,0.095906268710936,0.8325,0.0,0.47,188.66077211950088
2727536461,boundary_aware,moderate,0.0204630298347902,0.0449836825692948,0.97,0.0,0.525,195.57727016591716
2727536461,boundary_aware,strong,0.0230405230546913,0.0583601612976728,0.9175,0.0,0.4625,193.02997767569025
2727536461,robust_control_aware,moderate,0.0178201145715582,0.0342334312022812,0.99,0.0,0.6175,190.5651597658089
2727536461,robust_control_aware,strong,0.0206222349421547,0.0474193972556671,0.9525,0.0,0.5025,194.6841125436401
3436844845,boundary_aware,moderate,0.0224919097824333,0.0550263141885322,0.935,0.0,0.535,191.0078621507975
3436844845,boundary_aware,strong,0.0284629741062605,0.0657588296935891,0.8625,0.0,0.48,187.84759518187727
3436844845,robust_control_aware,moderate,0.01916590867095,0.0395552675337905,0.98,0.0,0.6075,186.51182152579503
3436844845,robust_control_aware,strong,0.0207950554993549,0.0476581777224352,0.9525,0.0,0.5675,185.745308213736
3389111171,mse,nominal,0.0192669442688276,0.037814108793101,0.9825,0.0,0.7775,190.3297825104345
3389111171,noise_aware,nominal,0.0188889950586208,0.0394503425349815,0.9875,0.0,0.7725,190.91493694639087
3389111171,boundary_aware,nominal,0.0186233414160406,0.0375882131036357,0.985,0.0,0.78,191.82188931546332
3389111171,sharpness_aware,nominal,0.0205758166613128,0.0393100777512779,0.9775,0.0,0.705,190.62244625802785
3389111171,robust_control_aware,nominal,0.0185639817339561,0.0326718966115259,0.9875,0.0,0.675,191.38496009448585
3084139821,mse,nominal,0.0204909437817927,0.0420689276484195,0.9725,0.0,0.775,187.1362431376013
3084139821,noise_aware,nominal,0.0188093663390628,0.0397697054508968,0.985,0.0,0.7925,185.35748840536692
3084139821,boundary_aware,nominal,0.0185017200586408,0.0368855385686816,0.975,0.0,0.8175,185.9570521286477
3084139821,sharpness_aware,nominal,0.0214627773073688,0.0443481776154734,0.9675,0.0,0.65,186.2047534424808
3084139821,robust_control_aware,nominal,0.0193723267513005,0.0344660897290943,0.9825,0.0,0.665,187.3102551980584
2042987557,mse,nominal,0.0191009480046344,0.0370688875964774,0.985,0.0,0.7775,195.62893159079192
2042987557,noise_aware,nominal,0.0182014673621689,0.0354822242965649,0.99,0.0,0.7625,194.5554154125801
2042987557,boundary_aware,nominal,0.0182668173284952,0.0364742825085204,0.9875,0.0,0.7875,193.12789236389105
2042987557,sharpness_aware,nominal,0.0202038061672703,0.0367762294770301,0.985,0.0,0.67,193.0258225102838
2042987557,robust_control_aware,nominal,0.0173787198985673,0.030917851280014,0.995,0.0,0.6775,194.25489631689595
3002971205,mse,nominal,0.0200085129639114,0.038170715386842,0.9775,0.0,0.7475,193.84656501234932
3002971205,noise_aware,nominal,0.0184501613207669,0.0360179004739675,0.9875,0.0,0.7925,192.9639288797292
3002971205,boundary_aware,nominal,0.018547462661067,0.0368865712969861,0.9775,0.0,0.8225,192.1248263686109
3002971205,sharpness_aware,nominal,0.0208686447143135,0.0383085713316687,0.9825,0.0,0.67,194.0566440600026
3002971205,robust_control_aware,nominal,0.0185376143503278,0.0325676866198733,0.985,0.0,0.665,193.2962126006293
4027510005,mse,nominal,0.0201288332116271,0.0381795551904307,0.9775,0.0,0.7575,186.64833619876327
4027510005,noise_aware,nominal,0.0198181509999259,0.0412983478064052,0.9725,0.0,0.7775,185.7636103691072
4027510005,boundary_aware,nominal,0.018935173046071,0.0376947557832067,0.98,0.0,0.7775,186.3310923522464
4027510005,sharpness_aware,nominal,0.0210161708187335,0.0403806128098203,0.98,0.0,0.6825,185.69473892481483
4027510005,robust_control_aware,nominal,0.0190232458037414,0.0327039757382124,0.9725,0.0,0.68,183.88563958528215
2672624958,mse,nominal,0.0193100581038462,0.0379153109817397,0.9775,0.0,0.75,195.4328984275828
2672624958,noise_aware,nominal,0.0189841163221064,0.0385675262984294,0.98,0.0,0.76,195.503159376826
2672624958,boundary_aware,nominal,0.0187987829598928,0.0368501906489993,0.975,0.0,0.805,192.1982900389388
2672624958,sharpness_aware,nominal,0.0203269093737585,0.0392215914052048,0.9825,0.0,0.6275,191.3868408660697
2672624958,robust_control_aware,nominal,0.0184096707842358,0.0322740491269077,0.9825,0.0,0.6975,191.95508297370105
2738655513,mse,nominal,0.0189650940302167,0.0379633029514655,0.99,0.0,0.7225,191.17689195661356
2738655513,noise_aware,nominal,0.0188816041351361,0.0380662826647184,0.9775,0.0,0.76,190.27892007316476
2738655513,boundary_aware,nominal,0.0180125657252055,0.0366686621582025,0.9875,0.0,0.8125,189.9461872061895
2738655513,sharpness_aware,nominal,0.0211060118760363,0.0394663561104818,0.9725,0.0,0.6375,189.1317054492976
2738655513,robust_control_aware,nominal,0.0181306586783167,0.0320514435143883,0.9925,0.0,0.655,190.5329923846585
829092966,mse,nominal,0.0196992122336292,0.0374947375161274,0.97,0.0,0.745,187.27472852912825
829092966,noise_aware,nominal,0.0193848297007205,0.0395447750749279,0.975,0.0,0.77,187.5853379339127
829092966,boundary_aware,nominal,0.0187877128164905,0.0366299972375913,0.9725,0.0,0.8,186.58012397876288
829092966,sharpness_aware,nominal,0.0209576339886978,0.0403462023710747,0.9725,0.0,0.6925,188.4963790256849
829092966,robust_control_aware,nominal,0.0187628922100995,0.0327645685710515,0.98,0.0,0.6875,189.4095322771123
2633362063,mse,nominal,0.0200070766900558,0.0388466906983119,0.9825,0.0,0.73,190.64018789941724
2633362063,noise_aware,nominal,0.0197182523653854,0.0381601838428921,0.9775,0.0,0.7575,189.25962585620417
2633362063,boundary_aware,nominal,0.0181414344119889,0.0360691604932895,0.98,0.0,0.8025,187.89274641508052
2633362063,sharpness_aware,nominal,0.0205258754299072,0.0405647119908229,0.9775,0.0,0.6775,188.4644891984355
2633362063,robust_control_aware,nominal,0.0187915630773383,0.0325299532860199,0.98,0.0,0.6425,189.0306652250888
962559107,mse,nominal,0.0202756352899649,0.0377650673296032,0.985,0.0,0.685,194.02611383688185
962559107,noise_aware,nominal,0.0186583907770622,0.0368259955274881,0.98,0.0,0.77,190.8259525890905
962559107,boundary_aware,nominal,0.0183317502812107,0.0365803772663655,0.985,0.0,0.835,191.0569336520708
962559107,sharpness_aware,nominal,0.020531005386503,0.0379892182886418,0.98,0.0,0.6825,190.95045494841244
962559107,robust_control_aware,nominal,0.0181348745666902,0.0320403767152704,0.985,0.0,0.6875,190.73564369833812
1093805409,mse,nominal,0.0200026344092722,0.0365495324555761,0.985,0.0,0.72,193.53144466184816
1093805409,noise_aware,nominal,0.0188098244125298,0.0363229569308192,0.9725,0.0,0.84,192.38986448650195
1093805409,boundary_aware,nominal,0.0187048229791035,0.0383200302434343,0.98,0.0,0.81,191.9948995316007
1093805409,sharpness_aware,nominal,0.021203729192796,0.0405038948969113,0.9725,0.0,0.64,193.87584789444008
1093805409,robust_control_aware,nominal,0.0187989423767222,0.0331448294186849,0.9825,0.0,0.6625,194.09015699656845
962587854,mse,nominal,0.0197356824727491,0.0385866781960734,0.975,0.0,0.725,192.46534225929827
962587854,noise_aware,nominal,0.0184165568982777,0.0359367257224355,0.9875,0.0,0.785,189.57590891147
962587854,boundary_aware,nominal,0.0181487433069743,0.0373018657306501,0.98,0.0,0.8075,188.71781230808872
962587854,sharpness_aware,nominal,0.0208432750664157,0.0410024766052875,0.975,0.0,0.6675,190.95892114208908
962587854,robust_control_aware,nominal,0.0186624695028959,0.0317262951349518,0.9875,0.0,0.6275,191.39452251103108
860894674,mse,nominal,0.0194218947200565,0.0378222860195232,0.9825,0.0,0.76,191.9448428471805
860894674,noise_aware,nominal,0.0192771558413984,0.0379405756030995,0.9775,0.0,0.7475,191.59716024534524
860894674,boundary_aware,nominal,0.0176585502292389,0.034765277158722,0.9925,0.0,0.82,190.45145307778665
860894674,sharpness_aware,nominal,0.0206774321081941,0.0380932455339492,0.985,0.0,0.6775,190.63862724406
860894674,robust_control_aware,nominal,0.018637736899981,0.0326314465257923,0.985,0.0,0.6575,192.2086796533389
3655813037,mse,nominal,0.0201945131550457,0.04103185934438,0.975,0.0,0.79,186.61529309753175
3655813037,noise_aware,nominal,0.0187050224098778,0.0372589421288882,0.9725,0.0,0.8025,187.58577345204247
3655813037,boundary_aware,nominal,0.0191716145959815,0.0376039688441575,0.9825,0.0,0.77,185.18711338625116
3655813037,sharpness_aware,nominal,0.0218260411425655,0.0434923368537079,0.975,0.0,0.64,187.10827546678985
3655813037,robust_control_aware,nominal,0.0195650053379745,0.0361014126278289,0.9775,0.0,0.6225,187.8565786849612
3584847826,mse,nominal,0.0198726076591995,0.0398858309221936,0.9725,0.0,0.7275,192.38640104980144
3584847826,noise_aware,nominal,0.0188215210298251,0.0376505019805071,0.98,0.0,0.775,190.40810886214592
3584847826,boundary_aware,nominal,0.0195824686731177,0.0399060344570152,0.9675,0.0,0.765,191.76554737365268
3584847826,sharpness_aware,nominal,0.0207026948853752,0.0396308111266131,0.9775,0.0,0.6925,189.19407063758763
3584847826,robust_control_aware,nominal,0.0183148965400244,0.0334339578899332,0.98,0.0,0.6675,190.4628569316128
3191201105,mse,nominal,0.019228842809685,0.0346367229507595,0.9825,0.0,0.795,188.47501111189263
3191201105,noise_aware,nominal,0.0194166173222664,0.0381360506286444,0.9775,0.0,0.775,189.91621395453384
3191201105,boundary_aware,nominal,0.0189389538071038,0.036330467669497,0.98,0.0,0.8,190.03803632336133
3191201105,sharpness_aware,nominal,0.0206594560973131,0.0382275519614186,0.98,0.0,0.6875,189.0439928728518
3191201105,robust_control_aware,nominal,0.0182754256572351,0.0330390822366732,0.98,0.0,0.715,188.1279111132956
2911101028,mse,nominal,0.0190927694433479,0.0378580216217456,0.985,0.0,0.77,190.9155069966846
2911101028,noise_aware,nominal,0.0183223214205906,0.0354859958923709,0.985,0.0,0.775,191.001815407964
2911101028,boundary_aware,nominal,0.0180921322654765,0.0364547632034966,0.99,0.0,0.78,189.72258703071287
2911101028,sharpness_aware,nominal,0.0209098497812827,0.0413172592444514,0.9775,0.0,0.6575,193.1918888861645
2911101028,robust_control_aware,nominal,0.018514770315218,0.0334018984980692,0.98,0.0,0.6325,190.8569984950988
1310972635,mse,nominal,0.0191810241140592,0.0379537283152427,0.9875,0.0,0.7425,192.82243290483612
1310972635,noise_aware,nominal,0.0184834193971358,0.0379271712764171,0.98,0.0,0.75,192.59947026294992
1310972635,boundary_aware,nominal,0.0182629093838571,0.0346898743883869,0.9875,0.0,0.78,191.35602395228597
1310972635,sharpness_aware,nominal,0.0209921617306619,0.0394225724181109,0.9775,0.0,0.6575,190.6154445120924
1310972635,robust_control_aware,nominal,0.017838462867274,0.0314809076582104,0.9875,0.0,0.655,192.21166687345064
3628597686,mse,nominal,0.0192322532123638,0.0368782971850959,0.9825,0.0,0.73,192.81727524647175
3628597686,noise_aware,nominal,0.0179259629456307,0.038046850460569,0.985,0.0,0.7975,191.3674142002464
3628597686,boundary_aware,nominal,0.0182960051054045,0.0350672709099335,0.9875,0.0,0.7875,191.1347010979176
3628597686,sharpness_aware,nominal,0.020413259011217,0.0381527540447508,0.9875,0.0,0.65,192.5926937495542
3628597686,robust_control_aware,nominal,0.018106948577391,0.0322220638448128,0.99,0.0,0.665,192.7979259913435
3381601262,mse,nominal,0.0202886100880286,0.0425194710741944,0.96,0.0,0.7475,191.41703993426637
3381601262,noise_aware,nominal,0.0194160824259968,0.0425691005144529,0.975,0.0,0.75,189.3155506388688
3381601262,boundary_aware,nominal,0.0185517123031546,0.0380872895371151,0.985,0.0,0.7925,186.9386390602983
3381601262,sharpness_aware,nominal,0.0214221244965235,0.0449394616225821,0.96,0.0,0.68,189.82127028453584
3381601262,robust_control_aware,nominal,0.0193017689450435,0.0337923687938355,0.9775,0.0,0.6775,189.88231045769015
3092867210,mse,nominal,0.0195072122124734,0.0379595172134046,0.975,0.0,0.7675,188.1538497509301
3092867210,noise_aware,nominal,0.0194010725188882,0.0418906162561025,0.965,0.0,0.7725,187.31310312119567
3092867210,boundary_aware,nominal,0.0182144357448757,0.0367546790934711,0.98,0.0,0.81,186.43777345383444
3092867210,sharpness_aware,nominal,0.0203638846253348,0.0418452050545739,0.97,0.0,0.68,186.06002484228569
3092867210,robust_control_aware,nominal,0.0184631073406024,0.035567690115185,0.9775,0.0,0.6875,187.7855276793697
2622879300,mse,nominal,0.0206751964666039,0.042840387063995,0.965,0.0,0.735,185.5984297195427
2622879300,noise_aware,nominal,0.019446758302246,0.0379555399973139,0.975,0.0,0.77,184.8697028068832
2622879300,boundary_aware,nominal,0.0199701435480247,0.0437505057011998,0.96,0.0,0.7875,182.67217722342792
2622879300,sharpness_aware,nominal,0.0216544367250529,0.0431913932089629,0.975,0.0,0.6675,185.67260557514507
2622879300,robust_control_aware,nominal,0.0193222026082755,0.0372497366015909,0.9725,0.0,0.6225,184.6704932156697
2937656991,mse,nominal,0.0203543399451999,0.0414488765323787,0.9775,0.0,0.745,192.2038013664599
2937656991,noise_aware,nominal,0.0190020095157463,0.0382565411948828,0.98,0.0,0.7825,188.51814367596563
2937656991,boundary_aware,nominal,0.0189803220292162,0.0382208649817502,0.975,0.0,0.8075,187.0182538255825
2937656991,sharpness_aware,nominal,0.0205738864266248,0.039897670395585,0.9725,0.0,0.685,189.26856036533047
2937656991,robust_control_aware,nominal,0.018966306162169,0.0331895625183691,0.97,0.0,0.6975,189.01971739661516
1872448827,mse,nominal,0.0195428584663684,0.0400368568116645,0.9875,0.0,0.7525,189.57521249439557
1872448827,noise_aware,nominal,0.0185603881722084,0.0371104388731209,0.99,0.0,0.7825,189.95061203199816
1872448827,boundary_aware,nominal,0.0176668061058206,0.0361199659588524,0.995,0.0,0.795,187.62020826777007
1872448827,sharpness_aware,nominal,0.0212042904545845,0.0410651998520961,0.9775,0.0,0.6625,190.5477906600888
1872448827,robust_control_aware,nominal,0.0180960059742885,0.032332625167525,0.9875,0.0,0.705,188.38452329952568
2027309548,mse,nominal,0.0192219290848839,0.0365679201821019,0.98,0.0,0.7675,190.73082299322283
2027309548,noise_aware,nominal,0.0191969726882276,0.038363676119664,0.98,0.0,0.74,191.14429740662737
2027309548,boundary_aware,nominal,0.0183196641833788,0.0362577066487497,0.985,0.0,0.8025,188.8243589229994
2027309548,sharpness_aware,nominal,0.0212831646008392,0.0413652097991854,0.9775,0.0,0.6375,190.64764021047804
2027309548,robust_control_aware,nominal,0.0185217330443652,0.0313859250941599,0.98,0.0,0.6925,188.97621899327052
2136321268,mse,nominal,0.0194641467212615,0.0388888456232863,0.9825,0.0,0.7275,195.2481334596008
2136321268,noise_aware,nominal,0.0186463157405186,0.0360325969234153,0.9825,0.0,0.76,193.8069144203218
2136321268,boundary_aware,nominal,0.0177024589580869,0.032919201469673,0.985,0.0,0.8025,190.83633583704787
2136321268,sharpness_aware,nominal,0.0208051438772154,0.0383266462096409,0.9825,0.0,0.67,192.4244297325532
2136321268,robust_control_aware,nominal,0.0184711165563191,0.0315159238486094,0.9875,0.0,0.6475,193.0883606228218
3252490845,mse,nominal,0.0198530398615245,0.0386193639006498,0.975,0.0,0.73,187.34222332094453
3252490845,noise_aware,nominal,0.0196662136210521,0.0368577745326108,0.9725,0.0,0.765,190.4678523883814
3252490845,boundary_aware,nominal,0.0185572185112659,0.0359772555152673,0.9775,0.0,0.83,187.45118852948065
3252490845,sharpness_aware,nominal,0.021209767109766,0.0392587730010269,0.9825,0.0,0.63,188.79327602951903
3252490845,robust_control_aware,nominal,0.0190515834413166,0.0320826102811745,0.975,0.0,0.6525,188.288602224897
3692477288,mse,nominal,0.0191184125534491,0.0385270291075712,0.9875,0.0,0.7325,193.2187446970125
3692477288,noise_aware,nominal,0.0183470748562394,0.0376467051218294,0.9875,0.0,0.8225,191.09661009390507
3692477288,boundary_aware,nominal,0.0183061102627958,0.0347693159287978,0.985,0.0,0.8,190.07359080389028
3692477288,sharpness_aware,nominal,0.0206368405688006,0.0384216572683836,0.975,0.0,0.7075,191.30551988435616
3692477288,robust_control_aware,nominal,0.0189289793085214,0.0333699404781083,0.98,0.0,0.6575,191.7660322122073
72726709,mse,nominal,0.0201688743064503,0.0420983815076368,0.9775,0.0,0.69,187.3957871261777
72726709,noise_aware,nominal,0.0192418741449354,0.0418581484323841,0.9725,0.0,0.77,189.02734433890183
72726709,boundary_aware,nominal,0.0182832158434847,0.03545567079578,0.9825,0.0,0.795,186.69145584611493
72726709,sharpness_aware,nominal,0.0207344706309582,0.0383903663298746,0.9825,0.0,0.675,187.54446083113768
72726709,robust_control_aware,nominal,0.0189877743695107,0.0330549026406728,0.975,0.0,0.665,188.98848612904143
263809025,mse,nominal,0.0194408365809374,0.0374125513718911,0.9825,0.0,0.74,190.42440836993077
263809025,noise_aware,nominal,0.0186013551487286,0.0373651141773177,0.9825,0.0,0.7625,188.41681471724772
263809025,boundary_aware,nominal,0.0187221051725413,0.0363367665581282,0.9775,0.0,0.78,187.50065020914488
263809025,sharpness_aware,nominal,0.0208588526267991,0.0395389350807859,0.97,0.0,0.655,188.77495437074987
263809025,robust_control_aware,nominal,0.0187311601664023,0.0327926180331865,0.98,0.0,0.635,189.01097819264996
388266878,mse,nominal,0.0194361454182536,0.0391952970324392,0.9825,0.0,0.755,192.07439313505924
388266878,noise_aware,nominal,0.0181389700241304,0.036804969538225,0.9825,0.0,0.805,193.75845971662065
388266878,boundary_aware,nominal,0.0183058142869643,0.0371378133805396,0.9825,0.0,0.7775,190.34149712141715
388266878,sharpness_aware,nominal,0.0205208093366966,0.0392833909284392,0.97,0.0,0.6775,190.56978176826968
388266878,robust_control_aware,nominal,0.0180082352821788,0.031655611304099,0.9925,0.0,0.6375,192.07236035748332
3805909048,mse,nominal,0.0189323982316943,0.0372538362524575,0.9925,0.0,0.7475,191.1030783305311
3805909048,noise_aware,nominal,0.0184857654516138,0.0374012687364682,0.985,0.0,0.7575,189.10072750928336
3805909048,boundary_aware,nominal,0.0176527328010444,0.0356228895841269,0.9875,0.0,0.785,189.2936888263765
3805909048,sharpness_aware,nominal,0.0201510345427632,0.0379182468644646,0.9775,0.0,0.685,190.38690667347163
3805909048,robust_control_aware,nominal,0.0180833086098601,0.0322268993295451,0.99,0.0,0.6875,190.22757195415136
3006661105,mse,nominal,0.0195019056053931,0.0379278986704151,0.985,0.0,0.7075,192.49028255801412
3006661105,noise_aware,nominal,0.018123757805491,0.0384914572683929,0.985,0.0,0.7625,192.32295340201324
3006661105,boundary_aware,nominal,0.0182477240961219,0.0385104933818297,0.975,0.0,0.785,188.99160181166332
3006661105,sharpness_aware,nominal,0.0209266600731741,0.0404602548225193,0.98,0.0,0.62,192.3207902068077
3006661105,robust_control_aware,nominal,0.0183938285106427,0.0327560685500319,0.9825,0.0,0.675,192.52479786053487
2400255462,mse,nominal,0.0208562278353225,0.0436458886478531,0.97,0.0,0.7125,184.9925304703421
2400255462,noise_aware,nominal,0.0190563654863243,0.0405201578554604,0.9825,0.0,0.7725,183.55302137338464
2400255462,boundary_aware,nominal,0.0190598770231162,0.0380618468135416,0.975,0.0,0.7975,183.5077128701652
2400255462,sharpness_aware,nominal,0.0208345830795623,0.0420469055568181,0.975,0.0,0.695,182.9916866648868
2400255462,robust_control_aware,nominal,0.0191151211926747,0.0350220751754601,0.98,0.0,0.6875,184.01776924489891
1592815009,mse,nominal,0.0197681115081577,0.0393288073516226,0.985,0.0,0.715,193.64849301533687
1592815009,noise_aware,nominal,0.0189004213425571,0.0368101446076762,0.9825,0.0,0.7775,191.38287069779363
1592815009,boundary_aware,nominal,0.0178739256766941,0.0361973353638977,0.9875,0.0,0.78,192.0372815050083
1592815009,sharpness_aware,nominal,0.0201761635419919,0.0373512423015573,0.9875,0.0,0.68,190.39377180486144
1592815009,robust_control_aware,nominal,0.0183431028281619,0.0317175187545413,0.9875,0.0,0.635,192.1680415457958
616946658,mse,nominal,0.0197771314763715,0.0401862828245957,0.9875,0.0,0.7475,188.8635855723245
616946658,noise_aware,nominal,0.018534160035272,0.0358948399410823,0.985,0.0,0.775,186.4266258874681
616946658,boundary_aware,nominal,0.0188560826994862,0.0382100865123716,0.9825,0.0,0.78,185.59747193306097
616946658,sharpness_aware,nominal,0.0208247078418508,0.0401280151907281,0.9725,0.0,0.7275,185.480681774238
616946658,robust_control_aware,nominal,0.0188806892839456,0.0330692008841976,0.9875,0.0,0.65,185.72881627136397
4125253457,mse,nominal,0.0197427747033415,0.0402462163094914,0.975,0.0,0.73,189.9157518562749
4125253457,noise_aware,nominal,0.0191435642603299,0.0358034606725296,0.975,0.0,0.75,187.29840142161896
4125253457,boundary_aware,nominal,0.0184011555303317,0.0367377022905075,0.9825,0.0,0.815,185.2963255284345
4125253457,sharpness_aware,nominal,0.0209066241335853,0.0407482747680408,0.98,0.0,0.6825,187.36879653357
4125253457,robust_control_aware,nominal,0.0191036119960072,0.0325848709801689,0.98,0.0,0.7,189.0291340487896
1894299039,mse,nominal,0.0201969881840403,0.040596284879048,0.9775,0.0,0.72,196.44540444364185
1894299039,noise_aware,nominal,0.0190154083949706,0.0364129795548644,0.9825,0.0,0.7575,193.0675429876372
1894299039,boundary_aware,nominal,0.0178589417469975,0.0359698221019515,0.9875,0.0,0.835,193.2273687136988
1894299039,sharpness_aware,nominal,0.0204519618155688,0.0386338348893288,0.985,0.0,0.6875,193.31562722372445
1894299039,robust_control_aware,nominal,0.0182190834115801,0.0308185233321604,0.98,0.0,0.62,196.56717792654632
1826657357,mse,nominal,0.019580576096737,0.0403090941029301,0.9825,0.0,0.7325,189.52571729422277
1826657357,noise_aware,nominal,0.0192057465779488,0.0420958449222732,0.97,0.0,0.7725,187.8514060752288
1826657357,boundary_aware,nominal,0.0181671858129285,0.0384208552262011,0.98,0.0,0.7925,185.89520409581613
1826657357,sharpness_aware,nominal,0.0209335648424614,0.0422773890665558,0.975,0.0,0.69,186.84564381166768
1826657357,robust_control_aware,nominal,0.0188738984944427,0.0331914424565274,0.98,0.0,0.6525,187.77207990306485
3869760332,mse,nominal,0.020469913222916,0.0403201206891965,0.9675,0.0,0.77,191.4199696154148
3869760332,noise_aware,nominal,0.0191162006877115,0.0390188992191871,0.9725,0.0,0.7625,188.6312480602411
3869760332,boundary_aware,nominal,0.0189680254968484,0.0380799336436135,0.9775,0.0,0.785,190.3865553780196
3869760332,sharpness_aware,nominal,0.0211703256197463,0.0405177485723645,0.9775,0.0,0.6875,189.1615493788166
3869760332,robust_control_aware,nominal,0.0187320217096216,0.0339843331966265,0.975,0.0,0.6975,188.7623285639025
3942096291,mse,nominal,0.0201568221735264,0.0400753954047347,0.975,0.0,0.765,188.318257760339
3942096291,noise_aware,nominal,0.0190562853362605,0.0382987249802529,0.9825,0.0,0.76,187.32817820635765
3942096291,boundary_aware,nominal,0.0191930443558495,0.0387614970164221,0.9725,0.0,0.7775,187.5984609550082
3942096291,sharpness_aware,nominal,0.0216952363727401,0.0450739384658981,0.9625,0.0,0.6675,186.6682066762968
3942096291,robust_control_aware,nominal,0.0190678583679062,0.0340455402438803,0.975,0.0,0.6625,188.2953115041776
4196962272,mse,nominal,0.0200493448362766,0.0396038249520351,0.98,0.0,0.74,188.3569793756299
4196962272,noise_aware,nominal,0.019688457132666,0.038556453799661,0.98,0.0,0.7275,187.61977490344736
4196962272,boundary_aware,nominal,0.018750980685308,0.0378921874896684,0.9775,0.0,0.795,186.9962584542817
4196962272,sharpness_aware,nominal,0.0210628820507554,0.0419154605448775,0.975,0.0,0.65,186.0060948369929
4196962272,robust_control_aware,nominal,0.0191665243507232,0.0327689218951856,0.98,0.0,0.67,186.9449388846468
650737436,mse,nominal,0.0198107702908319,0.038792144239911,0.9775,0.0,0.75,189.5338270001741
650737436,noise_aware,nominal,0.0184471430243376,0.0367007199222497,0.9875,0.0,0.8,188.57778916405908
650737436,boundary_aware,nominal,0.0183594825384363,0.0373370559075693,0.985,0.0,0.795,188.14191768807552
650737436,sharpness_aware,nominal,0.0211777793262229,0.0414844779111129,0.9725,0.0,0.655,188.49856265053737
650737436,robust_control_aware,nominal,0.0183759351723617,0.032375317153959,0.9875,0.0,0.705,188.4518196762595
2765233509,mse,nominal,0.0201679554197888,0.0421981537100708,0.9725,0.0,0.76,191.38099605037644
2765233509,noise_aware,nominal,0.0195641267312778,0.0453212548305224,0.9575,0.0,0.7775,190.32256667788576
2765233509,boundary_aware,nominal,0.018482211484801,0.0381359511527716,0.975,0.0,0.79,188.7702442618333
2765233509,sharpness_aware,nominal,0.0209241412449739,0.0413103321386596,0.9725,0.0,0.7025,189.305947788718
2765233509,robust_control_aware,nominal,0.0189111244609843,0.0360214199870765,0.9825,0.0,0.6925,189.20661487995247
2648460118,mse,nominal,0.0193273331464339,0.0367531540015499,0.9825,0.0,0.7625,193.7842275592905
2648460118,noise_aware,nominal,0.0189677340198544,0.0358905210918099,0.9825,0.0,0.75,193.2065958208078
2648460118,boundary_aware,nominal,0.0180989643635704,0.0345410829820349,0.9925,0.0,0.7825,190.8874706938872
2648460118,sharpness_aware,nominal,0.0208672040157831,0.0395716723652505,0.9775,0.0,0.6675,192.5997193583604
2648460118,robust_control_aware,nominal,0.0184406186510802,0.0315526754502701,0.9875,0.0,0.625,193.90371003047215
2721002355,mse,nominal,0.0207797163835304,0.0423494408619092,0.965,0.0,0.7325,189.7577617066289
2721002355,noise_aware,nominal,0.0191909153287524,0.042459674583187,0.975,0.0,0.755,189.9227325840664
2721002355,boundary_aware,nominal,0.0190835074453927,0.0402391849190182,0.975,0.0,0.785,186.0987658455709
2721002355,sharpness_aware,nominal,0.0209540854257801,0.0399061746865583,0.9725,0.0,0.69,186.20326431977657
2721002355,robust_control_aware,nominal,0.0186486240050698,0.0324623604658482,0.975,0.0,0.68,187.98359088995784
1443607338,mse,nominal,0.0209151050833609,0.0404124579353212,0.975,0.0,0.735,187.61086814223532
1443607338,noise_aware,nominal,0.0196069089052064,0.0391991399085195,0.97,0.0,0.7775,184.76959664199893
1443607338,boundary_aware,nominal,0.0195808247561656,0.0386616769385812,0.97,0.0,0.8075,184.36277270176683
1443607338,sharpness_aware,nominal,0.021811928602745,0.0436530576328543,0.9675,0.0,0.64,185.4113260735172
1443607338,robust_control_aware,nominal,0.0188410966060902,0.0346812899712807,0.975,0.0,0.685,184.5101503846833
3718361383,mse,nominal,0.0205239154110135,0.0393132151978508,0.975,0.0,0.7075,188.65646054265667
3718361383,noise_aware,nominal,0.0191265176319191,0.0385484790159314,0.9775,0.0,0.7575,187.20293115268063
3718361383,boundary_aware,nominal,0.0189193492058773,0.0372862073703996,0.9775,0.0,0.775,185.9427894058764
3718361383,sharpness_aware,nominal,0.0217196295024161,0.0406661488400721,0.9775,0.0,0.655,187.65599808160368
3718361383,robust_control_aware,nominal,0.0183269810071133,0.0322641266600321,0.99,0.0,0.6625,187.5143041604801
2813098644,mse,nominal,0.0189993914938925,0.038174486991451,0.985,0.0,0.755,191.9449261826889
2813098644,noise_aware,nominal,0.0194005007566531,0.0373106740078858,0.98,0.0,0.7775,190.4152006619047
2813098644,boundary_aware,nominal,0.0177580225276894,0.0331469767213237,0.9875,0.0,0.7775,188.89564887582517
2813098644,sharpness_aware,nominal,0.0204801142217506,0.038331987470399,0.98,0.0,0.675,190.1930859984895
2813098644,robust_control_aware,nominal,0.0188717821224012,0.0309769331392913,0.985,0.0,0.6125,191.2397452758527
4226629241,mse,nominal,0.0200463293354568,0.04091853022557,0.9775,0.0,0.7475,194.0764796756157
4226629241,noise_aware,nominal,0.0188971521413448,0.0368038658037762,0.9775,0.0,0.7575,191.4131416291656
4226629241,boundary_aware,nominal,0.0185701589501386,0.0352957115014562,0.98,0.0,0.7825,191.3244442244204
4226629241,sharpness_aware,nominal,0.0207571663830858,0.0390849688906271,0.9775,0.0,0.675,191.76764629992596
4226629241,robust_control_aware,nominal,0.0190402786758579,0.0322541351000809,0.975,0.0,0.6175,191.057446302162
1180688000,mse,nominal,0.0195750561888011,0.0382699110694264,0.985,0.0,0.725,194.82788597231664
1180688000,noise_aware,nominal,0.018290236656351,0.0375338232243355,0.99,0.0,0.7675,193.1346597771298
1180688000,boundary_aware,nominal,0.0180206231752568,0.0347763322060477,0.985,0.0,0.7975,190.1317880485049
1180688000,sharpness_aware,nominal,0.0208150669069384,0.0380228638844142,0.9875,0.0,0.6175,192.8763438962849
1180688000,robust_control_aware,nominal,0.0182381179122923,0.0306873877938377,0.9875,0.0,0.6625,191.89549459708752
2121584357,mse,nominal,0.0195739830147279,0.0389142625625463,0.985,0.0,0.735,192.6826598482548
2121584357,noise_aware,nominal,0.0188950374889089,0.0363682875249768,0.98,0.0,0.755,190.61389688275705
2121584357,boundary_aware,nominal,0.0184342046349487,0.0368021851376718,0.985,0.0,0.765,188.9391311060932
2121584357,sharpness_aware,nominal,0.0207237178624019,0.0397144445381373,0.9825,0.0,0.6725,189.40376203485656
2121584357,robust_control_aware,nominal,0.0186419628001551,0.0333893158640722,0.9875,0.0,0.6675,189.4394711965736
724579447,mse,nominal,0.0194799667884327,0.0371960060657085,0.98,0.0,0.7425,190.2195997960424
724579447,noise_aware,nominal,0.0190795423010977,0.0379069469596375,0.9825,0.0,0.7525,190.56786384467327
724579447,boundary_aware,nominal,0.0184969919798393,0.0367298923421086,0.9825,0.0,0.8,188.11278299332375
724579447,sharpness_aware,nominal,0.0212910091542874,0.0434893891048999,0.975,0.0,0.655,190.43931285147457
724579447,robust_control_aware,nominal,0.018390223466766,0.0328797322720359,0.985,0.0,0.6875,188.36933340910707
1117812916,mse,nominal,0.020731935026759,0.042140572245177,0.9625,0.0,0.7625,185.9788426360675
1117812916,noise_aware,nominal,0.0201846912629571,0.0410060825864135,0.9725,0.0,0.7775,186.9736717672276
1117812916,boundary_aware,nominal,0.0194485776171289,0.0406812251757119,0.965,0.0,0.8175,184.0709203212267
1117812916,sharpness_aware,nominal,0.021403671081552,0.0421650374314135,0.965,0.0,0.69,186.6595712474721
1117812916,robust_control_aware,nominal,0.0191395257710627,0.034329064803404,0.97,0.0,0.7225,185.2658324261132
1530323167,mse,nominal,0.0199347089594131,0.0406870751202276,0.9825,0.0,0.735,192.6487097600436
1530323167,noise_aware,nominal,0.0194660007149168,0.0397406361605009,0.9725,0.0,0.74,192.0548976917425
1530323167,boundary_aware,nominal,0.0189231631025462,0.0369957945992322,0.9775,0.0,0.785,189.6879625640632
1530323167,sharpness_aware,nominal,0.0211328794992179,0.0412928765369368,0.98,0.0,0.6525,190.6231321904186
1530323167,robust_control_aware,nominal,0.0184428484654224,0.0316983785785635,0.985,0.0,0.6125,190.15027388183896
1709400583,mse,nominal,0.0196812846266254,0.037602367556027,0.9825,0.0,0.755,189.88437478382417
1709400583,noise_aware,nominal,0.0197607180646166,0.0379420148634949,0.9775,0.0,0.75,189.43259907730348
1709400583,boundary_aware,nominal,0.0186399825443874,0.0377128856845952,0.9825,0.0,0.825,186.4284057967489
1709400583,sharpness_aware,nominal,0.0206540536348928,0.0402861254047577,0.9775,0.0,0.665,186.8597679049145
1709400583,robust_control_aware,nominal,0.0184935910436657,0.0322729333367196,0.99,0.0,0.665,188.3273534785259
1133912448,mse,nominal,0.0195294966384872,0.0389774602302116,0.98,0.0,0.795,190.36139235422104
1133912448,noise_aware,nominal,0.0191107840232084,0.0378138393125033,0.9725,0.0,0.81,190.1929465832927
1133912448,boundary_aware,nominal,0.0188147637166408,0.0356053887049623,0.98,0.0,0.8025,187.91048201455123
1133912448,sharpness_aware,nominal,0.0212336542000812,0.0413114987255099,0.97,0.0,0.6925,189.5934889801133
1133912448,robust_control_aware,nominal,0.0185442109691461,0.0336277678830914,0.98,0.0,0.71,191.290676330603
3841604218,mse,nominal,0.0200042867237867,0.0411740356956224,0.975,0.0,0.73,183.6202642177251
3841604218,noise_aware,nominal,0.0197748229802091,0.0416126361856602,0.96,0.0,0.74,181.32247446918643
3841604218,boundary_aware,nominal,0.0190750115268053,0.0383309190697106,0.9725,0.0,0.7275,180.07906817225586
3841604218,sharpness_aware,nominal,0.02139872319843,0.0443058194439722,0.9675,0.0,0.66,181.5475263544253
3841604218,robust_control_aware,nominal,0.0189063624625516,0.0352734505573494,0.975,0.0,0.7,180.26418566178063
1476672215,mse,nominal,0.0195416048199361,0.0398076566999196,0.98,0.0,0.77,193.09678783223225
1476672215,noise_aware,nominal,0.0189083518560247,0.0364075296656753,0.99,0.0,0.7225,191.4336855727274
1476672215,boundary_aware,nominal,0.0189153688693037,0.0358883021399955,0.985,0.0,0.76,189.42119120977773
1476672215,sharpness_aware,nominal,0.0210181988691101,0.0407108572746829,0.98,0.0,0.64,193.0415118866528
1476672215,robust_control_aware,nominal,0.0177668779685762,0.0313427611614303,0.99,0.0,0.6825,191.707481604431
884250997,mse,nominal,0.0194182116125938,0.0386616273581569,0.975,0.0,0.7625,189.20894471974643
884250997,noise_aware,nominal,0.0191462684607543,0.0376701957699437,0.975,0.0,0.75,189.5916110101774
884250997,boundary_aware,nominal,0.01863519034421,0.0372441984633766,0.9825,0.0,0.815,187.33664449176604
884250997,sharpness_aware,nominal,0.0217521043632529,0.0416770250417853,0.9625,0.0,0.6425,190.82312905559107
884250997,robust_control_aware,nominal,0.0185136517293884,0.0326168086604212,0.98,0.0,0.66,189.57391628189265
1002348142,mse,nominal,0.0206147623010355,0.0377698526098066,0.9675,0.0,0.7225,185.46356551649552
1002348142,noise_aware,nominal,0.0198513960650333,0.0408554254901492,0.9625,0.0,0.8125,184.66590643384453
1002348142,boundary_aware,nominal,0.0193189480453052,0.0385324795554434,0.9725,0.0,0.78,185.60992166935853
1002348142,sharpness_aware,nominal,0.022210845628402,0.0426869217565038,0.965,0.0,0.66,185.0745360722131
1002348142,robust_control_aware,nominal,0.0197028863375015,0.0376799446756584,0.97,0.0,0.6575,186.3448852897866
1627011397,mse,nominal,0.0200421193153457,0.0397066459779584,0.9775,0.0,0.705,190.55789144767027
1627011397,noise_aware,nominal,0.0195725979578965,0.0387585558662047,0.9775,0.0,0.77,189.9084198016469
1627011397,boundary_aware,nominal,0.0180018166262933,0.0343301566371862,0.985,0.0,0.7625,185.84266599761543
1627011397,sharpness_aware,nominal,0.0212155786519297,0.0405577361761653,0.97,0.0,0.6625,188.84017058733173
1627011397,robust_control_aware,nominal,0.0181534727413939,0.0327313884910579,0.985,0.0,0.6925,188.71594609418867
1076126967,mse,nominal,0.020463542997059,0.0401741016735375,0.97,0.0,0.725,185.44803859916084
1076126967,noise_aware,nominal,0.0193450546520224,0.0401799534300703,0.9725,0.0,0.765,185.41676151530123
1076126967,boundary_aware,nominal,0.0191058478981847,0.0385201945582383,0.975,0.0,0.8,182.15931854585733
1076126967,sharpness_aware,nominal,0.0212974796918421,0.0400048264800587,0.97,0.0,0.6525,185.3290011872749
1076126967,robust_control_aware,nominal,0.019696835328803,0.0369396495538372,0.975,0.0,0.6425,185.2409445842516
923743962,mse,nominal,0.0193922607540707,0.0393197779043447,0.9875,0.0,0.735,195.7354647679429
923743962,noise_aware,nominal,0.0184099957866333,0.0357862974514453,0.9875,0.0,0.7975,192.7636143738432
923743962,boundary_aware,nominal,0.0178970819939476,0.0352928679919453,0.9925,0.0,0.7775,192.1398065917767
923743962,sharpness_aware,nominal,0.0203690843470828,0.0399221587412889,0.9775,0.0,0.7,191.91646458993205
923743962,robust_control_aware,nominal,0.0176289130588209,0.0305881448260538,0.9925,0.0,0.635,194.03683120749884
3894377936,mse,nominal,0.0201161416063751,0.0400958808719775,0.98,0.0,0.765,189.43755447399585
3894377936,noise_aware,nominal,0.0189843168142587,0.0385324653449445,0.9875,0.0,0.7825,188.383749806384
3894377936,boundary_aware,nominal,0.0178782474639089,0.036188352209943,0.995,0.0,0.8225,187.31210130116492
3894377936,sharpness_aware,nominal,0.0208296428768378,0.0395271746020359,0.98,0.0,0.6625,188.86016110413144
3894377936,robust_control_aware,nominal,0.0183872286834228,0.0321676080095623,0.9875,0.0,0.6775,188.4639042086488
1825409742,mse,nominal,0.0199125966585678,0.0392870043639848,0.98,0.0,0.7175,188.2583735794624
1825409742,noise_aware,nominal,0.0192628064479532,0.0393467777327075,0.9775,0.0,0.7525,187.3340652418032
1825409742,boundary_aware,nominal,0.0179554932718906,0.0354901081713281,0.985,0.0,0.7825,186.10877075246697
1825409742,sharpness_aware,nominal,0.0211254358116332,0.039638093458911,0.9775,0.0,0.63,186.3710125601313
1825409742,robust_control_aware,nominal,0.0187232036424828,0.0363100952585805,0.9875,0.0,0.6475,185.7181155463365
907752744,mse,nominal,0.0198411028337101,0.0398928771946155,0.98,0.0,0.7075,189.80806055115968
907752744,noise_aware,nominal,0.0190035942552825,0.0403041003328007,0.975,0.0,0.8025,190.470449243983
907752744,boundary_aware,nominal,0.0187337138660351,0.0364263173742318,0.9775,0.0,0.7725,188.654819406458
907752744,sharpness_aware,nominal,0.0211503456563919,0.0427829750577471,0.97,0.0,0.6575,189.09538009338615
907752744,robust_control_aware,nominal,0.0185747985440384,0.0330137983177663,0.985,0.0,0.655,188.9774591045085
1662780807,mse,nominal,0.0189730702363479,0.0390226262403383,0.9875,0.0,0.75,192.91312880658157
1662780807,noise_aware,nominal,0.0183090551828084,0.0387064489535035,0.9875,0.0,0.775,190.4594163887252
1662780807,boundary_aware,nominal,0.0174191284923673,0.0340367536177179,0.9875,0.0,0.8125,190.13609036217963
1662780807,sharpness_aware,nominal,0.0209340594974931,0.0385319662717904,0.985,0.0,0.635,192.25587627437815
1662780807,robust_control_aware,nominal,0.0177737322885088,0.0310246898867288,0.995,0.0,0.6775,190.66134437281295
2121423049,mse,nominal,0.0204752351480031,0.0412822352855913,0.9625,0.0,0.7525,190.3687579818761
2121423049,noise_aware,nominal,0.0190225937573506,0.0391017012455852,0.985,0.0,0.7625,187.79116693441432
2121423049,boundary_aware,nominal,0.0184734183984842,0.0373235549412717,0.975,0.0,0.8075,186.20619762277536
2121423049,sharpness_aware,nominal,0.0208426788304785,0.040343269062226,0.9725,0.0,0.675,187.56642334658315
2121423049,robust_control_aware,nominal,0.018658675722812,0.0318676432132904,0.9775,0.0,0.695,188.5394533425624
3968988679,mse,nominal,0.0194721862933169,0.0377132811322762,0.985,0.0,0.7625,190.78952839170609
3968988679,noise_aware,nominal,0.0187766536649928,0.0388254015803988,0.9875,0.0,0.77,187.6760795579283
3968988679,boundary_aware,nominal,0.0184496024337275,0.0357819772932427,0.99,0.0,0.7825,186.81723978666096
3968988679,sharpness_aware,nominal,0.0205250427641859,0.0408003969963473,0.98,0.0,0.675,188.14658980676344
3968988679,robust_control_aware,nominal,0.0183039677264128,0.0315778573169098,0.985,0.0,0.6675,189.26534845170025
1493249476,mse,nominal,0.019310304329477,0.0384734500724407,0.9875,0.0,0.755,191.5119934026305
1493249476,noise_aware,nominal,0.0187043253730773,0.0378788409924687,0.985,0.0,0.765,192.74007303549263
1493249476,boundary_aware,nominal,0.0178644434922342,0.0356965013932043,0.9925,0.0,0.77,190.4625380400344
1493249476,sharpness_aware,nominal,0.0204590751105239,0.0396085652922227,0.9825,0.0,0.6775,191.30439237683544
1493249476,robust_control_aware,nominal,0.0177839635805545,0.0303810953088142,0.99,0.0,0.665,190.7610479933914
1567049265,mse,nominal,0.0200748810294947,0.0409350504274313,0.9725,0.0,0.7475,188.9717201464932
1567049265,noise_aware,nominal,0.019738028112918,0.0427637531528687,0.975,0.0,0.7225,190.16488148880785
1567049265,boundary_aware,nominal,0.0181810646063005,0.0376251781170296,0.9775,0.0,0.8,187.38367992658488
1567049265,sharpness_aware,nominal,0.0218093443625966,0.0425965331098552,0.965,0.0,0.68,188.08717986091085
1567049265,robust_control_aware,nominal,0.0192073564402983,0.0340400839536859,0.975,0.0,0.6625,187.62749326102292
1443871119,mse,nominal,0.0201261156090478,0.0372271333182791,0.9775,0.0,0.72,184.42479961880656
1443871119,noise_aware,nominal,0.0194780806497951,0.0393768754639889,0.97,0.0,0.7475,183.5201880261897
1443871119,boundary_aware,nominal,0.0194354408214474,0.038513140406506,0.975,0.0,0.7325,181.33508629168583
1443871119,sharpness_aware,nominal,0.0221347223749715,0.0454199862615536,0.9625,0.0,0.66,184.08043517456773
1443871119,robust_control_aware,nominal,0.0189283601399119,0.0345714124427472,0.985,0.0,0.6625,182.11830004611696
207789827,mse,nominal,0.0198997499281961,0.0386149543085314,0.9875,0.0,0.73,191.1395893689224
207789827,noise_aware,nominal,0.0189187428438257,0.0375087842148411,0.98,0.0,0.805,189.37109247539647
207789827,boundary_aware,nominal,0.0187915776823438,0.0386436929353679,0.98,0.0,0.805,187.53770910542875
207789827,sharpness_aware,nominal,0.0218463744426,0.0411882424996583,0.9675,0.0,0.6425,189.39314471847933
207789827,robust_control_aware,nominal,0.0187594536124363,0.0321075648889986,0.9825,0.0,0.6425,190.41225005831984
2665534169,mse,nominal,0.0203499365504353,0.0407407070911019,0.9725,0.0,0.745,187.7170715796825
2665534169,noise_aware,nominal,0.019715203365416,0.0393919672541318,0.9675,0.0,0.7575,184.8666937558187
2665534169,boundary_aware,nominal,0.019152283126278,0.0403550554756105,0.9675,0.0,0.7875,183.7252004184681
2665534169,sharpness_aware,nominal,0.0214067091716965,0.0398330626414567,0.9725,0.0,0.6575,184.9546679479231
2665534169,robust_control_aware,nominal,0.0188617222614876,0.0329798842309486,0.98,0.0,0.655,186.4897337875027
3207734048,mse,nominal,0.0199246726163191,0.0364822430929804,0.9775,0.0,0.74,192.0193062034806
3207734048,noise_aware,nominal,0.0198841312082079,0.037620495165352,0.9725,0.0,0.75,191.86879549178929
3207734048,boundary_aware,nominal,0.0180220195892593,0.0347651642727552,0.9875,0.0,0.755,190.6687398667972
3207734048,sharpness_aware,nominal,0.0202765841693602,0.0379268103405914,0.9825,0.0,0.6675,190.00543528686583
3207734048,robust_control_aware,nominal,0.0186357225661292,0.0325927103537233,0.9875,0.0,0.6675,191.59447401811548
659579441,mse,nominal,0.0197512438782268,0.0390378854440188,0.98,0.0,0.7175,191.53106934257136
659579441,noise_aware,nominal,0.0192832977867881,0.0403583876258489,0.9775,0.0,0.7775,191.05000054115263
659579441,boundary_aware,nominal,0.0183712527515512,0.0359032933894271,0.98,0.0,0.8025,189.74850558888997
659579441,sharpness_aware,nominal,0.0209016472739556,0.0421881080781781,0.975,0.0,0.6675,192.1074560789484
659579441,robust_control_aware,nominal,0.0185955205054125,0.0332270677137238,0.985,0.0,0.6375,189.57260252304545
1831990360,mse,nominal,0.0196387970778831,0.0385049327800215,0.9825,0.0,0.71,188.52146612500485
1831990360,noise_aware,nominal,0.0189031760874323,0.0418104667927795,0.9725,0.0,0.8,187.88692876887785
1831990360,boundary_aware,nominal,0.0185156449714241,0.0400239246226753,0.975,0.0,0.7925,187.19881980648336
1831990360,sharpness_aware,nominal,0.0214980474287751,0.0430345762532486,0.9625,0.0,0.6825,187.98605672319292
1831990360,robust_control_aware,nominal,0.0185062976613331,0.0327439447418239,0.985,0.0,0.6475,187.2226008962001
575250115,mse,nominal,0.0195907525518493,0.0379923522198562,0.975,0.0,0.765,190.05387981508247
575250115,noise_aware,nominal,0.0188424873749209,0.0370686687677886,0.985,0.0,0.78,189.62824830855016
575250115,boundary_aware,nominal,0.0185334282639486,0.0363519537212069,0.9775,0.0,0.7975,188.14854539123144
575250115,sharpness_aware,nominal,0.0212416921564244,0.0400536709795036,0.975,0.0,0.685,190.0016492126247
575250115,robust_control_aware,nominal,0.0192521842585226,0.0330680901471405,0.98,0.0,0.68,187.9083146610063
3743157485,mse,nominal,0.0205991655532825,0.0422127512039071,0.9675,0.0,0.7425,184.76610706661285
3743157485,noise_aware,nominal,0.0195997418322206,0.0430041575483837,0.97,0.0,0.755,184.9645294903591
3743157485,boundary_aware,nominal,0.0190791184870985,0.0380265360730593,0.9775,0.0,0.8025,181.74560817266772
3743157485,sharpness_aware,nominal,0.0205347190697729,0.0394544256150227,0.975,0.0,0.7,182.18565049887775
3743157485,robust_control_aware,nominal,0.0189304688511901,0.0348772440901247,0.975,0.0,0.6925,182.94473395478929
1796461005,mse,nominal,0.0197917743099444,0.0381594710360847,0.9825,0.0,0.75,189.04673081922832
1796461005,noise_aware,nominal,0.0187253599637178,0.0366945458255313,0.98,0.0,0.7725,187.68740295532365
1796461005,boundary_aware,nominal,0.0184191497106154,0.0361081085469549,0.9875,0.0,0.77,185.1732666930848
1796461005,sharpness_aware,nominal,0.0212119306911614,0.0400053500272411,0.985,0.0,0.6925,186.96506457760077
1796461005,robust_control_aware,nominal,0.0188783604686168,0.0323245883448583,0.9825,0.0,0.655,186.876172262916
4057262831,mse,nominal,0.0195749333313046,0.0381492099929896,0.9775,0.0,0.75,186.6562307317716
4057262831,noise_aware,nominal,0.0189123349545455,0.0375231180593307,0.9825,0.0,0.7525,186.71282407612856
4057262831,boundary_aware,nominal,0.0184968072940876,0.0374992790245907,0.975,0.0,0.8075,182.5908461344225
4057262831,sharpness_aware,nominal,0.0212963380369911,0.0443538383849793,0.965,0.0,0.67,185.57759336814692
4057262831,robust_control_aware,nominal,0.0191293860648888,0.0355906854257114,0.975,0.0,0.685,186.99274820830453
3530410642,mse,nominal,0.020069423000531,0.0397467029903258,0.975,0.0,0.715,193.2871214406078
3530410642,noise_aware,nominal,0.0195659235832903,0.039068268700917,0.9725,0.0,0.735,192.3742023253963
3530410642,boundary_aware,nominal,0.018267714752025,0.037070177486847,0.9925,0.0,0.7925,191.79751439948305
3530410642,sharpness_aware,nominal,0.0211002865872799,0.0392746316916287,0.98,0.0,0.6525,192.8184187312501
3530410642,robust_control_aware,nominal,0.0186760269641067,0.0329327238736695,0.9875,0.0,0.6125,195.33973075087547
668701307,mse,nominal,0.0196623342127752,0.0392151905816685,0.9825,0.0,0.745,187.7644864966065
668701307,noise_aware,nominal,0.0189152452799389,0.0364760407941437,0.975,0.0,0.7775,186.9384121344661
668701307,boundary_aware,nominal,0.0181879419372692,0.0359952253272081,0.99,0.0,0.795,187.58467887124843
668701307,sharpness_aware,nominal,0.020893805581182,0.0418733961100225,0.98,0.0,0.66,187.09657223196115
668701307,robust_control_aware,nominal,0.0182504493086112,0.0326928156779486,0.985,0.0,0.6975,186.16054841634715
2440047106,mse,nominal,0.0194149028216693,0.0374779494464738,0.9825,0.0,0.73,194.1188622099837
2440047106,noise_aware,nominal,0.0186312636628345,0.0388411789407343,0.9825,0.0,0.7825,192.81087564559425
2440047106,boundary_aware,nominal,0.0180982147557139,0.0346382289314411,0.9825,0.0,0.7925,189.66896523061095
2440047106,sharpness_aware,nominal,0.0204516983257496,0.0392945453994911,0.98,0.0,0.66,192.26856064841223
2440047106,robust_control_aware,nominal,0.0181152270852775,0.031506991913565,0.985,0.0,0.6525,192.46442716694884
3736759803,mse,nominal,0.0192980982507798,0.037805318477015,0.9925,0.0,0.7525,193.619463301888
3736759803,noise_aware,nominal,0.0191268161681918,0.0411427808657527,0.98,0.0,0.7525,194.66873814616088
3736759803,boundary_aware,nominal,0.0176212826582888,0.0351373661566625,0.9825,0.0,0.8375,191.2313154106667
3736759803,sharpness_aware,nominal,0.0210718199848957,0.0414742879308586,0.975,0.0,0.6425,193.2129725182062
3736759803,robust_control_aware,nominal,0.0182146302707275,0.0317179362058404,0.985,0.0,0.7125,191.80365944986795
15234333,mse,nominal,0.0208580219043191,0.0443744484437202,0.96,0.0,0.735,182.54932011444532
15234333,noise_aware,nominal,0.0203035583313032,0.0454172819062373,0.9575,0.0,0.765,179.48663559879776
15234333,boundary_aware,nominal,0.0196741868315944,0.0402233659749825,0.975,0.0,0.7925,178.8064674331476
15234333,sharpness_aware,nominal,0.0219948271443525,0.0468485834594951,0.9625,0.0,0.6675,180.1454419158494
15234333,robust_control_aware,nominal,0.0192448748125322,0.0383709846240718,0.9775,0.0,0.715,179.78798980226765
667584176,mse,nominal,0.0199167917387476,0.0388344842095903,0.975,0.0,0.755,188.48022317506627
667584176,noise_aware,nominal,0.0198639147463025,0.040160871942359,0.97,0.0,0.7625,188.6909263326041
667584176,boundary_aware,nominal,0.0181138832291822,0.0354241280117096,0.9825,0.0,0.78,186.16305612301005
667584176,sharpness_aware,nominal,0.0209127613215891,0.0390755250499361,0.9725,0.0,0.6975,187.58469123167896
667584176,robust_control_aware,nominal,0.0181557403077168,0.031443542211894,0.9875,0.0,0.6775,186.85912216867973
4066184225,mse,nominal,0.0187234026132382,0.0369827485069515,0.99,0.0,0.74,197.4815099920009
4066184225,noise_aware,nominal,0.0182155314312049,0.0368282782039307,0.99,0.0,0.7625,196.58798460137209
4066184225,boundary_aware,nominal,0.0171394537699651,0.0334503552460974,0.9975,0.0,0.7675,194.18809002478287
4066184225,sharpness_aware,nominal,0.019843688271903,0.0390867202840436,0.995,0.0,0.675,196.91945294115777
4066184225,robust_control_aware,nominal,0.0174668403152323,0.0298864717142588,1.0,0.0,0.6325,196.8985060112907
1886451804,mse,nominal,0.020147851076063,0.0406980620350107,0.975,0.0,0.7575,189.7352880622632
1886451804,noise_aware,nominal,0.0189094125557248,0.0396777359086314,0.98,0.0,0.755,188.53968416474493
1886451804,boundary_aware,nominal,0.0183856771989953,0.0371820843405642,0.9825,0.0,0.77,185.8801124339912
1886451804,sharpness_aware,nominal,0.0212392185210287,0.0423640818905575,0.9725,0.0,0.67,187.3996594702494
1886451804,robust_control_aware,nominal,0.0192914484265293,0.0339681680653877,0.9825,0.0,0.655,188.7643865993292
2272934004,mse,nominal,0.0199849754669691,0.0394125103324494,0.98,0.0,0.7525,191.89704760566016
2272934004,noise_aware,nominal,0.0185925696516557,0.037071498067055,0.985,0.0,0.7875,190.43894314208995
2272934004,boundary_aware,nominal,0.0182081790156535,0.0357674315863138,0.99,0.0,0.7875,189.5822766486573
2272934004,sharpness_aware,nominal,0.0209168917376295,0.0403554333931919,0.9825,0.0,0.69,190.80670523746096
2272934004,robust_control_aware,nominal,0.018538591250466,0.0320766528115858,0.99,0.0,0.66,189.1671588086589
938779823,mse,nominal,0.0198740009605578,0.0388576053784422,0.9775,0.0,0.735,190.2005312793135
938779823,noise_aware,nominal,0.0183954691622149,0.0342975244825073,0.985,0.0,0.7925,188.42960783349892
938779823,boundary_aware,nominal,0.0183068204133632,0.0387665017502835,0.98,0.0,0.7825,187.85452069216765
938779823,sharpness_aware,nominal,0.0210432256206438,0.0407312320515976,0.98,0.0,0.68,188.7843085689315
938779823,robust_control_aware,nominal,0.0187327604934788,0.0330196659387381,0.98,0.0,0.66,189.62813322770955
2703660895,mse,nominal,0.0196752156087028,0.0431764960468334,0.975,0.0,0.7475,192.93724558159064
2703660895,noise_aware,nominal,0.0192313661357126,0.0410924225255122,0.9775,0.0,0.76,192.40536119173527
2703660895,boundary_aware,nominal,0.018399780384669,0.0372745792763326,0.98,0.0,0.775,190.2238973845292
2703660895,sharpness_aware,nominal,0.0207920865819983,0.0388282702599524,0.98,0.0,0.655,192.704836834206
2703660895,robust_control_aware,nominal,0.0186239839561789,0.0330876157201243,0.9775,0.0,0.645,192.39060644042584
2525182596,mse,nominal,0.0193258499273443,0.0410479235846542,0.98,0.0,0.7575,193.2627676351931
2525182596,noise_aware,nominal,0.019221874114128,0.0402752050355071,0.9875,0.0,0.7325,194.04588321296887
2525182596,boundary_aware,nominal,0.0177636458351941,0.0336502914215308,0.9875,0.0,0.8025,187.4646522666662
2525182596,sharpness_aware,nominal,0.0204392063686161,0.0400186038427625,0.9825,0.0,0.645,191.83073373646715
2525182596,robust_control_aware,nominal,0.0179525666603229,0.0328034018545506,0.985,0.0,0.64,192.00845774108043
4018511418,mse,nominal,0.0198847752133399,0.0404702779691742,0.98,0.0,0.7725,193.2661595764239
4018511418,noise_aware,nominal,0.0187750335324761,0.0391914122588314,0.985,0.0,0.795,190.90733628527028
4018511418,boundary_aware,nominal,0.0181941527420195,0.0357946118484308,0.9875,0.0,0.805,190.5966540645083
4018511418,sharpness_aware,nominal,0.0206447075196429,0.0407967786444089,0.98,0.0,0.6775,191.31341135501168
4018511418,robust_control_aware,nominal,0.0184860438939674,0.0311427584988446,0.985,0.0,0.64,191.6030506323632
1772851305,mse,nominal,0.0195488554025262,0.0412875919062723,0.98,0.0,0.77,187.4649120355429
1772851305,noise_aware,nominal,0.0188540468983947,0.0360816401428936,0.985,0.0,0.78,186.8292482177477
1772851305,boundary_aware,nominal,0.0183419578780295,0.0368067907055771,0.9875,0.0,0.815,186.42782704840067
1772851305,sharpness_aware,nominal,0.02064564477546,0.0415207212188637,0.965,0.0,0.715,187.45787195947528
1772851305,robust_control_aware,nominal,0.0190551420036873,0.03399371053705,0.9775,0.0,0.6475,186.96157832822317
2235246993,mse,nominal,0.0188389408820456,0.0362966360446169,0.9875,0.0,0.76,192.4576788289686
2235246993,noise_aware,nominal,0.0182115049050427,0.0356865931630579,0.9925,0.0,0.765,191.39523779312785
2235246993,boundary_aware,nominal,0.0178343910410507,0.0334435689336959,0.99,0.0,0.76,190.0633724803874
2235246993,sharpness_aware,nominal,0.0205981546547584,0.0385680365019353,0.9875,0.0,0.67,191.61988549558012
2235246993,robust_control_aware,nominal,0.0178102307990542,0.0309940561804472,0.99,0.0,0.6625,193.84143565271688
2430720536,mse,nominal,0.0197210257330911,0.0389195451043648,0.975,0.0,0.7475,189.64141469919485
2430720536,noise_aware,nominal,0.0192863495943012,0.0411670737665942,0.9775,0.0,0.7625,186.1044261546496
2430720536,boundary_aware,nominal,0.0190150296493765,0.0366810308967173,0.975,0.0,0.8125,186.7418750515187
2430720536,sharpness_aware,nominal,0.021409280056328,0.0398706746579122,0.975,0.0,0.6425,187.97328387153937
2430720536,robust_control_aware,nominal,0.0184275796443274,0.0320522285241729,0.99,0.0,0.655,190.24325701735228
628175963,mse,nominal,0.0189316996251348,0.0368978051471059,0.9875,0.0,0.7575,195.1264837794118
628175963,noise_aware,nominal,0.0180181009792931,0.0355450082855949,0.99,0.0,0.7775,193.49347510055995
628175963,boundary_aware,nominal,0.0178029328928452,0.0352435099497739,0.99,0.0,0.79,193.32976202300827
628175963,sharpness_aware,nominal,0.0204908290868679,0.0404008759150948,0.985,0.0,0.64,192.5182401252341
628175963,robust_control_aware,nominal,0.0178886870939641,0.0310032670110834,0.99,0.0,0.665,191.42990599440083
299474548,mse,nominal,0.0200777578056514,0.0414627693879006,0.9725,0.0,0.7475,193.24377227761488
299474548,noise_aware,nominal,0.0189258829590937,0.0397676805764928,0.975,0.0,0.75,191.40295289167577
299474548,boundary_aware,nominal,0.0185717257588265,0.0372769265112451,0.9825,0.0,0.79,189.01868806482315
299474548,sharpness_aware,nominal,0.0205724661626027,0.0426892284287706,0.975,0.0,0.68,191.578444866417
299474548,robust_control_aware,nominal,0.0183262076116829,0.0317077220513905,0.985,0.0,0.6725,191.43622325831532
1273168757,mse,nominal,0.0197573604175742,0.0373609317206015,0.98,0.0,0.7375,191.06923657630463
1273168757,noise_aware,nominal,0.0189710422407662,0.0385957088849995,0.975,0.0,0.7775,190.64127654010295
1273168757,boundary_aware,nominal,0.0183352409929358,0.0345169321246599,0.98,0.0,0.7575,189.61601731362
1273168757,sharpness_aware,nominal,0.0202958097506149,0.0401340984257929,0.9825,0.0,0.66,190.2652510850425
1273168757,robust_control_aware,nominal,0.0180513840370582,0.030785690201424,0.9875,0.0,0.645,190.09671140164227
273733572,mse,nominal,0.0189748869008238,0.0380757441525132,0.9875,0.0,0.74,189.60852966524243
273733572,noise_aware,nominal,0.0190350300565143,0.0389903582141029,0.985,0.0,0.7825,188.66051161068765
273733572,boundary_aware,nominal,0.0187708706240376,0.035995419937293,0.985,0.0,0.7925,188.1152761171394
273733572,sharpness_aware,nominal,0.0207761068718957,0.041842595417354,0.98,0.0,0.675,188.25417144390164
273733572,robust_control_aware,nominal,0.0183893877702067,0.0314422263429629,0.985,0.0,0.635,189.21438659766665
3144435095,mse,nominal,0.0215907944570466,0.0471187885335337,0.9525,0.0,0.74,183.48302956206015
3144435095,noise_aware,nominal,0.0207975866878321,0.0447426910455031,0.96,0.0,0.75,182.76624905597805
3144435095,boundary_aware,nominal,0.0196796930610003,0.041495614962427,0.97,0.0,0.775,180.9978310121656
3144435095,sharpness_aware,nominal,0.022015759648827,0.0444393927705118,0.9625,0.0,0.685,182.81335113699825
3144435095,robust_control_aware,nominal,0.019730753266024,0.0370319469113235,0.97,0.0,0.7,181.3481459436348
2633701326,mse,nominal,0.0200790673265852,0.0412761229868681,0.9725,0.0,0.775,191.3331203472463
2633701326,noise_aware,nominal,0.0189714866681189,0.0374445652267915,0.975,0.0,0.765,190.3330036587102
2633701326,boundary_aware,nominal,0.0182861702913859,0.0381829829240953,0.9775,0.0,0.8025,186.30478283832696
2633701326,sharpness_aware,nominal,0.0215289670191454,0.0415776295971751,0.97,0.0,0.655,188.1562438105225
2633701326,robust_control_aware,nominal,0.019197184898707,0.0328877900548368,0.975,0.0,0.6825,190.8482173139412
4211238376,mse,nominal,0.01874755807066,0.034986248593758,0.9925,0.0,0.73,195.55595285300723
4211238376,noise_aware,nominal,0.018217397768743,0.0339243804549556,0.995,0.0,0.7625,194.5879102406421
4211238376,boundary_aware,nominal,0.0184291949139644,0.0357160938199451,0.99,0.0,0.7625,194.8737019993505
4211238376,sharpness_aware,nominal,0.020584310799626,0.0394345934826929,0.98,0.0,0.645,194.7642546294879
4211238376,robust_control_aware,nominal,0.0184665342708384,0.0311059166836342,0.9925,0.0,0.65,195.9607336743008
1111838367,mse,nominal,0.0201938655526895,0.0410435509472893,0.9775,0.0,0.765,189.7900715695125
1111838367,noise_aware,nominal,0.0187130161331489,0.0355796095129801,0.985,0.0,0.7725,190.36474446823885
1111838367,boundary_aware,nominal,0.0179580812806643,0.0363791707441578,0.9825,0.0,0.81,187.16894441206333
1111838367,sharpness_aware,nominal,0.0204688476877875,0.0391525662601996,0.975,0.0,0.685,189.45300687564
1111838367,robust_control_aware,nominal,0.0186298865287101,0.0323969366671781,0.99,0.0,0.6825,189.96919712794173
3524972486,mse,nominal,0.0191039730216365,0.0360248978290307,0.99,0.0,0.7425,192.43456684414585
3524972486,noise_aware,nominal,0.0189164741240207,0.0377415204808356,0.985,0.0,0.82,193.4449049782409
3524972486,boundary_aware,nominal,0.0182842295919559,0.034370114943888,0.99,0.0,0.7775,191.65186219794
3524972486,sharpness_aware,nominal,0.0202641358785318,0.0391162655026605,0.985,0.0,0.69,192.0909218304583
3524972486,robust_control_aware,nominal,0.0186533885974642,0.033715644376821,0.9825,0.0,0.6375,191.7221813821248
3560542704,mse,nominal,0.0188036319314537,0.0371634526906341,0.995,0.0,0.7025,193.8515641610161
3560542704,noise_aware,nominal,0.0186392744363286,0.0377877437761238,0.985,0.0,0.765,191.9873565020664
3560542704,boundary_aware,nominal,0.0177681324506018,0.0363267637923466,0.985,0.0,0.7925,190.6949292231261
3560542704,sharpness_aware,nominal,0.0213102174340216,0.0411428948391893,0.97,0.0,0.6425,193.15149670868777
3560542704,robust_control_aware,nominal,0.0179461572019738,0.0313305296235371,0.9925,0.0,0.6775,192.756212859064
3731969181,mse,nominal,0.0202436493673309,0.0419020646731067,0.9725,0.0,0.76,186.37157353292088
3731969181,noise_aware,nominal,0.0198259281798788,0.0419653163886777,0.965,0.0,0.7225,187.9814462274489
3731969181,boundary_aware,nominal,0.0184153076799815,0.0369557027636106,0.98,0.0,0.7775,185.27038073557375
3731969181,sharpness_aware,nominal,0.0216809371384042,0.0402809648981569,0.9675,0.0,0.6575,186.6532767307916
3731969181,robust_control_aware,nominal,0.0186142265729013,0.0352072273442706,0.975,0.0,0.715,186.3941860654121
1211268588,mse,nominal,0.0200673798934993,0.0380603368423544,0.9825,0.0,0.77,187.43834142808748
1211268588,noise_aware,nominal,0.019389911022283,0.0379805072550405,0.975,0.0,0.7675,186.78442662547525
1211268588,boundary_aware,nominal,0.0184707917403317,0.0356368275480099,0.985,0.0,0.795,184.6287738954437
1211268588,sharpness_aware,nominal,0.0216851733602498,0.0417668746385578,0.97,0.0,0.6275,187.23851962284309
1211268588,robust_control_aware,nominal,0.018933146567826,0.0337900817569076,0.9825,0.0,0.6625,187.4795199197505
592709181,mse,nominal,0.0193423766791511,0.0386608975615815,0.98,0.0,0.74,189.8545194028601
592709181,noise_aware,nominal,0.0187747607420147,0.0367217056331746,0.985,0.0,0.79,188.28316447060465
592709181,boundary_aware,nominal,0.018071991404907,0.0350781400423849,0.99,0.0,0.7575,186.2691587091319
592709181,sharpness_aware,nominal,0.0207537377991391,0.0421648689047427,0.975,0.0,0.7025,187.27600615680308
592709181,robust_control_aware,nominal,0.0185439011526794,0.0316458688146044,0.9875,0.0,0.6625,188.10317737336925
1007944539,mse,nominal,0.0193274018432377,0.03895828807927,0.9775,0.0,0.785,190.67820687502416
1007944539,noise_aware,nominal,0.0189196402507834,0.0396418954628402,0.9825,0.0,0.7725,189.7500390095745
1007944539,boundary_aware,nominal,0.0182853486906964,0.0351365022047892,0.98,0.0,0.7625,188.66067074190948
1007944539,sharpness_aware,nominal,0.0206085514554233,0.0398466203062542,0.975,0.0,0.6625,190.40027299599035
1007944539,robust_control_aware,nominal,0.018376579569611,0.0330606786201181,0.985,0.0,0.65,190.75612298502963
2619667409,mse,nominal,0.0194144979226543,0.0382048567825379,0.985,0.0,0.7575,188.20314779236344
2619667409,noise_aware,nominal,0.0188414512966262,0.0376224548791002,0.985,0.0,0.76,186.60881774106605
2619667409,boundary_aware,nominal,0.0190390595303644,0.039139316228475,0.98,0.0,0.7775,185.43560794687212
2619667409,sharpness_aware,nominal,0.0207582652018091,0.0389149951080148,0.985,0.0,0.67,186.97701283268512
2619667409,robust_control_aware,nominal,0.0181042836063698,0.0317926716567809,0.99,0.0,0.7175,186.78151460429555
1380973866,mse,nominal,0.0192708025435044,0.0386547258260308,0.9875,0.0,0.7225,188.24248186271447
1380973866,noise_aware,nominal,0.0187163351730216,0.0370513390101953,0.99,0.0,0.765,187.7931095891948
1380973866,boundary_aware,nominal,0.0188520425736581,0.0370854924098081,0.9825,0.0,0.775,186.8242805583746
1380973866,sharpness_aware,nominal,0.0207887014974655,0.0386681584778198,0.9825,0.0,0.6625,187.41508626500377
1380973866,robust_control_aware,nominal,0.0185076995669215,0.0330385762122335,0.985,0.0,0.6725,186.98385056939236
2991984838,mse,nominal,0.0200308454983669,0.0375351823663453,0.985,0.0,0.7375,189.2158422477841
2991984838,noise_aware,nominal,0.0191401287028628,0.0385953236646923,0.9825,0.0,0.745,188.0275278812499
2991984838,boundary_aware,nominal,0.0180866217157197,0.0356261584531497,0.9875,0.0,0.81,184.489139880737
2991984838,sharpness_aware,nominal,0.0210976970098605,0.0394068263506329,0.98,0.0,0.6475,186.32964226891613
2991984838,robust_control_aware,nominal,0.017859335783057,0.0316734033417383,0.99,0.0,0.695,186.0870972840952
3888342105,mse,nominal,0.0198778909525802,0.0401567140606958,0.9725,0.0,0.7575,184.2663333533164
3888342105,noise_aware,nominal,0.0195345285061581,0.0413323358727705,0.9725,0.0,0.7575,184.33385623935595
3888342105,boundary_aware,nominal,0.0192037727844624,0.038493978995302,0.97,0.0,0.7575,181.0988817786073
3888342105,sharpness_aware,nominal,0.0216782229695584,0.043093719519837,0.965,0.0,0.6675,183.7615446336301
3888342105,robust_control_aware,nominal,0.018560770066473,0.0329309162804321,0.985,0.0,0.735,183.9327812201123
961152600,mse,nominal,0.0200349042421997,0.040051224450237,0.975,0.0,0.74,189.6417312225051
961152600,noise_aware,nominal,0.0200693781310361,0.0403917165689031,0.965,0.0,0.7775,187.47174410762088
961152600,boundary_aware,nominal,0.0186485793314399,0.0385238163289171,0.9775,0.0,0.805,187.27189746512283
961152600,sharpness_aware,nominal,0.021859241366847,0.0430528797845506,0.9725,0.0,0.6675,187.26147755295744
961152600,robust_control_aware,nominal,0.0194764014728209,0.0332828119016158,0.9775,0.0,0.625,188.0502726920109
1122170712,mse,nominal,0.0197930289710924,0.0402482132885709,0.9775,0.0,0.735,187.36744706076635
1122170712,noise_aware,nominal,0.0193092744699287,0.0362578142804517,0.9775,0.0,0.7725,187.3420546018797
1122170712,boundary_aware,nominal,0.0191963067427831,0.0382324880054122,0.97,0.0,0.7775,186.19401855873627
1122170712,sharpness_aware,nominal,0.0210217485759036,0.0417931345801314,0.9775,0.0,0.67,186.531751411181
1122170712,robust_control_aware,nominal,0.0189326070180287,0.0322726687311257,0.9725,0.0,0.595,187.57551118157215
869103479,mse,nominal,0.020368211676955,0.0437413299751238,0.9725,0.0,0.725,183.00819604563551
869103479,noise_aware,nominal,0.0192152040815028,0.040923277429617,0.985,0.0,0.785,183.5184411253192
869103479,boundary_aware,nominal,0.0193833695775187,0.040355403059459,0.9675,0.0,0.785,181.34918383571747
869103479,sharpness_aware,nominal,0.0221281880957744,0.045090914504199,0.9725,0.0,0.67,182.85893889107984
869103479,robust_control_aware,nominal,0.0193326292089822,0.0365320541456761,0.9775,0.0,0.65,184.32059078586045
3388555971,mse,nominal,0.0194574611177337,0.0405099906527602,0.985,0.0,0.735,189.68041001747304
3388555971,noise_aware,nominal,0.018798947436875,0.0382472651112559,0.9825,0.0,0.7425,187.17430700562085
3388555971,boundary_aware,nominal,0.0184336151059385,0.0378127083553418,0.9825,0.0,0.7925,185.6098847098941
3388555971,sharpness_aware,nominal,0.0212567359842594,0.0406807873535718,0.975,0.0,0.6475,187.0687467578737
3388555971,robust_control_aware,nominal,0.0186661133254655,0.0331021563046286,0.975,0.0,0.6575,187.9111954105731
665427334,mse,nominal,0.0200438768972577,0.0393718676931056,0.9775,0.0,0.765,184.7468138149698
665427334,noise_aware,nominal,0.0192532666899913,0.0427466035756064,0.965,0.0,0.8025,184.8546113205461
665427334,boundary_aware,nominal,0.0192437614943415,0.0378770154667212,0.9725,0.0,0.745,182.32788603065185
665427334,sharpness_aware,nominal,0.0213608396591175,0.0405622068243521,0.9725,0.0,0.675,184.60505345508076
665427334,robust_control_aware,nominal,0.0193391819572578,0.0373140369658446,0.9725,0.0,0.7025,185.1393264627057
3359940053,mse,nominal,0.0190750438085324,0.0385038771826888,0.99,0.0,0.7325,193.2929274987275
3359940053,noise_aware,nominal,0.0189423658961527,0.0353248655895981,0.9825,0.0,0.7625,190.8192557882874
3359940053,boundary_aware,nominal,0.0175082382712222,0.0331931088457696,0.9925,0.0,0.785,188.82432793892383
3359940053,sharpness_aware,nominal,0.0200715654409827,0.0379452718233297,0.9825,0.0,0.67,190.62356576422027
3359940053,robust_control_aware,nominal,0.0180081513487649,0.032510814582822,0.99,0.0,0.635,191.14209251674012
3768241039,mse,nominal,0.0194832892022834,0.0393886228626373,0.98,0.0,0.745,188.27459642689456
3768241039,noise_aware,nominal,0.0192387657024852,0.0374338578834764,0.9825,0.0,0.7375,186.73431314607572
3768241039,boundary_aware,nominal,0.0183838936306012,0.0377031412354943,0.9775,0.0,0.8325,184.61610859676023
3768241039,sharpness_aware,nominal,0.0211465252861806,0.039911360006184,0.97,0.0,0.705,186.1148806772948
3768241039,robust_control_aware,nominal,0.0183902538372427,0.0326688413322209,0.985,0.0,0.63,186.4732705573379
615465185,mse,nominal,0.0202558275415563,0.0400798560062644,0.97,0.0,0.7575,192.4115449046434
615465185,noise_aware,nominal,0.0192158394034649,0.03768124435131,0.9825,0.0,0.79,192.4606163015678
615465185,boundary_aware,nominal,0.0178597681605304,0.0357664246604648,0.99,0.0,0.825,189.26136266050736
615465185,sharpness_aware,nominal,0.0209341074152977,0.0400966553548017,0.98,0.0,0.6825,190.4195812486328
615465185,robust_control_aware,nominal,0.0193856303191576,0.0332357471203307,0.97,0.0,0.67,189.32416086360664
4062591317,mse,nominal,0.0190657861568696,0.0372438191613162,0.9925,0.0,0.7375,194.82846150218208
4062591317,noise_aware,nominal,0.0179386856189682,0.0346814456324077,0.99,0.0,0.78,193.5439768926572
4062591317,boundary_aware,nominal,0.0174187302911079,0.0331801846801514,0.9925,0.0,0.7875,190.5171668719375
4062591317,sharpness_aware,nominal,0.0204191991655658,0.0367422496185699,0.9925,0.0,0.685,191.61193889460304
4062591317,robust_control_aware,nominal,0.0181667660292638,0.0325313774813761,0.9925,0.0,0.6425,193.29327882007155
2237893018,mse,nominal,0.0199420593372285,0.041826445533524,0.975,0.0,0.7225,187.99742161132104
2237893018,noise_aware,nominal,0.0195465453604502,0.0398631630002635,0.975,0.0,0.76,187.53806871671463
2237893018,boundary_aware,nominal,0.0183501799636185,0.035772203888187,0.9825,0.0,0.79,186.6369959475024
2237893018,sharpness_aware,nominal,0.0217447823639513,0.0412200111281703,0.97,0.0,0.6425,188.6924881519772
2237893018,robust_control_aware,nominal,0.0186889536624062,0.0324696869175941,0.985,0.0,0.6525,188.05124476748875
3266084952,mse,nominal,0.0194138352436409,0.039381604613553,0.9875,0.0,0.7625,190.68449456356137
3266084952,noise_aware,nominal,0.0184665592630489,0.0369578791191838,0.985,0.0,0.765,189.588011191019
3266084952,boundary_aware,nominal,0.0177958172308972,0.0353847945763878,0.9875,0.0,0.79,188.17017536158107
3266084952,sharpness_aware,nominal,0.0207692089060366,0.0405974756966871,0.9775,0.0,0.69,189.90103489334788
3266084952,robust_control_aware,nominal,0.0181249408140717,0.0315368426166959,0.9875,0.0,0.685,190.49802983430016
1411004866,mse,nominal,0.020469988042879,0.0426220255116233,0.9675,0.0,0.71,191.1074127524332
1411004866,noise_aware,nominal,0.0195550100826904,0.0400411435781096,0.975,0.0,0.7925,189.9009445530029
1411004866,boundary_aware,nominal,0.0188532128894718,0.0387529609202324,0.9675,0.0,0.7875,187.54823982813767
1411004866,sharpness_aware,nominal,0.0217487626400422,0.0429007908984585,0.9625,0.0,0.6525,186.42441851333496
1411004866,robust_control_aware,nominal,0.0197009699246287,0.0369394381677349,0.9725,0.0,0.65,187.7375056906125
720401177,mse,nominal,0.0201368483121944,0.0395432458320828,0.98,0.0,0.7325,190.7116622521032
720401177,noise_aware,nominal,0.018690681002908,0.0396881356008668,0.9825,0.0,0.7625,189.061146553378
720401177,boundary_aware,nominal,0.0185538698824243,0.0371025891040596,0.9925,0.0,0.805,189.7084902495656
720401177,sharpness_aware,nominal,0.0207361709846199,0.0414674558252352,0.965,0.0,0.6675,188.4742820224484
720401177,robust_control_aware,nominal,0.0182100566666241,0.0330131442185763,0.985,0.0,0.705,188.53382514076017
842612503,mse,nominal,0.0197044040680815,0.0400598512478363,0.975,0.0,0.735,185.9027170529198
842612503,noise_aware,nominal,0.0186105802666359,0.0360019712009614,0.9775,0.0,0.765,184.88715618262432
842612503,boundary_aware,nominal,0.0181485079582072,0.0346413803150498,0.9725,0.0,0.785,183.4383267625518
842612503,sharpness_aware,nominal,0.0202268504373,0.0390378992814281,0.985,0.0,0.69,185.25588215228825
842612503,robust_control_aware,nominal,0.018250367809545,0.0322357426869047,0.98,0.0,0.61,184.25775407786463
333431731,mse,nominal,0.0192023787454284,0.0382448676036134,0.985,0.0,0.7625,191.3164689366729
333431731,noise_aware,nominal,0.0187653620549812,0.0393147658758671,0.9775,0.0,0.7775,191.3459756314864
333431731,boundary_aware,nominal,0.0181817195774093,0.0365157096908307,0.98,0.0,0.75,188.54545096924448
333431731,sharpness_aware,nominal,0.0196884493939012,0.0369071104487203,0.995,0.0,0.675,191.23694431893216
333431731,robust_control_aware,nominal,0.0178851830965231,0.0314326847027562,0.995,0.0,0.6525,191.70054764161196
1545097157,mse,nominal,0.0197158006682972,0.0382738321403176,0.98,0.0,0.72,187.71004208714757
1545097157,noise_aware,nominal,0.0188531296596354,0.0392102481634213,0.985,0.0,0.7675,188.244518460841
1545097157,boundary_aware,nominal,0.0185823778940249,0.0367024654178545,0.9775,0.0,0.79,186.98554927023565
1545097157,sharpness_aware,nominal,0.0211741939790287,0.0412489910150972,0.975,0.0,0.6725,188.8328616036713
1545097157,robust_control_aware,nominal,0.018671036432512,0.0320826909628293,0.99,0.0,0.6375,188.9670930841916
1736380347,mse,nominal,0.0197433116338332,0.0403318535570912,0.97,0.0,0.74,190.08728727911665
1736380347,noise_aware,nominal,0.0195628369435872,0.0403211723967898,0.975,0.0,0.775,189.50493439652047
1736380347,boundary_aware,nominal,0.0184393140436919,0.0364627296824546,0.9875,0.0,0.83,190.1216128827546
1736380347,sharpness_aware,nominal,0.0209077031453113,0.0414251515495669,0.98,0.0,0.69,188.64591823018327
1736380347,robust_control_aware,nominal,0.0188578200410724,0.0317097090377061,0.99,0.0,0.6775,189.33562497760028
1586847244,mse,nominal,0.0214646509944873,0.0463841901224342,0.96,0.0,0.7225,185.75892868911265
1586847244,noise_aware,nominal,0.0200342557166715,0.0447844791469274,0.97,0.0,0.755,183.803643894058
1586847244,boundary_aware,nominal,0.0192884748500518,0.0390816269478362,0.9775,0.0,0.76,183.30009830102904
1586847244,sharpness_aware,nominal,0.022139495488324,0.044072173635242,0.9575,0.0,0.6475,184.66412368354736
1586847244,robust_control_aware,nominal,0.0190212830355991,0.0362248913951423,0.985,0.0,0.65,184.2601530980612
1355937599,mse,nominal,0.0195264045826165,0.0403062284129624,0.9825,0.0,0.73,189.9476612026005
1355937599,noise_aware,nominal,0.0189456887209323,0.038860392893362,0.9775,0.0,0.7475,189.629822443762
1355937599,boundary_aware,nominal,0.0184465309516538,0.0352275000753179,0.9775,0.0,0.81,188.46125596455727
1355937599,sharpness_aware,nominal,0.0213056195253992,0.0422290402699004,0.975,0.0,0.6475,190.03105591880623
1355937599,robust_control_aware,nominal,0.01830840853703,0.0304644168847774,0.985,0.0,0.63,189.67659527578127
4003953246,mse,nominal,0.0200230759805089,0.0386190101141341,0.9725,0.0,0.745,187.56398951505443
4003953246,noise_aware,nominal,0.0198615432763595,0.0392774192647577,0.9675,0.0,0.7875,187.9132424383152
4003953246,boundary_aware,nominal,0.0195201459630102,0.0381130295312035,0.9625,0.0,0.7625,186.6503535029389
4003953246,sharpness_aware,nominal,0.0211921485242059,0.0401397079065102,0.9675,0.0,0.705,185.08538146834505
4003953246,robust_control_aware,nominal,0.0189215428303874,0.0334590182529448,0.9775,0.0,0.67,186.8095617577557
2574173112,mse,nominal,0.0203873114060821,0.0409011967745874,0.98,0.0,0.735,193.3983699958084
2574173112,noise_aware,nominal,0.0192511710055471,0.0402741795027456,0.975,0.0,0.75,191.3413523625435
2574173112,boundary_aware,nominal,0.0184992828534824,0.036175234126978,0.9775,0.0,0.78,189.77259205398488
2574173112,sharpness_aware,nominal,0.0213119805128895,0.0411182342251474,0.965,0.0,0.6375,190.2929430811714
2574173112,robust_control_aware,nominal,0.0190134511608845,0.0354870766381668,0.975,0.0,0.655,192.7014527088338
663250219,mse,nominal,0.0192744613339939,0.0381799143562338,0.9825,0.0,0.765,187.7422662542312
663250219,noise_aware,nominal,0.0192679114833269,0.0394218139977115,0.985,0.0,0.7625,186.66901205116895
663250219,boundary_aware,nominal,0.0182077061962633,0.0362870306283986,0.9825,0.0,0.805,185.8455817988228
663250219,sharpness_aware,nominal,0.0213642802051743,0.0415539674686222,0.98,0.0,0.6275,185.15952527502276
663250219,robust_control_aware,nominal,0.0187909491821944,0.0327468074859324,0.99,0.0,0.585,187.76189862437232
1981101797,mse,nominal,0.0195629222969132,0.0395070741383946,0.975,0.0,0.725,194.5905179315153
1981101797,noise_aware,nominal,0.0183474888309332,0.0350736612743341,0.9825,0.0,0.7525,191.6020969588536
1981101797,boundary_aware,nominal,0.0182907672988195,0.0362440700520292,0.985,0.0,0.7925,190.34926929277103
1981101797,sharpness_aware,nominal,0.0202509322811232,0.0401300642604787,0.975,0.0,0.6875,190.039932752595
1981101797,robust_control_aware,nominal,0.0189081027918663,0.0324999090243209,0.985,0.0,0.6425,192.8688068743368
1848209715,mse,nominal,0.0196672149498409,0.0400005126381574,0.985,0.0,0.715,192.515137480052
1848209715,noise_aware,nominal,0.0189101643567997,0.0382667846728294,0.9775,0.0,0.7275,191.47058821462213
1848209715,boundary_aware,nominal,0.0177687470554059,0.0330986950481991,0.9875,0.0,0.8,187.67131916181597
1848209715,sharpness_aware,nominal,0.0213471684646369,0.0392924173013228,0.975,0.0,0.6225,191.49164630921155
1848209715,robust_control_aware,nominal,0.0184929477755977,0.031381277264623,0.9825,0.0,0.625,192.12324541238704
4012012906,mse,nominal,0.0205179693231346,0.0404714242214887,0.9725,0.0,0.76,188.34818357478923
4012012906,noise_aware,nominal,0.0205805580387205,0.0432624865838173,0.96,0.0,0.79,187.4341223080691
4012012906,boundary_aware,nominal,0.0194797812576601,0.0425526294157508,0.9675,0.0,0.7775,185.7750380488615
4012012906,sharpness_aware,nominal,0.0221872318852514,0.0428570079361555,0.9675,0.0,0.66,188.55878073471396
4012012906,robust_control_aware,nominal,0.0189405890389258,0.0355326493296082,0.9725,0.0,0.705,186.00306471239765
2066889296,mse,nominal,0.0208755774949538,0.0403996162812553,0.97,0.0,0.7275,179.28360123671305
2066889296,noise_aware,nominal,0.0204669574828371,0.0438241992053093,0.965,0.0,0.76,178.9986864733222
2066889296,boundary_aware,nominal,0.0197736757891176,0.0408188991296471,0.96,0.0,0.8125,176.83842712948135
2066889296,sharpness_aware,nominal,0.0223946184491133,0.0450042960781481,0.9575,0.0,0.665,179.0514613289302
2066889296,robust_control_aware,nominal,0.0198188592329972,0.0431723852069744,0.965,0.0,0.73,177.816241461824
2839013476,mse,nominal,0.0218487918454954,0.043245621013548,0.965,0.0,0.7,187.68531725663115
2839013476,noise_aware,nominal,0.0205837384523691,0.0433062766670421,0.955,0.0,0.7525,184.951091722306
2839013476,boundary_aware,nominal,0.0192822891174598,0.0382025725961319,0.9775,0.0,0.7725,181.701433607474
2839013476,sharpness_aware,nominal,0.0218433177912263,0.0441452229501671,0.9675,0.0,0.68,185.4083614396634
2839013476,robust_control_aware,nominal,0.0198089569167599,0.0338281065843055,0.97,0.0,0.645,183.8027254318361
4045268861,mse,nominal,0.0193710439021428,0.0394105816362369,0.9875,0.0,0.735,191.43640553437552
4045268861,noise_aware,nominal,0.0187224323718206,0.0367270723061243,0.9875,0.0,0.7775,191.0898832663476
4045268861,boundary_aware,nominal,0.0185735633293071,0.0367047237583887,0.98,0.0,0.7775,190.32065991010415
4045268861,sharpness_aware,nominal,0.0205857742879512,0.039959056084484,0.9875,0.0,0.63,190.13113507456237
4045268861,robust_control_aware,nominal,0.0180635747407925,0.0306698406304435,0.99,0.0,0.6225,190.23682920152044
4008157811,mse,nominal,0.0202177245337676,0.0412090784143789,0.9775,0.0,0.735,188.57170819007987
4008157811,noise_aware,nominal,0.0193344992751342,0.0397528113506853,0.975,0.0,0.77,186.68427873605668
4008157811,boundary_aware,nominal,0.0187628846028105,0.0359879269531209,0.9775,0.0,0.785,186.5945261286982
4008157811,sharpness_aware,nominal,0.0218947767969624,0.0429137817596942,0.9625,0.0,0.6375,186.02741480937144
4008157811,robust_control_aware,nominal,0.0185041345846346,0.0326051127146859,0.9725,0.0,0.6625,184.42471356644467
2637445221,mse,nominal,0.0193341658228711,0.0386820119692111,0.99,0.0,0.7375,190.2511362479601
2637445221,noise_aware,nominal,0.0189136628405238,0.0359286656855692,0.9775,0.0,0.765,188.0719639892509
2637445221,boundary_aware,nominal,0.0184603883242497,0.0373370355467214,0.9875,0.0,0.7425,188.70035916103888
2637445221,sharpness_aware,nominal,0.021300781113116,0.0389262982874933,0.975,0.0,0.6475,190.4077003393137
2637445221,robust_control_aware,nominal,0.0186530822960393,0.0321087371814478,0.985,0.0,0.6425,189.0107022297225
1688535857,mse,nominal,0.0194829043924651,0.0378818663550851,0.9825,0.0,0.73,188.24277365364733
1688535857,noise_aware,nominal,0.0191623849401118,0.0396836007775413,0.9775,0.0,0.7625,187.4474766604922
1688535857,boundary_aware,nominal,0.0179804918331976,0.0354572311891586,0.99,0.0,0.7875,186.7873395474885
1688535857,sharpness_aware,nominal,0.0201994580626995,0.0380809025296991,0.985,0.0,0.6675,186.39883454824343
1688535857,robust_control_aware,nominal,0.017933453324989,0.0320562866778618,0.9875,0.0,0.6825,186.7226979052421
839215811,mse,nominal,0.0185831210413246,0.0367937007629582,0.9925,0.0,0.7575,193.9710380064773
839215811,noise_aware,nominal,0.0184403531975042,0.0364538707156959,0.99,0.0,0.74,193.0329471867575
839215811,boundary_aware,nominal,0.0178282115358076,0.0360704160814598,0.995,0.0,0.7825,193.65487439727733
839215811,sharpness_aware,nominal,0.0205437756095234,0.0386640918125345,0.9925,0.0,0.6525,194.50800710632464
839215811,robust_control_aware,nominal,0.0182738847165533,0.0319544474677397,0.99,0.0,0.66,194.04856135929307
1500849119,mse,nominal,0.0199590358157133,0.0395080660598554,0.97,0.0,0.7475,186.7504941643152
1500849119,noise_aware,nominal,0.0196472592448173,0.0390346732358466,0.965,0.0,0.7525,185.37813670440903
1500849119,boundary_aware,nominal,0.0188776687161663,0.0375455926080992,0.9775,0.0,0.795,185.19085922579765
1500849119,sharpness_aware,nominal,0.0212448548769733,0.0424337481811238,0.97,0.0,0.6675,184.6252362535201
1500849119,robust_control_aware,nominal,0.0189480325414613,0.0326465796349863,0.9825,0.0,0.6725,185.71448784428372
3668171989,mse,nominal,0.0192101308969972,0.0390021823227982,0.985,0.0,0.7475,189.7344276212679
3668171989,noise_aware,nominal,0.0185247392813585,0.0358427443014467,0.985,0.0,0.7775,188.6363112264757
3668171989,boundary_aware,nominal,0.0189155658712689,0.0365847875764637,0.985,0.0,0.79,190.10922619870615
3668171989,sharpness_aware,nominal,0.0211961173012832,0.0413903304494427,0.9825,0.0,0.6675,190.26437195970533
3668171989,robust_control_aware,nominal,0.0181504063896224,0.0315627984711729,0.99,0.0,0.5875,188.0745947227688
1828316838,mse,nominal,0.0205181992540493,0.0408391533295232,0.975,0.0,0.7375,187.10206976825717
1828316838,noise_aware,nominal,0.0198022745682834,0.0402712887651296,0.97,0.0,0.7375,187.0630836790703
1828316838,boundary_aware,nominal,0.0190802057544808,0.0391937474724857,0.98,0.0,0.79,184.48747578942584
1828316838,sharpness_aware,nominal,0.0217602825408656,0.0428649134650422,0.9675,0.0,0.6525,187.3343185403579
1828316838,robust_control_aware,nominal,0.0190331396120534,0.0350122778389803,0.9725,0.0,0.7,187.1899047333573
677763140,mse,nominal,0.0205106861501338,0.0398934999808795,0.97,0.0,0.7525,188.68421562052663
677763140,noise_aware,nominal,0.0190108549464192,0.0369498900668209,0.975,0.0,0.77,187.3555813408261
677763140,boundary_aware,nominal,0.0185424340217238,0.0360725072080871,0.985,0.0,0.785,186.74744553674253
677763140,sharpness_aware,nominal,0.0213887673897604,0.0420254495820999,0.97,0.0,0.6625,188.5270451088873
677763140,robust_control_aware,nominal,0.0191917627137126,0.0360207624697664,0.9775,0.0,0.66,188.51312157015585
1119181405,mse,nominal,0.0201001391554469,0.0410268010236977,0.975,0.0,0.75,186.7156853660177
1119181405,noise_aware,nominal,0.0193817848071077,0.0391728777363147,0.9725,0.0,0.775,186.02505043362584
1119181405,boundary_aware,nominal,0.0187783595613529,0.0359293009912473,0.9775,0.0,0.795,184.7553858364002
1119181405,sharpness_aware,nominal,0.0216828710074527,0.044022688666374,0.9725,0.0,0.695,185.99485729898367
1119181405,robust_control_aware,nominal,0.0191219595045557,0.0348598894223453,0.9775,0.0,0.6575,185.596846302682
2169860784,mse,nominal,0.0199446968579199,0.0399631146722147,0.975,0.0,0.7525,191.79998980544283
2169860784,noise_aware,nominal,0.0183758575165494,0.0364872470406353,0.98,0.0,0.765,189.6124225091257
2169860784,boundary_aware,nominal,0.0186201727681365,0.0351411297890661,0.975,0.0,0.815,190.1636621329003
2169860784,sharpness_aware,nominal,0.0211678937358076,0.0396981559427998,0.9775,0.0,0.67,190.0295391726788
2169860784,robust_control_aware,nominal,0.0186274476209943,0.0328478422461794,0.9825,0.0,0.6225,189.59165483371973
3112238724,mse,nominal,0.0199729058045993,0.0436111964092145,0.97,0.0,0.74,191.0940167255605
3112238724,noise_aware,nominal,0.0188121461985327,0.0363875039554475,0.985,0.0,0.77,190.21515749495435
3112238724,boundary_aware,nominal,0.0182480434966026,0.0359516771937065,0.9825,0.0,0.7875,188.2618031690689
3112238724,sharpness_aware,nominal,0.0212415943915683,0.0438522345638802,0.975,0.0,0.6525,190.5551129786559
3112238724,robust_control_aware,nominal,0.0185824874920604,0.0321270410748215,0.985,0.0,0.63,191.91650198742917
4293715631,mse,nominal,0.0196727614049844,0.0390925357807124,0.9775,0.0,0.73,191.75748188754272
4293715631,noise_aware,nominal,0.0185093966461117,0.0368271114605606,0.98,0.0,0.7725,186.64944191763237
4293715631,boundary_aware,nominal,0.0186596094757003,0.0377200820055151,0.9775,0.0,0.7625,187.13106454780865
4293715631,sharpness_aware,nominal,0.0211049829132767,0.0415456619124368,0.9725,0.0,0.6825,188.5958225339378
4293715631,robust_control_aware,nominal,0.0186400115010104,0.0332963012871727,0.975,0.0,0.64,189.6041538556984
3909568483,mse,nominal,0.0193422898591942,0.0397431211810815,0.985,0.0,0.7475,192.51047220077203
3909568483,noise_aware,nominal,0.0191200402338418,0.0363413979440512,0.985,0.0,0.7525,190.98766234356168
3909568483,boundary_aware,nominal,0.0179773935452427,0.0356015028128878,0.99,0.0,0.8125,188.3043087112728
3909568483,sharpness_aware,nominal,0.0211699989955199,0.0412568585444207,0.975,0.0,0.625,190.70175879489483
3909568483,robust_control_aware,nominal,0.018459818647643,0.0322875810545466,0.9825,0.0,0.655,190.11994812021828
1398012131,mse,nominal,0.0205367080156682,0.0413012390573447,0.965,0.0,0.7775,188.9982786397478
1398012131,noise_aware,nominal,0.0193555175152553,0.0369439541054249,0.975,0.0,0.775,186.64070701569824
1398012131,boundary_aware,nominal,0.018472751331264,0.0351918310184063,0.99,0.0,0.8175,185.9111382367022
1398012131,sharpness_aware,nominal,0.0207778392733623,0.038580147313275,0.9825,0.0,0.695,186.20202252514025
1398012131,robust_control_aware,nominal,0.0190886767590889,0.0351365711918752,0.9725,0.0,0.6375,187.8348175459384
1876994406,mse,nominal,0.0191606813128446,0.0377502013528515,0.99,0.0,0.76,194.21856121160812
1876994406,noise_aware,nominal,0.0175269797832891,0.0338971620615575,0.9925,0.0,0.8,193.37326557777655
1876994406,boundary_aware,nominal,0.0176684437366377,0.0337245366652378,0.995,0.0,0.7925,193.928900924571
1876994406,sharpness_aware,nominal,0.0199693739755293,0.0390293965083573,0.9875,0.0,0.6675,193.52257067569872
1876994406,robust_control_aware,nominal,0.0179021062650393,0.0312965478653186,0.995,0.0,0.6375,194.36121611762871
2615751316,mse,nominal,0.0198751571569032,0.0395199096663801,0.975,0.0,0.7475,190.71010632897568
2615751316,noise_aware,nominal,0.0194392122798381,0.0381747966971789,0.9775,0.0,0.76,190.3275815281225
2615751316,boundary_aware,nominal,0.0189758434051011,0.0380061098957802,0.98,0.0,0.7875,187.35788436820485
2615751316,sharpness_aware,nominal,0.020544168003536,0.0405863240576154,0.98,0.0,0.665,187.96610957178407
2615751316,robust_control_aware,nominal,0.0182837447687897,0.0318924310652979,0.985,0.0,0.6475,190.8353872116492
324655747,mse,nominal,0.0201603687317652,0.0411410877727169,0.97,0.0,0.75,189.2305282645452
324655747,noise_aware,nominal,0.018604007347435,0.0381663194439935,0.9875,0.0,0.78,189.24717384093955
324655747,boundary_aware,nominal,0.0187846634435864,0.0379743489022891,0.975,0.0,0.7775,188.90576331738268
324655747,sharpness_aware,nominal,0.0202895998605158,0.0405758476887617,0.985,0.0,0.69,189.7058978068598
324655747,robust_control_aware,nominal,0.0186466293075946,0.0341658209413643,0.9825,0.0,0.665,190.88132697698396
1231104955,mse,nominal,0.0191126949541492,0.0347011503856352,0.985,0.0,0.715,194.9254295813168
1231104955,noise_aware,nominal,0.0184678774758004,0.03737546347859,0.99,0.0,0.7575,192.60299299634903
1231104955,boundary_aware,nominal,0.0184768636696222,0.0370740113407776,0.99,0.0,0.78,193.43281393370864
1231104955,sharpness_aware,nominal,0.0204505905588002,0.0384749108789957,0.98,0.0,0.69,193.0698345006386
1231104955,robust_control_aware,nominal,0.018191474957213,0.0315284351515147,0.985,0.0,0.6375,193.05535814595257
744356947,mse,nominal,0.0191903963323257,0.0374050597492381,0.98,0.0,0.7875,187.3339471314324
744356947,noise_aware,nominal,0.0189476086999565,0.0395761552439282,0.9825,0.0,0.7675,188.67228880548683
744356947,boundary_aware,nominal,0.01846203942578,0.0365571451344647,0.975,0.0,0.7425,187.1208794735902
744356947,sharpness_aware,nominal,0.0210165941394019,0.039534035172023,0.9775,0.0,0.6325,188.21973721496124
744356947,robust_control_aware,nominal,0.0182776884075979,0.0348510924355118,0.98,0.0,0.6875,188.54569385460388
3519479534,mse,nominal,0.0195830666720703,0.0371386527886502,0.9825,0.0,0.7275,193.45120733631407
3519479534,noise_aware,nominal,0.0189251922968941,0.0368893810780455,0.9825,0.0,0.725,192.9836580852025
3519479534,boundary_aware,nominal,0.0182031706912889,0.0350996418514706,0.985,0.0,0.81,190.76400519181453
3519479534,sharpness_aware,nominal,0.0208638648895511,0.0393628814174146,0.9825,0.0,0.645,192.8178781883865
3519479534,robust_control_aware,nominal,0.0185977328733237,0.0327644342511945,0.98,0.0,0.645,192.7660485802066
4195001948,mse,nominal,0.0189074103834045,0.0381589810251924,0.99,0.0,0.7275,192.5578088329185
4195001948,noise_aware,nominal,0.0182654797512632,0.0373889708180169,0.9875,0.0,0.765,191.5664661598183
4195001948,boundary_aware,nominal,0.0177410047721433,0.0349226536216721,0.99,0.0,0.775,188.2350221278448
4195001948,sharpness_aware,nominal,0.0198552444245994,0.0387837430647996,0.9825,0.0,0.6575,191.44253585537385
4195001948,robust_control_aware,nominal,0.0182395194977778,0.0326136347146616,0.9925,0.0,0.69,188.06074893735283
3252170343,mse,nominal,0.019661144398932,0.0380020693689998,0.9775,0.0,0.75,189.8076577767783
3252170343,noise_aware,nominal,0.0187657337123631,0.0374910598366743,0.985,0.0,0.75,188.60366397704647
3252170343,boundary_aware,nominal,0.0178309942706979,0.0354283320755813,0.99,0.0,0.81,186.96746674143503
3252170343,sharpness_aware,nominal,0.0206582697757719,0.0402097276732137,0.975,0.0,0.69,189.15758785914915
3252170343,robust_control_aware,nominal,0.0186427275114105,0.0330465318698155,0.985,0.0,0.685,190.81753782808897
4243111108,mse,nominal,0.0208225595771012,0.0428877511609608,0.9675,0.0,0.735,176.17247278700825
4243111108,noise_aware,nominal,0.0206316540318791,0.047477741314783,0.955,0.0,0.77,174.44712108780624
4243111108,boundary_aware,nominal,0.018749109218347,0.0375893559911053,0.9825,0.0,0.785,170.28502708874123
4243111108,sharpness_aware,nominal,0.0229726994148706,0.0495799502052089,0.9525,0.0,0.655,174.8219236659216
4243111108,robust_control_aware,nominal,0.019746570736669,0.0394575416416635,0.97,0.0,0.71,174.80963831626246
2445008977,mse,nominal,0.0200309611140629,0.03943962828069,0.9725,0.0,0.74,185.9675077961937
2445008977,noise_aware,nominal,0.0195119089551118,0.0392579007992532,0.98,0.0,0.7625,185.6101226966199
2445008977,boundary_aware,nominal,0.0189443612307712,0.0381346176151048,0.9725,0.0,0.7925,182.1893545780615
2445008977,sharpness_aware,nominal,0.0212953876148487,0.0441789394375526,0.9675,0.0,0.67,185.8871347539692
2445008977,robust_control_aware,nominal,0.018887128513696,0.0351902397867929,0.9775,0.0,0.665,186.3788353789873
903398518,mse,nominal,0.0202394634322942,0.0407118457582479,0.9725,0.0,0.72,188.7595237301745
903398518,noise_aware,nominal,0.0186909095195009,0.0370654646603781,0.9775,0.0,0.79,183.3375559419368
903398518,boundary_aware,nominal,0.0193778003049968,0.0393933221452581,0.97,0.0,0.76,184.0503884543716
903398518,sharpness_aware,nominal,0.020941690254961,0.0410489560759078,0.975,0.0,0.66,185.6458664153228
903398518,robust_control_aware,nominal,0.0195546094738868,0.0354010057687714,0.975,0.0,0.66,185.65179122208804
2014023660,mse,nominal,0.0205623881857146,0.0446131690262366,0.97,0.0,0.725,186.51402357288208
2014023660,noise_aware,nominal,0.0190664725068118,0.0398200926745914,0.975,0.0,0.7575,184.00523309010643
2014023660,boundary_aware,nominal,0.0190343676776368,0.0383912046463507,0.975,0.0,0.7625,183.7349927107078
2014023660,sharpness_aware,nominal,0.0219567475024159,0.0498512546017858,0.95,0.0,0.67,185.3920573286144
2014023660,robust_control_aware,nominal,0.0194009465190512,0.0348768017377375,0.975,0.0,0.66,184.62766410059865
1691291392,mse,nominal,0.0195110445090915,0.038895215651171,0.9825,0.0,0.7425,193.626674863728
1691291392,noise_aware,nominal,0.018660554333905,0.0401247097116017,0.9825,0.0,0.76,192.2402328409476
1691291392,boundary_aware,nominal,0.0179696308083877,0.0348684308800632,0.9875,0.0,0.79,190.2529572839811
1691291392,sharpness_aware,nominal,0.0199064472405167,0.0412152093214082,0.98,0.0,0.6825,193.12828592122963
1691291392,robust_control_aware,nominal,0.0183253877368858,0.0308030124175193,0.985,0.0,0.6625,191.27640024488096
3053498093,mse,nominal,0.0188396469078556,0.0369012014493701,0.985,0.0,0.7925,191.89942033869164
3053498093,noise_aware,nominal,0.0183681126451799,0.0364901358928375,0.9825,0.0,0.8025,191.3989585932062
3053498093,boundary_aware,nominal,0.0179646515830012,0.0353617352258337,0.9925,0.0,0.775,191.7001162061731
3053498093,sharpness_aware,nominal,0.0203592575049617,0.0385198893605008,0.9875,0.0,0.6975,192.41292654585064
3053498093,robust_control_aware,nominal,0.0180535495152326,0.0315176810387851,0.995,0.0,0.6475,193.7109118908794
945374663,mse,nominal,0.0199530443420062,0.0399683474849643,0.9775,0.0,0.7625,190.45493570656157
945374663,noise_aware,nominal,0.0192187926259627,0.0436197529820885,0.965,0.0,0.83,188.31882668504008
945374663,boundary_aware,nominal,0.0185661310262477,0.0372839287117738,0.9725,0.0,0.8175,186.0953784397444
945374663,sharpness_aware,nominal,0.0216352362646221,0.0452877128048153,0.9625,0.0,0.685,188.3354164230538
945374663,robust_control_aware,nominal,0.0190988438848566,0.0344525720444357,0.98,0.0,0.7325,189.3064044758224
56575796,mse,nominal,0.0201523681964454,0.0404374927997239,0.9825,0.0,0.78,190.96670825531027
56575796,noise_aware,nominal,0.0193400942662074,0.037067132101256,0.98,0.0,0.7875,190.16180699336056
56575796,boundary_aware,nominal,0.0183898514462719,0.0335583176275201,0.9875,0.0,0.8325,188.8267397885568
56575796,sharpness_aware,nominal,0.0212476708735588,0.0390030622155357,0.9775,0.0,0.6775,189.46935183673145
56575796,robust_control_aware,nominal,0.0183868374476615,0.0332360540346689,0.99,0.0,0.665,190.5222136194068
761055821,mse,nominal,0.0195882819896407,0.0368887963024338,0.9825,0.0,0.7525,196.1981300475931
761055821,noise_aware,nominal,0.0193335227728235,0.0366857805423869,0.9725,0.0,0.735,194.0170713401845
761055821,boundary_aware,nominal,0.0183899657424756,0.0348328056966081,0.9825,0.0,0.7575,191.97530349244943
761055821,sharpness_aware,nominal,0.0204353165008323,0.0367408087274072,0.98,0.0,0.66,193.5222861335745
761055821,robust_control_aware,nominal,0.0177964152705656,0.0311791722060633,0.9875,0.0,0.6625,194.15780755354123
2053712420,mse,nominal,0.0188829299309837,0.0380182338573467,0.985,0.0,0.76,196.0388722651149
2053712420,noise_aware,nominal,0.0188469391732408,0.0391728528587955,0.98,0.0,0.7925,192.73750798288555
2053712420,boundary_aware,nominal,0.0180295770418885,0.0354175694868134,0.9875,0.0,0.7975,193.99090355625123
2053712420,sharpness_aware,nominal,0.0200530187667484,0.0398550986058401,0.9875,0.0,0.68,193.18265512058792
2053712420,robust_control_aware,nominal,0.0182173355371254,0.0324286183883005,0.985,0.0,0.6475,195.6007001821858
3330615544,mse,nominal,0.0202716600327335,0.039553870744361,0.9725,0.0,0.7475,188.93678145643096
3330615544,noise_aware,nominal,0.0190799726162773,0.0393364915385401,0.975,0.0,0.775,188.49971456052128
3330615544,boundary_aware,nominal,0.0187013319401507,0.0350146474885477,0.9825,0.0,0.78,188.58040079794333
3330615544,sharpness_aware,nominal,0.0207769110323494,0.038559703499215,0.98,0.0,0.6525,189.26671634041787
3330615544,robust_control_aware,nominal,0.0187049613305044,0.0321756587471488,0.98,0.0,0.6925,189.74467558443712
1988057494,mse,nominal,0.0189220207641072,0.0371349715418676,0.99,0.0,0.7475,194.50183991862176
1988057494,noise_aware,nominal,0.0186959803968679,0.0371373286099506,0.98,0.0,0.7375,192.29636172567967
1988057494,boundary_aware,nominal,0.0177873897120699,0.034042528359267,0.9875,0.0,0.7625,188.57683126869927
1988057494,sharpness_aware,nominal,0.0207129273620149,0.0392049207173657,0.99,0.0,0.6675,191.99582369493783
1988057494,robust_control_aware,nominal,0.0186885450646896,0.0321294564545022,0.9875,0.0,0.6475,192.31882416524985
3738784048,mse,nominal,0.019712902419388,0.0405678372482297,0.975,0.0,0.7625,188.50855456134445
3738784048,noise_aware,nominal,0.0191647909793475,0.0383258046087963,0.975,0.0,0.7775,188.242732740712
3738784048,boundary_aware,nominal,0.0191946426357251,0.0393829207104583,0.9725,0.0,0.7975,188.6501107006277
3738784048,sharpness_aware,nominal,0.0210432736573372,0.0404170870952775,0.975,0.0,0.68,188.46432329135277
3738784048,robust_control_aware,nominal,0.0187185019585272,0.0334066511414932,0.9825,0.0,0.6475,191.37537242933095
2698257310,mse,nominal,0.0202988045648323,0.0412387926575412,0.9725,0.0,0.7325,190.8670869518673
2698257310,noise_aware,nominal,0.019467198476618,0.0384108530105116,0.98,0.0,0.7575,188.3898239436366
2698257310,boundary_aware,nominal,0.0179342806241397,0.0358502825310963,0.9875,0.0,0.8,187.75340018225228
2698257310,sharpness_aware,nominal,0.0210917915657662,0.0414052396474323,0.9775,0.0,0.665,190.45426312642772
2698257310,robust_control_aware,nominal,0.0184213376315051,0.0331668249412476,0.98,0.0,0.6725,187.6451030547309
3145110617,mse,nominal,0.0199851812123427,0.0422460423569846,0.9775,0.0,0.795,186.0137503775761
3145110617,noise_aware,nominal,0.0190274240362624,0.0371770402539967,0.9825,0.0,0.79,185.2797399544968
3145110617,boundary_aware,nominal,0.0186029389242601,0.039634588995037,0.98,0.0,0.7975,185.4695566097534
3145110617,sharpness_aware,nominal,0.0208487598390295,0.0402936576383724,0.975,0.0,0.7025,184.98807972565385
3145110617,robust_control_aware,nominal,0.0194483568392268,0.0370575311740778,0.9725,0.0,0.705,184.1637293960968
3839569303,mse,nominal,0.0191948457008548,0.0396670788213622,0.99,0.0,0.7425,193.16717209407472
3839569303,noise_aware,nominal,0.0182625005312228,0.0356202171868377,0.99,0.0,0.745,191.87894262060848
3839569303,boundary_aware,nominal,0.0179393259133852,0.0346584996413548,0.9875,0.0,0.7775,188.8519173629543
3839569303,sharpness_aware,nominal,0.0201978352291328,0.039915327686562,0.98,0.0,0.6925,189.4770762833261
3839569303,robust_control_aware,nominal,0.0188534989938678,0.0333691524516538,0.985,0.0,0.6625,190.1439067620064
1741795387,mse,nominal,0.0188909332073949,0.0368028867156103,0.995,0.0,0.7475,191.82992815650636
1741795387,noise_aware,nominal,0.0182367058459511,0.035998191271281,0.99,0.0,0.78,189.3929819618914
1741795387,boundary_aware,nominal,0.0180257167302217,0.0326420099117579,0.995,0.0,0.7975,190.36039420637573
1741795387,sharpness_aware,nominal,0.0203442939143823,0.0396331965626425,0.985,0.0,0.6525,190.1836859894383
1741795387,robust_control_aware,nominal,0.0183593335677522,0.0318345951391668,0.985,0.0,0.6525,191.1143958641389
1008093370,mse,nominal,0.0192803429776732,0.0373812687505304,0.985,0.0,0.74,194.17012394862476
1008093370,noise_aware,nominal,0.0184058481279197,0.0367461457849104,0.985,0.0,0.76,190.7893650865361
1008093370,boundary_aware,nominal,0.0179914995616511,0.0364289490775968,0.985,0.0,0.8,188.8662236920693
1008093370,sharpness_aware,nominal,0.0203129189376204,0.0385203257567573,0.9875,0.0,0.7,190.70221975639643
1008093370,robust_control_aware,nominal,0.0182962650842807,0.0324878694630195,0.9825,0.0,0.6175,188.6530209985891
578984872,mse,nominal,0.0195246349200392,0.037874380758861,0.99,0.0,0.73,191.7250659751584
578984872,noise_aware,nominal,0.0186418413808825,0.0379502871209663,0.9825,0.0,0.7825,189.0775924257924
578984872,boundary_aware,nominal,0.0186240508581922,0.0361678059332216,0.9775,0.0,0.7775,188.2042610083962
578984872,sharpness_aware,nominal,0.0209569531571011,0.0408574802398555,0.97,0.0,0.655,187.01101103694032
578984872,robust_control_aware,nominal,0.0185307436948485,0.0324121021329895,0.9825,0.0,0.64,189.49718365876407
2934542094,mse,nominal,0.0192041040972448,0.0402083359571546,0.9875,0.0,0.74,191.10185729120263
2934542094,noise_aware,nominal,0.0191727484037171,0.0388218683621597,0.9825,0.0,0.75,192.12685604737115
2934542094,boundary_aware,nominal,0.0180308469079894,0.0344551958517861,0.985,0.0,0.7675,187.2584452059893
2934542094,sharpness_aware,nominal,0.0201325356571342,0.037975715144614,0.9825,0.0,0.675,188.41092931690235
2934542094,robust_control_aware,nominal,0.0184413491103352,0.0333875331510163,0.99,0.0,0.6775,190.67396954226427
3187112867,mse,nominal,0.019638887090089,0.0396772515103528,0.9775,0.0,0.78,189.9632764415637
3187112867,noise_aware,nominal,0.0189761934704657,0.0376301036410202,0.9875,0.0,0.785,188.5294434969898
3187112867,boundary_aware,nominal,0.0183666685319344,0.0349546278680707,0.9775,0.0,0.795,188.77747445550213
3187112867,sharpness_aware,nominal,0.0211868421854443,0.0420243008047296,0.9675,0.0,0.685,189.14331307338435
3187112867,robust_control_aware,nominal,0.0182224529048108,0.0327538647231389,0.9775,0.0,0.6675,191.133804622616
2389930833,mse,nominal,0.0213006503194622,0.0454124298138454,0.9625,0.0,0.715,181.72266053289763
2389930833,noise_aware,nominal,0.0207425694260116,0.0433642980941859,0.96,0.0,0.7875,180.87150553495397
2389930833,boundary_aware,nominal,0.0199902514814996,0.0444833342085611,0.9525,0.0,0.775,179.63427147630074
2389930833,sharpness_aware,nominal,0.0220366413592265,0.0433573935700237,0.9675,0.0,0.6725,181.9080047173918
2389930833,robust_control_aware,nominal,0.0198996900066237,0.0367435216019807,0.97,0.0,0.705,180.3661278171881
1292274856,mse,nominal,0.0194586895826104,0.0362761938345669,0.9925,0.0,0.7125,191.60418121437013
1292274856,noise_aware,nominal,0.0185256242732765,0.0354471568585695,0.9875,0.0,0.7675,191.3473345335181
1292274856,boundary_aware,nominal,0.0182424420962045,0.0335580771271633,0.985,0.0,0.7825,190.04787173738487
1292274856,sharpness_aware,nominal,0.0202155175609867,0.0399068143875223,0.98,0.0,0.6875,188.79502562474696
1292274856,robust_control_aware,nominal,0.0182003976863144,0.0324129954594242,0.9925,0.0,0.675,189.87391781013184
3203924750,mse,nominal,0.0209058972569086,0.0429453820772924,0.9675,0.0,0.7725,191.1529104847904
3203924750,noise_aware,nominal,0.0199875978647251,0.0416628653733472,0.965,0.0,0.7325,192.24326297046844
3203924750,boundary_aware,nominal,0.018538723013346,0.0379310144834744,0.98,0.0,0.805,189.01165075084637
3203924750,sharpness_aware,nominal,0.0210777774920321,0.0386795531957053,0.9675,0.0,0.67,189.5479441887825
3203924750,robust_control_aware,nominal,0.0187958895015988,0.0334076022257049,0.975,0.0,0.635,187.98880236773056
2727536461,mse,nominal,0.0199088112067668,0.0389355452064961,0.97,0.0,0.76,186.98581105936705
2727536461,noise_aware,nominal,0.0187653755534929,0.0393720066942124,0.985,0.0,0.75,186.7827328614325
2727536461,boundary_aware,nominal,0.0185840179191491,0.0357103823137785,0.98,0.0,0.7775,184.6684228683326
2727536461,sharpness_aware,nominal,0.0207734059797069,0.0417282060996168,0.9675,0.0,0.6925,187.4342476642691
2727536461,robust_control_aware,nominal,0.0181770490836684,0.032851570095373,0.9825,0.0,0.6625,184.5976486218269
3436844845,mse,nominal,0.0194529078664478,0.0399431465454926,0.9825,0.0,0.755,191.3264979837435
3436844845,noise_aware,nominal,0.0186828705666486,0.0384650551269535,0.9775,0.0,0.8,190.92118594612128
3436844845,boundary_aware,nominal,0.0180549047136686,0.033359788435058,0.9875,0.0,0.8025,191.92284730307176
3436844845,sharpness_aware,nominal,0.0212443691018476,0.041240390681412,0.9675,0.0,0.7075,190.95826403802
3436844845,robust_control_aware,nominal,0.0184375582444537,0.0316002473011031,0.9825,0.0,0.6425,191.8863312464454
3389111171,mse,mild,0.0207079899145074,0.0446672747059855,0.965,0.0,0.565,195.52003135167064
3389111171,noise_aware,mild,0.020063156972196,0.0417181204433104,0.9775,0.0,0.62,196.1996094463523
3389111171,boundary_aware,mild,0.0195648386008199,0.0416205005047581,0.9825,0.0,0.6475,193.308351378593
3389111171,sharpness_aware,mild,0.0230158038015458,0.0482552806189356,0.9575,0.0,0.54,194.47464016781183
3389111171,robust_control_aware,mild,0.0182701986399537,0.0327482382132507,0.99,0.0,0.615,190.09857467364972
3084139821,mse,mild,0.0203075074324245,0.0458100536389686,0.9725,0.0,0.5875,196.2824580152158
3084139821,noise_aware,mild,0.0195902965744211,0.0428289490748406,0.9825,0.0,0.57,196.6045067988012
3084139821,boundary_aware,mild,0.0185553093586255,0.041310669870413,0.9875,0.0,0.6,195.25619403807025
3084139821,sharpness_aware,mild,0.0219778422673014,0.0460571404301146,0.965,0.0,0.56,196.21451156642152
3084139821,robust_control_aware,mild,0.0179161044547327,0.0309590044963546,0.9925,0.0,0.615,191.4598616100133
2042987557,mse,mild,0.0212712209479045,0.050861850033093,0.945,0.0,0.6125,189.2159071475284
2042987557,noise_aware,mild,0.0210650646940273,0.04671111871634,0.965,0.0,0.625,188.61466545087023
2042987557,boundary_aware,mild,0.0220406919995289,0.0489074054197712,0.9525,0.0,0.5925,187.08564346286596
2042987557,sharpness_aware,mild,0.0231619564580602,0.0529384922193415,0.9375,0.0,0.585,189.1681343919416
2042987557,robust_control_aware,mild,0.0199865282670115,0.0445589491223001,0.9625,0.0,0.605,184.0962282898252
3002971205,mse,mild,0.0213777873148182,0.0492167455687087,0.955,0.0,0.5825,199.6965211401032
3002971205,noise_aware,mild,0.0212299747689205,0.0479729844340338,0.955,0.0,0.5675,196.64149479432675
3002971205,boundary_aware,mild,0.019743134514319,0.0443460333437838,0.97,0.0,0.5875,193.17780972383852
3002971205,sharpness_aware,mild,0.0223674737740042,0.0487092734700243,0.9525,0.0,0.5625,195.54601254230988
3002971205,robust_control_aware,mild,0.0186793616628989,0.0367194034888424,0.9825,0.0,0.6525,190.04922861049604
4027510005,mse,mild,0.0213190610575849,0.0464008577129167,0.96,0.0,0.6425,198.45044356397477
4027510005,noise_aware,mild,0.0203658955857221,0.0404824754445041,0.975,0.0,0.5775,197.81348616457888
4027510005,boundary_aware,mild,0.0199329903445738,0.0446256178634951,0.9775,0.0,0.5625,195.7940579279665
4027510005,sharpness_aware,mild,0.0217017992387038,0.047413777070788,0.97,0.0,0.53,196.24013803443123
4027510005,robust_control_aware,mild,0.0180051745852645,0.0317520535161933,0.9875,0.0,0.625,190.64076702297103
2672624958,mse,mild,0.0216053901988025,0.0464169159255218,0.9625,0.0,0.5725,194.83500814583292
2672624958,noise_aware,mild,0.0214160147977654,0.0450345487806775,0.9625,0.0,0.6,196.85802972274485
2672624958,boundary_aware,mild,0.020146258088771,0.0445700813698566,0.965,0.0,0.635,195.35722978310295
2672624958,sharpness_aware,mild,0.0224358177865957,0.0507009822580755,0.945,0.0,0.5475,195.9153971916196
2672624958,robust_control_aware,mild,0.0190697001185232,0.0343710578535703,0.9775,0.0,0.615,191.0186315422146
2738655513,mse,mild,0.0213644129333772,0.046989890261593,0.97,0.0,0.5725,194.51245091555128
2738655513,noise_aware,mild,0.0200647000777189,0.0439904036761262,0.975,0.0,0.6375,192.7653382691591
2738655513,boundary_aware,mild,0.0194932861651643,0.0430462204778475,0.97,0.0,0.6275,190.30102696022325
2738655513,sharpness_aware,mild,0.0221487426454562,0.047208083306736,0.9625,0.0,0.5675,195.71476803157572
2738655513,robust_control_aware,mild,0.0182838502073185,0.0325316688968886,0.9825,0.0,0.61,184.1930928732212
829092966,mse,mild,0.020923934023063,0.0487147806194461,0.955,0.0,0.605,196.9948683252405
829092966,noise_aware,mild,0.0215499819947695,0.0487196467771095,0.95,0.0,0.6125,197.42925328528176
829092966,boundary_aware,mild,0.0204533404253528,0.0469366818363034,0.9625,0.0,0.59,195.52217633808377
829092966,sharpness_aware,mild,0.0222452880210744,0.0469710334979839,0.9625,0.0,0.5875,197.76593326200836
829092966,robust_control_aware,mild,0.0187523667594516,0.0343679889240372,0.985,0.0,0.585,190.2245461393312
2633362063,mse,mild,0.0207308724249787,0.0450100052170367,0.9625,0.0,0.62,194.9663087278372
2633362063,noise_aware,mild,0.0216925797472038,0.0496267777257129,0.9525,0.0,0.5925,195.14695654155972
2633362063,boundary_aware,mild,0.0202324560827133,0.0439995949715165,0.9625,0.0,0.6225,191.23327168730972
2633362063,sharpness_aware,mild,0.0223727731718578,0.0488204948377506,0.955,0.0,0.58,191.97112815315467
2633362063,robust_control_aware,mild,0.0184487913914402,0.0359294786641635,0.98,0.0,0.66,187.7261833717171
962559107,mse,mild,0.0218654289811783,0.049797533531567,0.95,0.0,0.58,199.2285215440219
962559107,noise_aware,mild,0.0207176608457415,0.0501264152170765,0.9475,0.0,0.595,195.87050113360905
962559107,boundary_aware,mild,0.0203198763719229,0.0484116633701349,0.955,0.0,0.58,195.6874149991901
962559107,sharpness_aware,mild,0.0224756811290913,0.0499774010451495,0.95,0.0,0.5825,196.35905478290607
962559107,robust_control_aware,mild,0.0181466189745152,0.0328373758739561,0.9925,0.0,0.59,190.10014745342403
1093805409,mse,mild,0.0214719256750715,0.0472182996282886,0.96,0.0,0.605,202.7736137200744
1093805409,noise_aware,mild,0.0205416247429004,0.0480762106365434,0.9575,0.0,0.61,203.5277027515864
1093805409,boundary_aware,mild,0.0197869485567416,0.0463304730484497,0.9725,0.0,0.595,200.22357552628387
1093805409,sharpness_aware,mild,0.0227168509690764,0.0503004901290655,0.9475,0.0,0.55,201.81067894760005
1093805409,robust_control_aware,mild,0.0184958180757125,0.0333836245548458,0.985,0.0,0.665,193.67055539390395
962587854,mse,mild,0.0205377791916245,0.0453064411410007,0.955,0.0,0.5725,196.7037513187136
962587854,noise_aware,mild,0.0199465634149816,0.0436889149309464,0.97,0.0,0.585,196.0017478219873
962587854,boundary_aware,mild,0.0176064789457268,0.0385671680941197,0.9825,0.0,0.6175,194.46203697816907
962587854,sharpness_aware,mild,0.020885123798595,0.0422046729599491,0.9675,0.0,0.58,198.40952159785712
962587854,robust_control_aware,mild,0.0180736424124647,0.0323366764683556,0.9875,0.0,0.585,190.31065546560177
860894674,mse,mild,0.0196155032374714,0.0430995582437973,0.98,0.0,0.6125,195.6755868801505
860894674,noise_aware,mild,0.0198397140030927,0.0445483464458135,0.9675,0.0,0.6025,199.26953173002815
860894674,boundary_aware,mild,0.0191889770476013,0.0444563738079661,0.9725,0.0,0.595,195.96193472063084
860894674,sharpness_aware,mild,0.0212786663416884,0.0488621332550281,0.955,0.0,0.5825,197.90383365304857
860894674,robust_control_aware,mild,0.0183800045880693,0.0339886747917731,0.99,0.0,0.64,190.9526772247918
3655813037,mse,mild,0.0200536361668787,0.0441488110110966,0.97,0.0,0.605,201.96515979967512
3655813037,noise_aware,mild,0.0199456182861421,0.0454685689091787,0.96,0.0,0.5725,202.52918840104044
3655813037,boundary_aware,mild,0.018220336451989,0.0388293442512851,0.9875,0.0,0.6075,198.5626469000875
3655813037,sharpness_aware,mild,0.021700884076783,0.0439971056817587,0.96,0.0,0.5325,200.7729504895186
3655813037,robust_control_aware,mild,0.0176230958994484,0.031825498777442,0.9925,0.0,0.605,194.0961091951629
3584847826,mse,mild,0.0212047001891652,0.043499305108585,0.9625,0.0,0.615,197.16245877664727
3584847826,noise_aware,mild,0.0203677311915507,0.0449193161511197,0.9675,0.0,0.6075,195.46807348030012
3584847826,boundary_aware,mild,0.0199264174549408,0.0449783489229601,0.965,0.0,0.5775,196.98323034035195
3584847826,sharpness_aware,mild,0.0212678548426484,0.0468673191306292,0.9575,0.0,0.5925,196.63244744456767
3584847826,robust_control_aware,mild,0.0185729227625572,0.0348979068573299,0.985,0.0,0.6075,190.4514974896295
3191201105,mse,mild,0.0206088512822613,0.0430238325309787,0.975,0.0,0.58,201.95626641846505
3191201105,noise_aware,mild,0.0206322129495774,0.0453393060869039,0.9725,0.0,0.615,201.5137420445861
3191201105,boundary_aware,mild,0.018409949001975,0.0404757997417923,0.97,0.0,0.62,198.09868508196956
3191201105,sharpness_aware,mild,0.0220448485597585,0.0490606873513906,0.9525,0.0,0.5675,203.04406765489728
3191201105,robust_control_aware,mild,0.0178460810500589,0.0316603223874373,0.99,0.0,0.6275,191.22607818529627
2911101028,mse,mild,0.0208598842673819,0.046255828870743,0.965,0.0,0.555,197.45278660144663
2911101028,noise_aware,mild,0.0204290339115339,0.0451100232901855,0.97,0.0,0.59,195.39930077463265
2911101028,boundary_aware,mild,0.0193960113282581,0.0433030998471937,0.97,0.0,0.585,195.2503620735777
2911101028,sharpness_aware,mild,0.0210679062459672,0.0435497759972713,0.9775,0.0,0.585,196.0983572935457
2911101028,robust_control_aware,mild,0.0183056903774247,0.0333663359406033,0.9875,0.0,0.665,190.14149112476497
1310972635,mse,mild,0.0197933663396141,0.0467845342978165,0.97,0.0,0.585,196.79539129250517
1310972635,noise_aware,mild,0.0195831797460803,0.0447704656855443,0.9575,0.0,0.5975,194.86446539799647
1310972635,boundary_aware,mild,0.0192777883250911,0.0468600228932428,0.9575,0.0,0.605,191.5923162823549
1310972635,sharpness_aware,mild,0.0220360350521977,0.0479841417483087,0.9575,0.0,0.57,199.1876581004128
1310972635,robust_control_aware,mild,0.0183439570862884,0.0330910647914775,0.98,0.0,0.615,189.7448189978236
3628597686,mse,mild,0.0205833700973002,0.0452380031285615,0.9775,0.0,0.6225,196.56807319862335
3628597686,noise_aware,mild,0.0210500502559313,0.0489709537865196,0.955,0.0,0.6075,194.7801201021867
3628597686,boundary_aware,mild,0.0202772472346863,0.0450120888729771,0.965,0.0,0.545,192.69980534954857
3628597686,sharpness_aware,mild,0.0219742039682292,0.0491390645086312,0.955,0.0,0.5825,196.0683427633106
3628597686,robust_control_aware,mild,0.0188836238775414,0.0356846340306824,0.97,0.0,0.6325,186.74086824707717
3381601262,mse,mild,0.0208838958620013,0.0468771702575854,0.9575,0.0,0.585,192.0746416711345
3381601262,noise_aware,mild,0.0202215401978395,0.044198253084616,0.97,0.0,0.6125,192.3793653631805
3381601262,boundary_aware,mild,0.0202054750347661,0.0462275505209249,0.955,0.0,0.605,190.5374270700137
3381601262,sharpness_aware,mild,0.0229360672289969,0.0510233575694448,0.9425,0.0,0.5925,193.7665168560708
3381601262,robust_control_aware,mild,0.0188629970462755,0.0341141223595955,0.9775,0.0,0.6325,187.38702643770512
3092867210,mse,mild,0.0205535432482885,0.0445424857386877,0.965,0.0,0.5825,196.66837250748188
3092867210,noise_aware,mild,0.0204926065417362,0.044310479918629,0.9625,0.0,0.575,195.93451950292712
3092867210,boundary_aware,mild,0.0203072252897503,0.0460283393802463,0.9675,0.0,0.565,197.24441696733717
3092867210,sharpness_aware,mild,0.0228574096271615,0.0512296454631852,0.9475,0.0,0.53,199.38883091771012
3092867210,robust_control_aware,mild,0.0170661344116367,0.030189201335338,0.9925,0.0,0.635,192.3165917423717
2622879300,mse,mild,0.0217541162308927,0.0465509050117282,0.96,0.0,0.6125,195.34249147598752
2622879300,noise_aware,mild,0.0219749364895637,0.0484911935211479,0.955,0.0,0.64,195.4737547394547
2622879300,boundary_aware,mild,0.0200167587525197,0.0413557981584205,0.9775,0.0,0.5825,191.56589447943637
2622879300,sharpness_aware,mild,0.0235774139935294,0.0537399484211686,0.9325,0.0,0.5975,195.5026649161265
2622879300,robust_control_aware,mild,0.0187691611074004,0.0335423601133943,0.975,0.0,0.655,187.05730638005548
2937656991,mse,mild,0.0203662543177634,0.0430738457940257,0.9725,0.0,0.615,199.9189558976684
2937656991,noise_aware,mild,0.0203307374986737,0.0451860487061379,0.97,0.0,0.6125,198.55556776213933
2937656991,boundary_aware,mild,0.0187896474024393,0.0413218675339292,0.98,0.0,0.62,196.1150064932172
2937656991,sharpness_aware,mild,0.022635972145594,0.0472037036683775,0.9625,0.0,0.55,199.11502377652283
2937656991,robust_control_aware,mild,0.0180808125387765,0.0314271633059627,0.985,0.0,0.63,190.37370711668947
1872448827,mse,mild,0.0197534825022069,0.0434315842908986,0.97,0.0,0.5975,196.6695832053996
1872448827,noise_aware,mild,0.0190717578002072,0.0425568162142718,0.975,0.0,0.6,197.18551713486465
1872448827,boundary_aware,mild,0.0187721183540299,0.0413880219708121,0.98,0.0,0.6025,193.64392124842536
1872448827,sharpness_aware,mild,0.0213612166731157,0.0490630891183405,0.955,0.0,0.5625,198.2207693316856
1872448827,robust_control_aware,mild,0.0180888602560947,0.0344077297142357,0.98,0.0,0.61,191.3359453297608
2027309548,mse,mild,0.0209136367740195,0.0449998843145008,0.9725,0.0,0.615,191.9003372428468
2027309548,noise_aware,mild,0.0212154294235425,0.0474761855001933,0.9525,0.0,0.61,193.46961214983676
2027309548,boundary_aware,mild,0.0191759337625099,0.0423579404194387,0.97,0.0,0.625,187.97751006281263
2027309548,sharpness_aware,mild,0.0221816760709462,0.0470884324686313,0.955,0.0,0.5775,193.79730282014677
2027309548,robust_control_aware,mild,0.0183083616881887,0.0346403595740269,0.9875,0.0,0.585,184.4536232203389
2136321268,mse,mild,0.020908339836182,0.0479809145440401,0.9575,0.0,0.615,192.7549855650261
2136321268,noise_aware,mild,0.0210364498842702,0.0486864883755681,0.9525,0.0,0.64,192.4252643579143
2136321268,boundary_aware,mild,0.019529076483369,0.0430498473242466,0.9725,0.0,0.6475,191.38600394849192
2136321268,sharpness_aware,mild,0.0227751330289423,0.0492259091084364,0.95,0.0,0.6,195.5981566246775
2136321268,robust_control_aware,mild,0.0192899078115615,0.0359573031448572,0.9675,0.0,0.625,189.91498235766213
3252490845,mse,mild,0.0201960884024256,0.0448745271552697,0.98,0.0,0.5875,199.62548845005196
3252490845,noise_aware,mild,0.0194751287805204,0.0453759238045054,0.9725,0.0,0.615,197.8215631234032
3252490845,boundary_aware,mild,0.0185709699211128,0.04199318353726,0.97,0.0,0.6,196.26079286143005
3252490845,sharpness_aware,mild,0.0214805662312661,0.0444404385030225,0.965,0.0,0.585,196.6233873490392
3252490845,robust_control_aware,mild,0.0183561226980869,0.0331887483691434,0.9825,0.0,0.6375,194.45259583527317
3692477288,mse,mild,0.0212608634604554,0.046106302117409,0.9575,0.0,0.5625,188.34609643730997
3692477288,noise_aware,mild,0.0203567535474779,0.045358276582407,0.9675,0.0,0.5575,192.28777412883
3692477288,boundary_aware,mild,0.0193126339742023,0.0416547649715739,0.9725,0.0,0.58,191.66748913621387
3692477288,sharpness_aware,mild,0.0223515740630702,0.0490278058402214,0.955,0.0,0.5475,192.5974852546195
3692477288,robust_control_aware,mild,0.0190268354386511,0.0347789189452331,0.9825,0.0,0.6175,186.1109945455501
72726709,mse,mild,0.0212207013373035,0.0506461195728423,0.9475,0.0,0.5875,197.5422290997214
72726709,noise_aware,mild,0.0209006895386127,0.0512748039265862,0.9425,0.0,0.565,196.34459776331465
72726709,boundary_aware,mild,0.0195880467863348,0.046421666332775,0.96,0.0,0.5775,195.6484394957932
72726709,sharpness_aware,mild,0.0225491937062213,0.0478689974983352,0.955,0.0,0.5725,199.51287494443432
72726709,robust_control_aware,mild,0.0182347848566133,0.0321780728751225,0.99,0.0,0.67,191.93665899220247
263809025,mse,mild,0.0227654005609016,0.0518912814613007,0.9425,0.0,0.555,198.6830072547864
263809025,noise_aware,mild,0.0213545343069163,0.0483666521908474,0.9625,0.0,0.595,197.0463235413658
263809025,boundary_aware,mild,0.0218732372911689,0.0483510351094383,0.9525,0.0,0.585,195.98197904597583
263809025,sharpness_aware,mild,0.0245335960313065,0.0543660245662068,0.9225,0.0,0.5625,199.92874640988884
263809025,robust_control_aware,mild,0.0186413677841514,0.0328363519172223,0.9775,0.0,0.61,186.8517866514108
388266878,mse,mild,0.0200405728747601,0.0442639058573317,0.97,0.0,0.625,190.98589211654604
388266878,noise_aware,mild,0.0201951592094234,0.044752881648991,0.9625,0.0,0.6,191.0355687805376
388266878,boundary_aware,mild,0.0193470236288772,0.0426136309294317,0.975,0.0,0.605,190.88283870156403
388266878,sharpness_aware,mild,0.0221189961854085,0.0508082884470186,0.945,0.0,0.605,193.9962670349568
388266878,robust_control_aware,mild,0.0183591449880515,0.0362312103836384,0.975,0.0,0.65,187.0532329156032
3805909048,mse,mild,0.0202244654370199,0.0468815528878263,0.96,0.0,0.61,198.82832838042745
3805909048,noise_aware,mild,0.0203470473420207,0.0456974694810418,0.9725,0.0,0.605,198.13706136716104
3805909048,boundary_aware,mild,0.0196560868950027,0.0460456823178648,0.9575,0.0,0.6375,197.45789935871025
3805909048,sharpness_aware,mild,0.022589441787236,0.0529398723298772,0.9375,0.0,0.5725,199.0068403454509
3805909048,robust_control_aware,mild,0.017758837350714,0.0330118778270114,0.985,0.0,0.6025,194.1131193096556
3006661105,mse,mild,0.0207738734518602,0.0445093871212937,0.9725,0.0,0.5525,196.3525990524636
3006661105,noise_aware,mild,0.0206300868420989,0.0462070907797319,0.9625,0.0,0.5925,196.26721614199
3006661105,boundary_aware,mild,0.0188759764953564,0.042019250247298,0.9775,0.0,0.6075,196.02474851038983
3006661105,sharpness_aware,mild,0.0220440572264047,0.0453753264631401,0.9675,0.0,0.565,194.99086964575
3006661105,robust_control_aware,mild,0.0184050466155322,0.0347181979328423,0.9825,0.0,0.645,189.4095715864684
2400255462,mse,mild,0.0220718775516488,0.0494903049104438,0.955,0.0,0.555,192.194541787142
2400255462,noise_aware,mild,0.0214037831505606,0.0468533808001672,0.96,0.0,0.5975,192.10290895638383
2400255462,boundary_aware,mild,0.0207650424730228,0.0467481907146002,0.9625,0.0,0.5775,191.3352794563477
2400255462,sharpness_aware,mild,0.0244722989195783,0.0535590283411333,0.9325,0.0,0.5275,195.22097121748695
2400255462,robust_control_aware,mild,0.0185352000502685,0.0339599791392929,0.975,0.0,0.635,186.52937154720811
1592815009,mse,mild,0.0192561136814317,0.0443554416166269,0.98,0.0,0.61,200.56831177313768
1592815009,noise_aware,mild,0.0197975213777577,0.045718295794165,0.9775,0.0,0.525,199.4575946048781
1592815009,boundary_aware,mild,0.0188519289115218,0.0431605551710307,0.9775,0.0,0.59,198.46163132768748
1592815009,sharpness_aware,mild,0.020218948256231,0.0426528698218625,0.9725,0.0,0.5875,198.83919111012412
1592815009,robust_control_aware,mild,0.0172038426543223,0.0314561567539622,0.9975,0.0,0.6225,193.6304626091059
616946658,mse,mild,0.0203870423793393,0.0473961125331636,0.965,0.0,0.59,193.4245571743853
616946658,noise_aware,mild,0.0199655876198618,0.0447702385803731,0.975,0.0,0.6025,195.9828448899687
616946658,boundary_aware,mild,0.0188065946836841,0.0439767602372948,0.9775,0.0,0.59,190.9225143920442
616946658,sharpness_aware,mild,0.0227309897153876,0.0489221571613562,0.9525,0.0,0.5725,193.1977639455936
616946658,robust_control_aware,mild,0.0190578507147524,0.0354169533956568,0.9825,0.0,0.59,184.25723706163487
4125253457,mse,mild,0.0228855441971058,0.0512460531195506,0.9375,0.0,0.6025,196.47062306878516
4125253457,noise_aware,mild,0.0215939510324692,0.0485147873437476,0.955,0.0,0.585,192.56437434752667
4125253457,boundary_aware,mild,0.0207249796723935,0.0447981845276218,0.9675,0.0,0.5975,190.76209894698377
4125253457,sharpness_aware,mild,0.0228927828466029,0.0501910087199822,0.9475,0.0,0.58,192.9055281835092
4125253457,robust_control_aware,mild,0.0188988176001642,0.0344907781148764,0.985,0.0,0.645,187.12548462761265
1894299039,mse,mild,0.0207485930005829,0.0463224543310027,0.9625,0.0,0.6025,192.7637642061223
1894299039,noise_aware,mild,0.0197439499187183,0.0435466055710125,0.975,0.0,0.5975,193.6962748761553
1894299039,boundary_aware,mild,0.0197510493851965,0.0407507425677066,0.97,0.0,0.58,190.34192170037232
1894299039,sharpness_aware,mild,0.0223233085529986,0.0481314094999108,0.9575,0.0,0.56,196.08131902288065
1894299039,robust_control_aware,mild,0.0178497212341245,0.0329125632156885,0.9825,0.0,0.6125,186.50085025140575
1826657357,mse,mild,0.0214085863315273,0.0450155375426597,0.965,0.0,0.575,196.141269034233
1826657357,noise_aware,mild,0.0204897679890461,0.0490575333734793,0.9525,0.0,0.6125,198.36482644799463
1826657357,boundary_aware,mild,0.020065470823101,0.0456893243036328,0.97,0.0,0.6025,196.33974802563856
1826657357,sharpness_aware,mild,0.0215321955452688,0.0461785583551342,0.97,0.0,0.5675,196.05527157843696
1826657357,robust_control_aware,mild,0.0183436959393006,0.0335304842349745,0.9825,0.0,0.65,191.23827495264763
3869760332,mse,mild,0.020471707912365,0.0449993268002161,0.965,0.0,0.635,185.79776327965567
3869760332,noise_aware,mild,0.0217103683604114,0.050900493203224,0.945,0.0,0.575,185.754670611233
3869760332,boundary_aware,mild,0.0206906218003721,0.0456717408244683,0.9625,0.0,0.5875,184.88912912627865
3869760332,sharpness_aware,mild,0.0229170190132537,0.0507996180198909,0.9475,0.0,0.595,184.618004273089
3869760332,robust_control_aware,mild,0.0194217838543388,0.0345287248196885,0.9725,0.0,0.6275,180.85505729195563
3942096291,mse,mild,0.0204424258174953,0.0458819831791707,0.97,0.0,0.6375,194.64917687757907
3942096291,noise_aware,mild,0.0204702122919607,0.0489265936663182,0.955,0.0,0.63,194.6743004362797
3942096291,boundary_aware,mild,0.0209673312895663,0.0483591143589814,0.9575,0.0,0.615,194.03974725524287
3942096291,sharpness_aware,mild,0.0226646340953958,0.0504498759623268,0.9475,0.0,0.57,194.3381789612997
3942096291,robust_control_aware,mild,0.0182734269522729,0.0338210118740807,0.9825,0.0,0.6675,186.7650988083948
4196962272,mse,mild,0.0205210322492862,0.0455722739302914,0.97,0.0,0.605,196.52177273213533
4196962272,noise_aware,mild,0.020854792332021,0.045570832444196,0.965,0.0,0.605,196.35612889020385
4196962272,boundary_aware,mild,0.020726122540137,0.0438427572189257,0.9675,0.0,0.6025,196.2240863487104
4196962272,sharpness_aware,mild,0.0216224569863067,0.0495687020302129,0.95,0.0,0.55,194.83246668412784
4196962272,robust_control_aware,mild,0.018517387567323,0.0332426873060682,0.9775,0.0,0.625,187.8849595254464
650737436,mse,mild,0.0199529998814509,0.0467316318492035,0.965,0.0,0.57,198.52674314777784
650737436,noise_aware,mild,0.0202076543905487,0.0454281015958409,0.9625,0.0,0.5875,195.2427813803544
650737436,boundary_aware,mild,0.0194202365288386,0.0408457505400147,0.985,0.0,0.61,196.7312484709827
650737436,sharpness_aware,mild,0.0208438082125804,0.0480256153157515,0.9625,0.0,0.57,197.3290073599232
650737436,robust_control_aware,mild,0.01734100216408,0.0326330857597141,0.99,0.0,0.66,193.46139555751108
2765233509,mse,mild,0.0219297746130213,0.0504087739251363,0.9475,0.0,0.595,189.3240347546929
2765233509,noise_aware,mild,0.0205731251653073,0.0447997917018186,0.965,0.0,0.6175,186.99137455709084
2765233509,boundary_aware,mild,0.0210069110547966,0.0480549031368898,0.955,0.0,0.6375,187.00710866595608
2765233509,sharpness_aware,mild,0.0234550214892459,0.0507841039600908,0.9425,0.0,0.575,191.7574518565584
2765233509,robust_control_aware,mild,0.0189996613409612,0.034598901751508,0.98,0.0,0.6475,184.5180585317778
2648460118,mse,mild,0.0224664004491635,0.0506583042662789,0.9475,0.0,0.585,189.49364531525976
2648460118,noise_aware,mild,0.0218313234615483,0.0462848411531883,0.9625,0.0,0.6025,189.94526910398912
2648460118,boundary_aware,mild,0.0213660516874387,0.0477498265814047,0.9575,0.0,0.6025,190.0902355124038
2648460118,sharpness_aware,mild,0.0230128896564351,0.0510630818309576,0.9375,0.0,0.5725,191.3160675285684
2648460118,robust_control_aware,mild,0.0186587140181408,0.0354425818519581,0.98,0.0,0.7,186.0630245664758
2721002355,mse,mild,0.0221062428680862,0.051079717481069,0.945,0.0,0.5675,193.21075145517827
2721002355,noise_aware,mild,0.0211738824791097,0.0468612734882334,0.9525,0.0,0.5925,192.9724371569725
2721002355,boundary_aware,mild,0.0211144878809707,0.049206107903048,0.9525,0.0,0.565,193.84194728056843
2721002355,sharpness_aware,mild,0.0231731233758179,0.0521108215007821,0.9425,0.0,0.5575,195.2730457111079
2721002355,robust_control_aware,mild,0.0188946494506164,0.0356536997535782,0.9775,0.0,0.5975,189.40113549928657
1443607338,mse,mild,0.0209012677007478,0.0440101600735779,0.9725,0.0,0.56,192.83081802703472
1443607338,noise_aware,mild,0.0223731864923404,0.0487746217257632,0.955,0.0,0.5725,193.7149218022187
1443607338,boundary_aware,mild,0.0203805579521108,0.0449659326030587,0.9625,0.0,0.615,193.0283147238267
1443607338,sharpness_aware,mild,0.0226703247946211,0.0488679136503834,0.955,0.0,0.5775,192.9226616930752
1443607338,robust_control_aware,mild,0.018709739595018,0.0329746649242903,0.985,0.0,0.6425,187.05373540696652
3718361383,mse,mild,0.0198794604248008,0.0424875069758028,0.9725,0.0,0.5575,197.5101631301757
3718361383,noise_aware,mild,0.0194649920191352,0.0438220139670301,0.985,0.0,0.595,194.21573917271647
3718361383,boundary_aware,mild,0.0186482554309146,0.0420041348823612,0.9775,0.0,0.585,194.7995752433508
3718361383,sharpness_aware,mild,0.0222936724232482,0.0466281369278697,0.9575,0.0,0.5475,197.76080675137496
3718361383,robust_control_aware,mild,0.0178258222160635,0.0325196278620048,0.9925,0.0,0.635,192.0339788388726
2813098644,mse,mild,0.0220082003114592,0.0497765119681845,0.9525,0.0,0.565,198.36134553478877
2813098644,noise_aware,mild,0.0215239912857551,0.0509511779969718,0.945,0.0,0.585,196.110777559606
2813098644,boundary_aware,mild,0.0197802251775812,0.0439639790293981,0.965,0.0,0.6575,192.9687398861277
2813098644,sharpness_aware,mild,0.0232517444215375,0.0533336684369167,0.94,0.0,0.5725,196.289532875488
2813098644,robust_control_aware,mild,0.0201288178740039,0.0343379861482003,0.97,0.0,0.645,191.97755180148783
4226629241,mse,mild,0.0216321827259394,0.0503037628969061,0.9475,0.0,0.585,190.96862009483507
4226629241,noise_aware,mild,0.0215741061849948,0.0509766364633776,0.9475,0.0,0.5725,190.3897250894887
4226629241,boundary_aware,mild,0.0195581386527684,0.0419811605458681,0.9775,0.0,0.5675,186.32068838746943
4226629241,sharpness_aware,mild,0.0221886612564065,0.0466229569905321,0.955,0.0,0.615,189.79181806072896
4226629241,robust_control_aware,mild,0.0195411678330945,0.0364965106845432,0.9775,0.0,0.6525,185.6114699841144
1180688000,mse,mild,0.0207707723406518,0.0445637444229738,0.9675,0.0,0.6125,191.6440538664685
1180688000,noise_aware,mild,0.0209945481573315,0.0451326848227512,0.965,0.0,0.5725,193.60642547645327
1180688000,boundary_aware,mild,0.0200534350172781,0.0463619848581127,0.97,0.0,0.5925,192.3010063553577
1180688000,sharpness_aware,mild,0.0218680752627706,0.0464955390122865,0.9675,0.0,0.5875,194.3289977967144
1180688000,robust_control_aware,mild,0.0188131120522539,0.0345022586836876,0.9775,0.0,0.5975,187.6684536979169
2121584357,mse,mild,0.0197858043151868,0.0432032406518346,0.9825,0.0,0.6125,196.919055105839
2121584357,noise_aware,mild,0.0202331102298859,0.0472158739335872,0.9625,0.0,0.62,197.73026311920984
2121584357,boundary_aware,mild,0.019489193892139,0.0430776289777467,0.9725,0.0,0.585,195.03021947776296
2121584357,sharpness_aware,mild,0.0212193122868452,0.0464249009782694,0.9675,0.0,0.5825,197.6484116345493
2121584357,robust_control_aware,mild,0.0184873236845339,0.0340713768012365,0.9825,0.0,0.6625,190.6540035768629
724579447,mse,mild,0.0213289218026255,0.0502621124023818,0.945,0.0,0.6,190.14020729786216
724579447,noise_aware,mild,0.0214240373288454,0.0478144309026688,0.96,0.0,0.59,191.95632063724025
724579447,boundary_aware,mild,0.0211396971494368,0.0475836570068139,0.9575,0.0,0.585,191.22124696529264
724579447,sharpness_aware,mild,0.0226546108686315,0.0500056979994154,0.95,0.0,0.5775,191.67001896769915
724579447,robust_control_aware,mild,0.0188377920598891,0.0369546685938797,0.9775,0.0,0.605,188.48951696933744
1117812916,mse,mild,0.0202755797666955,0.0443232283352296,0.9725,0.0,0.58,198.1151011556987
1117812916,noise_aware,mild,0.0193558359864497,0.0408681912752043,0.9825,0.0,0.58,197.01232030744453
1117812916,boundary_aware,mild,0.0195218602074402,0.0414385402992023,0.9825,0.0,0.61,196.7032405530489
1117812916,sharpness_aware,mild,0.0210025702743959,0.0451844635036173,0.97,0.0,0.5575,196.0669627585604
1117812916,robust_control_aware,mild,0.0173957846225976,0.0308410484893184,0.9975,0.0,0.6725,193.48932537326343
1530323167,mse,mild,0.0208881144019238,0.0458158105525211,0.96,0.0,0.585,193.35737458443737
1530323167,noise_aware,mild,0.020873180143522,0.047811380757423,0.96,0.0,0.5925,191.83945926708003
1530323167,boundary_aware,mild,0.0198691409389439,0.0454531442009765,0.9675,0.0,0.59,189.76781622754987
1530323167,sharpness_aware,mild,0.0222721069149276,0.0482257053058399,0.9525,0.0,0.5475,190.84530187868003
1530323167,robust_control_aware,mild,0.0183477761076562,0.0355701318397275,0.9825,0.0,0.6075,185.70046279084627
1709400583,mse,mild,0.0197970236689314,0.0455205730345565,0.965,0.0,0.6125,195.64237488569944
1709400583,noise_aware,mild,0.0207035490287886,0.044957995460407,0.9775,0.0,0.555,195.7037252812647
1709400583,boundary_aware,mild,0.0191154887467876,0.042457492928147,0.975,0.0,0.5825,195.39195065380557
1709400583,sharpness_aware,mild,0.0219463651384659,0.0465875642471248,0.965,0.0,0.5875,199.24612291557148
1709400583,robust_control_aware,mild,0.0169717815540965,0.031216161442329,0.995,0.0,0.63,191.58583108117017
1133912448,mse,mild,0.0197411148106517,0.0427504110134161,0.9725,0.0,0.6025,199.0271899026317
1133912448,noise_aware,mild,0.0202568418813955,0.043634334096225,0.9775,0.0,0.6,197.88883696340653
1133912448,boundary_aware,mild,0.0191457965674578,0.0434425808335488,0.975,0.0,0.6125,196.73989066986175
1133912448,sharpness_aware,mild,0.0215778509064044,0.0448540928894508,0.955,0.0,0.5425,196.81902976577132
1133912448,robust_control_aware,mild,0.017795707253526,0.0312097682223868,0.9875,0.0,0.65,192.3798460356813
3841604218,mse,mild,0.0205512106392051,0.0435477785493214,0.9825,0.0,0.6075,197.3768086010471
3841604218,noise_aware,mild,0.0206216119784697,0.0428490152993501,0.9775,0.0,0.59,199.40019647373225
3841604218,boundary_aware,mild,0.0199976273212263,0.0443797228202099,0.9675,0.0,0.62,197.4656653963244
3841604218,sharpness_aware,mild,0.0223508889103198,0.0486943444663194,0.95,0.0,0.5825,197.356186647995
3841604218,robust_control_aware,mild,0.0188194702874706,0.0332503703824458,0.985,0.0,0.625,191.01558096790563
1476672215,mse,mild,0.0213601254583648,0.049549146008037,0.95,0.0,0.585,194.38024486405212
1476672215,noise_aware,mild,0.0203833782840066,0.0461375356620633,0.965,0.0,0.5725,194.56868111213856
1476672215,boundary_aware,mild,0.0206011291569144,0.0488771719491699,0.9525,0.0,0.5675,195.43723689332083
1476672215,sharpness_aware,mild,0.0221056717376221,0.0500695374856466,0.9475,0.0,0.5825,195.8393652559296
1476672215,robust_control_aware,mild,0.0187112180588072,0.0349529326199476,0.985,0.0,0.6775,189.55433463806185
884250997,mse,mild,0.0211527994812069,0.0480163614104095,0.9575,0.0,0.6025,195.26762158346563
884250997,noise_aware,mild,0.0206692881896801,0.0446804459502808,0.9625,0.0,0.6075,196.53467584857776
884250997,boundary_aware,mild,0.020351320609524,0.0472198934323334,0.9625,0.0,0.59,194.26251185698032
884250997,sharpness_aware,mild,0.0220027654570056,0.0478741730539234,0.9575,0.0,0.5875,197.07627158752945
884250997,robust_control_aware,mild,0.0183841809284668,0.0333629418400949,0.985,0.0,0.6075,189.44198445645267
1002348142,mse,mild,0.0205335806981672,0.0444118316119521,0.9725,0.0,0.6125,192.57658171012804
1002348142,noise_aware,mild,0.0204901671510942,0.0471674370866357,0.96,0.0,0.6375,192.69983423626024
1002348142,boundary_aware,mild,0.0201557637201574,0.0451725906857524,0.9725,0.0,0.5725,192.20149988877856
1002348142,sharpness_aware,mild,0.0222092656446373,0.04948175118077,0.95,0.0,0.56,192.67489613152625
1002348142,robust_control_aware,mild,0.0187964478296655,0.0347193526002898,0.9825,0.0,0.6575,185.9807857056687
1627011397,mse,mild,0.0199952063213355,0.0431245546882547,0.9675,0.0,0.6,198.26620290606516
1627011397,noise_aware,mild,0.0198107701303637,0.0442474603855512,0.97,0.0,0.655,192.61086986673317
1627011397,boundary_aware,mild,0.0183825899195913,0.0396407656737448,0.9825,0.0,0.6175,192.9773239246264
1627011397,sharpness_aware,mild,0.0208486489800889,0.0443662531856981,0.9675,0.0,0.615,191.7282013362712
1627011397,robust_control_aware,mild,0.0185430641991592,0.0324815709923561,0.98,0.0,0.6775,189.8915699549516
1076126967,mse,mild,0.0210029487289238,0.0457017397219912,0.965,0.0,0.6075,195.62289181399177
1076126967,noise_aware,mild,0.0209199187430736,0.0492871709897528,0.9575,0.0,0.6025,198.4316746758308
1076126967,boundary_aware,mild,0.0195335411519362,0.0442344924126411,0.97,0.0,0.625,195.56491595626628
1076126967,sharpness_aware,mild,0.021185072853323,0.0458527584278863,0.9625,0.0,0.6075,196.44579375000544
1076126967,robust_control_aware,mild,0.0184907583384766,0.0328872903620961,0.985,0.0,0.6275,190.22809232259897
923743962,mse,mild,0.0208291409652529,0.0435402535205704,0.975,0.0,0.575,200.44590526886668
923743962,noise_aware,mild,0.0206409457426609,0.0446062756047239,0.9525,0.0,0.625,197.61673062552137
923743962,boundary_aware,mild,0.0199632053874066,0.0440829720829061,0.9625,0.0,0.59,195.48947444171185
923743962,sharpness_aware,mild,0.0217549740345422,0.0495121685934673,0.955,0.0,0.5675,199.1027937169584
923743962,robust_control_aware,mild,0.0183638526478987,0.0337827297813918,0.995,0.0,0.5925,193.27285061393124
3894377936,mse,mild,0.0195893585068385,0.0447220478370075,0.975,0.0,0.6225,189.35859145882583
3894377936,noise_aware,mild,0.0197938579443017,0.0464115876000462,0.9625,0.0,0.61,190.94227047044131
3894377936,boundary_aware,mild,0.0184418904744503,0.0421385065837556,0.975,0.0,0.5975,188.3576722296101
3894377936,sharpness_aware,mild,0.0208310086944236,0.0452458366410778,0.9625,0.0,0.5825,191.75449881826444
3894377936,robust_control_aware,mild,0.0182888597856168,0.0315234724894519,0.9825,0.0,0.6225,184.8539527950569
1825409742,mse,mild,0.0202719811549645,0.041716848938256,0.9775,0.0,0.5925,200.27527259595263
1825409742,noise_aware,mild,0.0200056022936252,0.043199517862226,0.9825,0.0,0.625,201.05025538353348
1825409742,boundary_aware,mild,0.0191799231959667,0.0419097351636865,0.985,0.0,0.5975,200.86326218787408
1825409742,sharpness_aware,mild,0.022093671314779,0.0452283217208866,0.9675,0.0,0.6025,201.3199795507592
1825409742,robust_control_aware,mild,0.0181037663769999,0.0336042642951609,0.985,0.0,0.605,195.56032838441087
907752744,mse,mild,0.0225834404006991,0.0480131980651714,0.9525,0.0,0.595,190.75196259809525
907752744,noise_aware,mild,0.021195505884655,0.044500066471317,0.9625,0.0,0.5825,191.3660653751003
907752744,boundary_aware,mild,0.0201982221986474,0.0434229589990627,0.965,0.0,0.6225,186.11794453583
907752744,sharpness_aware,mild,0.0247366702444064,0.0541855602249936,0.9275,0.0,0.55,191.82363524203487
907752744,robust_control_aware,mild,0.0192870166752046,0.038632980958059,0.9775,0.0,0.695,185.34116450680204
1662780807,mse,mild,0.0201165162416533,0.0435894105874721,0.97,0.0,0.6525,193.7141396536321
1662780807,noise_aware,mild,0.0205727419965658,0.0475872644624323,0.96,0.0,0.575,193.8590088354942
1662780807,boundary_aware,mild,0.0187495391745519,0.0400022009557686,0.9825,0.0,0.6175,190.33531711929663
1662780807,sharpness_aware,mild,0.0220580605993062,0.048341631496922,0.955,0.0,0.595,192.07074437902327
1662780807,robust_control_aware,mild,0.0190127091182414,0.0375391160376794,0.9725,0.0,0.6875,187.5878569476704
2121423049,mse,mild,0.0205259562898667,0.0457109220302157,0.97,0.0,0.5525,194.2316031522098
2121423049,noise_aware,mild,0.0212053211656204,0.0445618674465035,0.96,0.0,0.585,197.2948384534695
2121423049,boundary_aware,mild,0.0195020004588184,0.0441802337782213,0.9775,0.0,0.62,193.88467633712764
2121423049,sharpness_aware,mild,0.0215364051022766,0.0454908727338206,0.96,0.0,0.5775,193.66012758782077
2121423049,robust_control_aware,mild,0.0178288479251627,0.0312406065589201,0.985,0.0,0.64,187.31378187645052
3968988679,mse,mild,0.0213093900050327,0.0509921776314513,0.9475,0.0,0.6125,196.29413231053388
3968988679,noise_aware,mild,0.0214629537905024,0.0523448145891817,0.9425,0.0,0.6175,194.514808826003
3968988679,boundary_aware,mild,0.0194355726871697,0.0430922026734256,0.97,0.0,0.59,193.93188618349467
3968988679,sharpness_aware,mild,0.0218629754496204,0.0497805873445025,0.95,0.0,0.6025,196.4111337314308
3968988679,robust_control_aware,mild,0.0191567886418795,0.0351910877267462,0.9825,0.0,0.6475,189.99724930541348
1493249476,mse,mild,0.0211775958997653,0.0484222566726917,0.955,0.0,0.5725,193.95702095078823
1493249476,noise_aware,mild,0.0210720094287877,0.0497634288678638,0.95,0.0,0.565,192.09168360486564
1493249476,boundary_aware,mild,0.0193584873499636,0.0442402833122989,0.9675,0.0,0.5975,190.3524167525804
1493249476,sharpness_aware,mild,0.0227119283372171,0.0534017047579321,0.9325,0.0,0.53,193.5108389944248
1493249476,robust_control_aware,mild,0.0185581114727969,0.0353876014109291,0.98,0.0,0.64,189.2659775532749
1567049265,mse,mild,0.0209451067009132,0.0473709203605298,0.955,0.0,0.5875,196.78793088122453
1567049265,noise_aware,mild,0.020786808398416,0.0474961714993644,0.96,0.0,0.5925,194.24264770278805
1567049265,boundary_aware,mild,0.0201871781277871,0.0455730743597803,0.97,0.0,0.615,195.13815523564
1567049265,sharpness_aware,mild,0.0219801335358335,0.0509693652451464,0.9475,0.0,0.5775,194.5853312849176
1567049265,robust_control_aware,mild,0.0191774160772981,0.0342562097954214,0.9775,0.0,0.59,190.40715268094817
1443871119,mse,mild,0.0214588724989075,0.0497247600749787,0.9525,0.0,0.625,191.0871252641831
1443871119,noise_aware,mild,0.0206774636920055,0.0452142902277957,0.96,0.0,0.635,192.3425786697232
1443871119,boundary_aware,mild,0.0215129254374252,0.0495053874683162,0.95,0.0,0.585,189.3206526405261
1443871119,sharpness_aware,mild,0.0222782964304982,0.0514559480628201,0.9425,0.0,0.57,192.16099103585356
1443871119,robust_control_aware,mild,0.0188088435924819,0.0355451826156759,0.9725,0.0,0.6625,185.9314397623576
207789827,mse,mild,0.0203117771146738,0.0443295905881026,0.97,0.0,0.615,194.0623988901173
207789827,noise_aware,mild,0.0204999138990788,0.0483450827003154,0.9575,0.0,0.5825,193.8607302826437
207789827,boundary_aware,mild,0.0188537468393921,0.0427513734428825,0.98,0.0,0.6,192.62076612813803
207789827,sharpness_aware,mild,0.0217123321849842,0.0451538829621003,0.97,0.0,0.5675,194.3516649634228
207789827,robust_control_aware,mild,0.0186716199861687,0.0329448303955193,0.99,0.0,0.65,190.1795393273736
2665534169,mse,mild,0.0211864899167845,0.0461818829657988,0.9575,0.0,0.5975,189.25194239825265
2665534169,noise_aware,mild,0.020978077226744,0.049076797344719,0.955,0.0,0.61,189.12259018769885
2665534169,boundary_aware,mild,0.0209645967351013,0.051329691822555,0.945,0.0,0.615,183.5074650749968
2665534169,sharpness_aware,mild,0.0232099082283663,0.051780903668952,0.9375,0.0,0.5475,187.86516773343035
2665534169,robust_control_aware,mild,0.0192202947371233,0.0370075602393449,0.9775,0.0,0.665,184.61510629870023
3207734048,mse,mild,0.0211496386087707,0.0456614409036693,0.9625,0.0,0.5775,192.5941062672245
3207734048,noise_aware,mild,0.0201879649743975,0.0493232913207782,0.9525,0.0,0.6075,191.4820288144106
3207734048,boundary_aware,mild,0.0188062442980772,0.0418928872652658,0.97,0.0,0.6075,190.8731828017984
3207734048,sharpness_aware,mild,0.0214220889002095,0.0440913897960231,0.9625,0.0,0.585,192.5153317011663
3207734048,robust_control_aware,mild,0.0190377138760113,0.0345782193831551,0.9825,0.0,0.6425,190.76902857472817
659579441,mse,mild,0.0223751702172535,0.0500339639657605,0.95,0.0,0.635,193.6450347875737
659579441,noise_aware,mild,0.0202611480198286,0.0440153110033068,0.975,0.0,0.5975,189.72142711644196
659579441,boundary_aware,mild,0.0201839124441195,0.0474313849206474,0.9625,0.0,0.63,189.91792588045664
659579441,sharpness_aware,mild,0.0230800188144242,0.0531763977584028,0.9425,0.0,0.6075,190.932584455131
659579441,robust_control_aware,mild,0.0186092038672653,0.033587315214815,0.9725,0.0,0.6325,187.35735825268196
1831990360,mse,mild,0.0220353900593552,0.0504393496232333,0.9475,0.0,0.5475,189.35533349809177
1831990360,noise_aware,mild,0.0217961233764444,0.0492076898689273,0.9575,0.0,0.57,190.28918777318552
1831990360,boundary_aware,mild,0.0202925304679788,0.0459582300102781,0.955,0.0,0.5925,187.7049921325796
1831990360,sharpness_aware,mild,0.0221727522530867,0.0481741246775671,0.965,0.0,0.6025,187.7876053650529
1831990360,robust_control_aware,mild,0.0186580449494576,0.0340233567597692,0.99,0.0,0.62,184.8240242795653
575250115,mse,mild,0.0212457327557538,0.0506800179246071,0.9425,0.0,0.6,189.20990497216812
575250115,noise_aware,mild,0.0211919329950668,0.0477284446282189,0.955,0.0,0.6025,188.65404306176652
575250115,boundary_aware,mild,0.0201557307547008,0.0459936608837035,0.955,0.0,0.6575,186.22777008287292
575250115,sharpness_aware,mild,0.0230244432636476,0.0517084102019574,0.94,0.0,0.585,189.16850282002173
575250115,robust_control_aware,mild,0.0199687511443872,0.0415333395527932,0.965,0.0,0.625,182.2097874761882
3743157485,mse,mild,0.0205847955550351,0.046463014024238,0.9675,0.0,0.6125,194.3430878141052
3743157485,noise_aware,mild,0.020209445958249,0.0468809163021861,0.96,0.0,0.61,193.98811434854383
3743157485,boundary_aware,mild,0.0203769784345746,0.044631352200499,0.97,0.0,0.5725,192.14162631333272
3743157485,sharpness_aware,mild,0.0227303508527424,0.0493878011884639,0.9525,0.0,0.6,193.07355977105223
3743157485,robust_control_aware,mild,0.018958260976093,0.0345432683107026,0.975,0.0,0.6325,188.80987363234567
1796461005,mse,mild,0.0214433399642294,0.050502181226616,0.945,0.0,0.595,195.5139395100604
1796461005,noise_aware,mild,0.0209029773900018,0.0467059649428804,0.9525,0.0,0.6075,197.169583422552
1796461005,boundary_aware,mild,0.0201332556862679,0.0452569396665784,0.9575,0.0,0.625,195.72373582298675
1796461005,sharpness_aware,mild,0.0214971502726796,0.0447788758009292,0.965,0.0,0.6025,195.11878739269332
1796461005,robust_control_aware,mild,0.0189064602809457,0.0325740604518195,0.9825,0.0,0.625,190.56766773211703
4057262831,mse,mild,0.0211214840142972,0.0507166685462664,0.9425,0.0,0.5825,195.85836754040932
4057262831,noise_aware,mild,0.0202222505731364,0.0447504528800492,0.98,0.0,0.575,190.46090001831885
4057262831,boundary_aware,mild,0.020137857350789,0.0437943839381953,0.9575,0.0,0.595,190.85671004577875
4057262831,sharpness_aware,mild,0.0221602820134361,0.0487098204295281,0.9575,0.0,0.56,194.05694158509004
4057262831,robust_control_aware,mild,0.0186192937530914,0.0335131270994609,0.985,0.0,0.6675,188.5174571483477
3530410642,mse,mild,0.0192855011103162,0.0411677179638481,0.975,0.0,0.5775,194.5272598298677
3530410642,noise_aware,mild,0.0194171521520659,0.0391608865470836,0.98,0.0,0.6125,194.71270413456492
3530410642,boundary_aware,mild,0.0191848005408728,0.0410554032531686,0.975,0.0,0.585,192.41931573615767
3530410642,sharpness_aware,mild,0.0203913710631035,0.0438796290373768,0.9675,0.0,0.5525,194.21234710874973
3530410642,robust_control_aware,mild,0.0180754541221099,0.0323734393287204,0.9925,0.0,0.63,190.2136964359472
668701307,mse,mild,0.0208298507567959,0.0448644505674873,0.96,0.0,0.595,195.91602500189043
668701307,noise_aware,mild,0.0214767190003384,0.0486525110670381,0.955,0.0,0.605,195.49410715228305
668701307,boundary_aware,mild,0.0203747841488893,0.0442536421580145,0.97,0.0,0.6125,193.4670809484757
668701307,sharpness_aware,mild,0.023117249814685,0.0507012959849885,0.94,0.0,0.5475,196.11996193722496
668701307,robust_control_aware,mild,0.0182858802819472,0.0336449464051497,0.99,0.0,0.665,189.7677538538489
2440047106,mse,mild,0.0204668535103008,0.0466714923078899,0.9625,0.0,0.59,195.7313449914659
2440047106,noise_aware,mild,0.0206785029837398,0.0446025997951189,0.975,0.0,0.5825,195.2749876145397
2440047106,boundary_aware,mild,0.019367562390567,0.0417536411500954,0.97,0.0,0.575,194.01782460471097
2440047106,sharpness_aware,mild,0.023161054782329,0.0526204784206988,0.9375,0.0,0.5775,199.59338250668824
2440047106,robust_control_aware,mild,0.0187529901256845,0.0346448417417706,0.975,0.0,0.61,189.5829845191797
3736759803,mse,mild,0.021972685706561,0.0497584174978326,0.95,0.0,0.5725,199.35924358849437
3736759803,noise_aware,mild,0.0216200546315572,0.0507147992271464,0.94,0.0,0.56,196.8097554121027
3736759803,boundary_aware,mild,0.0209329923786421,0.0497084209260465,0.95,0.0,0.6275,195.77782706304012
3736759803,sharpness_aware,mild,0.0215075275562475,0.0463453938639334,0.965,0.0,0.595,196.15502717077416
3736759803,robust_control_aware,mild,0.0184527244455172,0.0337625002917102,0.9825,0.0,0.625,187.93565489460275
15234333,mse,mild,0.0204880398986904,0.0428067524337517,0.975,0.0,0.5925,194.4932504655426
15234333,noise_aware,mild,0.0200556555255624,0.0438676284297006,0.975,0.0,0.6175,192.70451726336276
15234333,boundary_aware,mild,0.0192330438126151,0.0409795763451186,0.9825,0.0,0.5925,190.94754359826663
15234333,sharpness_aware,mild,0.0215561252208613,0.0463186203017318,0.965,0.0,0.5675,193.1985708214375
15234333,robust_control_aware,mild,0.0189210905049767,0.0339932377771245,0.9775,0.0,0.6,187.6891767894025
667584176,mse,mild,0.0206655478194284,0.0467697404169306,0.9675,0.0,0.62,191.07380120922653
667584176,noise_aware,mild,0.0207785601831851,0.0455953927190275,0.9725,0.0,0.6475,189.77934751284036
667584176,boundary_aware,mild,0.0204457217730927,0.0475660845736335,0.9575,0.0,0.6075,186.8432649342658
667584176,sharpness_aware,mild,0.0219499077594656,0.0458095982442906,0.9675,0.0,0.6,189.68905328599885
667584176,robust_control_aware,mild,0.0189669829054734,0.0340756858135255,0.975,0.0,0.615,183.8921419499043
4066184225,mse,mild,0.0212708309528867,0.0467319711557507,0.9625,0.0,0.5825,199.11636542140087
4066184225,noise_aware,mild,0.0206211422326036,0.0443158206972311,0.965,0.0,0.5825,197.5472450538076
4066184225,boundary_aware,mild,0.0200124732735302,0.042122039809765,0.9725,0.0,0.5675,193.08341099330696
4066184225,sharpness_aware,mild,0.0220990884494046,0.0474658143537027,0.96,0.0,0.5425,197.680776721787
4066184225,robust_control_aware,mild,0.019227551079353,0.0364231562085784,0.985,0.0,0.6575,192.5038133743743
1886451804,mse,mild,0.0200910824330824,0.0420507182962149,0.975,0.0,0.605,197.90781507497684
1886451804,noise_aware,mild,0.0199643049037991,0.0422314468604764,0.9725,0.0,0.6,197.773688546079
1886451804,boundary_aware,mild,0.0192078845797637,0.0400539296902839,0.9775,0.0,0.5925,194.68167705157788
1886451804,sharpness_aware,mild,0.0224586593278596,0.0495702461963083,0.9525,0.0,0.5525,198.5820747175167
1886451804,robust_control_aware,mild,0.0176809267416262,0.0338235388876112,0.995,0.0,0.605,192.03200556922937
2272934004,mse,mild,0.0196901973040254,0.0441119202398236,0.975,0.0,0.6375,195.2984463216667
2272934004,noise_aware,mild,0.0192356597617581,0.0404405389753153,0.975,0.0,0.6525,194.90761531841488
2272934004,boundary_aware,mild,0.0197255600547138,0.0468891704043962,0.975,0.0,0.575,195.2945187618476
2272934004,sharpness_aware,mild,0.0203726610938983,0.0410504039282942,0.9725,0.0,0.5975,193.9727323791145
2272934004,robust_control_aware,mild,0.0182198508552645,0.032846043298392,0.985,0.0,0.6475,192.10104487858695
938779823,mse,mild,0.0213623970938537,0.0513099140643437,0.9475,0.0,0.645,188.6893026317794
938779823,noise_aware,mild,0.0213947169371084,0.0514927505162693,0.945,0.0,0.6325,188.99187427777588
938779823,boundary_aware,mild,0.0204718780864236,0.0495978033693346,0.95,0.0,0.6,188.47394689013623
938779823,sharpness_aware,mild,0.022524792062102,0.0493968064109953,0.955,0.0,0.585,188.3950676131204
938779823,robust_control_aware,mild,0.0187889872844287,0.0350326106942879,0.9825,0.0,0.6475,184.52675596924317
2703660895,mse,mild,0.0209471209377392,0.0465379676514314,0.9725,0.0,0.5725,191.34266125460044
2703660895,noise_aware,mild,0.0205335365261642,0.0438727582066527,0.97,0.0,0.6325,194.1885282928764
2703660895,boundary_aware,mild,0.0198970891617981,0.0474328596933951,0.965,0.0,0.5825,189.4508791116226
2703660895,sharpness_aware,mild,0.0232786988700615,0.0526891521647699,0.94,0.0,0.57,194.7079567392635
2703660895,robust_control_aware,mild,0.0190471178924571,0.0334840497202787,0.985,0.0,0.6075,188.01655250319092
2525182596,mse,mild,0.0216866975807191,0.0472595865178577,0.9525,0.0,0.5825,188.9477158386378
2525182596,noise_aware,mild,0.022389229881639,0.0500173855339986,0.9475,0.0,0.565,188.92950460978196
2525182596,boundary_aware,mild,0.0205818676207589,0.0454513465348548,0.9575,0.0,0.6,184.9279513610287
2525182596,sharpness_aware,mild,0.0227397232738407,0.0532868218710098,0.94,0.0,0.545,187.6837325641044
2525182596,robust_control_aware,mild,0.0190678857781097,0.0365398332384109,0.9775,0.0,0.67,182.49341869577808
4018511418,mse,mild,0.0207923758473929,0.0443705869027155,0.965,0.0,0.6225,193.46817042840803
4018511418,noise_aware,mild,0.0215859356001729,0.0503602746145571,0.9475,0.0,0.6,193.887195312262
4018511418,boundary_aware,mild,0.0202400473692581,0.0441251760268428,0.9675,0.0,0.6025,192.68612897594284
4018511418,sharpness_aware,mild,0.022132283889258,0.0503268084938117,0.9475,0.0,0.5775,194.17844932956297
4018511418,robust_control_aware,mild,0.018228350022507,0.0341653190311207,0.9875,0.0,0.6575,189.04534437233747
1772851305,mse,mild,0.0200180673865367,0.0446837800739305,0.965,0.0,0.595,199.1516672438459
1772851305,noise_aware,mild,0.0194127337056791,0.0420286132011954,0.98,0.0,0.615,197.8955227547328
1772851305,boundary_aware,mild,0.019260614896352,0.0437363772737684,0.98,0.0,0.61,198.71853912499148
1772851305,sharpness_aware,mild,0.0220014969864825,0.0474183485069473,0.9575,0.0,0.5825,200.10481873953157
1772851305,robust_control_aware,mild,0.0180419573249366,0.0334882703633013,0.99,0.0,0.6625,191.2069559799141
2235246993,mse,mild,0.0223682783532874,0.0508853125342147,0.9475,0.0,0.59,191.6815168170725
2235246993,noise_aware,mild,0.0223429241768293,0.0515315360479542,0.9425,0.0,0.6025,189.94728265854496
2235246993,boundary_aware,mild,0.0219724167008083,0.0496572402755942,0.95,0.0,0.5875,189.29241039189515
2235246993,sharpness_aware,mild,0.0235383127807892,0.050371064731273,0.94,0.0,0.565,191.5274892623538
2235246993,robust_control_aware,mild,0.0196733124612215,0.0379758514784211,0.97,0.0,0.6375,183.46902693432156
2430720536,mse,mild,0.0203960550632763,0.0445500787827615,0.97,0.0,0.62,197.0255369253672
2430720536,noise_aware,mild,0.0199604479018332,0.0482091281746618,0.9575,0.0,0.6025,195.8898178970959
2430720536,boundary_aware,mild,0.0192060841223624,0.039593715205664,0.9725,0.0,0.625,195.30454650038317
2430720536,sharpness_aware,mild,0.0215222373185166,0.0462099368182789,0.9675,0.0,0.565,195.77598281727973
2430720536,robust_control_aware,mild,0.0187814654417259,0.0352701117753127,0.9825,0.0,0.6375,192.06224614653925
628175963,mse,mild,0.0202606931128237,0.0477054965961468,0.9525,0.0,0.59,199.2819667614737
628175963,noise_aware,mild,0.0200918351535337,0.0442383315254213,0.97,0.0,0.5975,198.98702696501508
628175963,boundary_aware,mild,0.0193999832870638,0.0460937393815846,0.97,0.0,0.605,199.39519742629489
628175963,sharpness_aware,mild,0.022252349249129,0.046586620420028,0.955,0.0,0.565,200.1614364176808
628175963,robust_control_aware,mild,0.0180035374356711,0.0319706012036934,0.9825,0.0,0.545,189.30625914447936
299474548,mse,mild,0.0207906475930163,0.0491147580071963,0.955,0.0,0.6,195.2431224862209
299474548,noise_aware,mild,0.0205611027063117,0.0456385331303285,0.9575,0.0,0.585,193.34710295821145
299474548,boundary_aware,mild,0.0196927267757549,0.0424383059003342,0.97,0.0,0.62,193.474787325114
299474548,sharpness_aware,mild,0.0221189184754055,0.0500810764664487,0.9475,0.0,0.565,194.45446687359583
299474548,robust_control_aware,mild,0.0177840747120048,0.0325507490149411,0.985,0.0,0.6425,188.1340599621361
1273168757,mse,mild,0.0201293907831612,0.0452509879173483,0.9625,0.0,0.625,190.7503894745061
1273168757,noise_aware,mild,0.0200426377579273,0.0440198736585873,0.9675,0.0,0.625,191.40247026708124
1273168757,boundary_aware,mild,0.0197429775624448,0.0455797498856568,0.9625,0.0,0.5925,191.03581817373828
1273168757,sharpness_aware,mild,0.0214094241030714,0.0470722406893922,0.9625,0.0,0.6,189.7671867388892
1273168757,robust_control_aware,mild,0.0181145929064828,0.0331642156488549,0.9775,0.0,0.6525,183.86762029854083
273733572,mse,mild,0.0203657949485174,0.0451857165526956,0.9575,0.0,0.5925,198.6832930851819
273733572,noise_aware,mild,0.0203114388586603,0.0459510194721899,0.9575,0.0,0.5975,198.44228121236893
273733572,boundary_aware,mild,0.0190048124005268,0.0420458196400403,0.9725,0.0,0.5675,195.0419692784256
273733572,sharpness_aware,mild,0.0212410156891539,0.0474290752676257,0.97,0.0,0.54,198.40351409010168
273733572,robust_control_aware,mild,0.018399014966482,0.0334096844987566,0.99,0.0,0.6325,193.96123251566988
3144435095,mse,mild,0.0207740030259953,0.0470977427686903,0.96,0.0,0.6175,197.4894931912069
3144435095,noise_aware,mild,0.0207642138871816,0.0484480095905936,0.96,0.0,0.6025,196.83060487489692
3144435095,boundary_aware,mild,0.0205187987037902,0.045385424517243,0.965,0.0,0.57,196.0771796938827
3144435095,sharpness_aware,mild,0.0218789980787028,0.0461544855134231,0.9625,0.0,0.55,197.8592624540202
3144435095,robust_control_aware,mild,0.0177664025493112,0.03243611441184,0.985,0.0,0.6,189.88412613935844
2633701326,mse,mild,0.0212121093079179,0.0468189687717294,0.965,0.0,0.57,193.004758343422
2633701326,noise_aware,mild,0.0205951873021027,0.0487965256331418,0.95,0.0,0.6125,194.0745912612589
2633701326,boundary_aware,mild,0.0215036911677119,0.0508176071913032,0.9475,0.0,0.615,195.8516283301376
2633701326,sharpness_aware,mild,0.0235484357620656,0.052026396041761,0.9425,0.0,0.5975,195.23878501021815
2633701326,robust_control_aware,mild,0.0193671099192025,0.0357217486692544,0.9775,0.0,0.625,187.7656748325112
4211238376,mse,mild,0.0203009506566903,0.0425856894107858,0.9675,0.0,0.55,202.20460863800093
4211238376,noise_aware,mild,0.0198933951372035,0.0460576135012407,0.9725,0.0,0.605,199.39659817504892
4211238376,boundary_aware,mild,0.0205315462704897,0.0472569118798682,0.96,0.0,0.6025,200.25006462991905
4211238376,sharpness_aware,mild,0.0224168453206044,0.0472308302755888,0.955,0.0,0.5375,201.33055445835265
4211238376,robust_control_aware,mild,0.0179866945177344,0.0335687721696665,0.985,0.0,0.655,195.9677958818127
1111838367,mse,mild,0.020532446474037,0.0504536238615443,0.945,0.0,0.625,198.9858377129061
1111838367,noise_aware,mild,0.0203395897775773,0.0453711581689107,0.96,0.0,0.59,198.7131436142137
1111838367,boundary_aware,mild,0.0197191642373201,0.0444955643669869,0.9625,0.0,0.5975,198.4725382985453
1111838367,sharpness_aware,mild,0.0218922392564343,0.0484679360459398,0.96,0.0,0.5525,198.323257661792
1111838367,robust_control_aware,mild,0.0180733714147362,0.0329597685768134,0.985,0.0,0.6075,188.2691108753707
3524972486,mse,mild,0.0204693599013237,0.0430751563834585,0.9775,0.0,0.5675,201.65725939633097
3524972486,noise_aware,mild,0.0202419566895665,0.0462982003796577,0.9725,0.0,0.585,200.4637899799393
3524972486,boundary_aware,mild,0.0197693504707091,0.043526857127647,0.97,0.0,0.58,201.1685988917568
3524972486,sharpness_aware,mild,0.0209366895275192,0.0443901136725462,0.98,0.0,0.585,199.7187030987518
3524972486,robust_control_aware,mild,0.0176067991598709,0.0314115092995798,0.9925,0.0,0.6275,194.3828874195812
3560542704,mse,mild,0.0197998960387669,0.044094073747494,0.9725,0.0,0.605,193.96205183308183
3560542704,noise_aware,mild,0.0195685728460691,0.0438088449704365,0.9675,0.0,0.615,193.66972610206403
3560542704,boundary_aware,mild,0.0191726833563309,0.0417530910860964,0.9825,0.0,0.605,191.53192589547805
3560542704,sharpness_aware,mild,0.0207633332907488,0.0479236204042568,0.96,0.0,0.58,192.7795281297981
3560542704,robust_control_aware,mild,0.0183364702392237,0.0335671509257542,0.99,0.0,0.5975,189.05071546921457
3731969181,mse,mild,0.0214708195294264,0.046407586947041,0.96,0.0,0.595,195.15306839912057
3731969181,noise_aware,mild,0.0206401185373987,0.0480095811045459,0.9575,0.0,0.6075,192.84921219730535
3731969181,boundary_aware,mild,0.0190018896840516,0.0417794354599299,0.98,0.0,0.62,191.59403588839984
3731969181,sharpness_aware,mild,0.0222800413578219,0.0503460180121881,0.9475,0.0,0.5925,192.8405650841237
3731969181,robust_control_aware,mild,0.0187393461626736,0.0338670816223386,0.9825,0.0,0.635,186.66316619497155
1211268588,mse,mild,0.0217690803426633,0.043824753922115,0.9625,0.0,0.56,187.7120431279457
1211268588,noise_aware,mild,0.0210091327704278,0.0470782179810118,0.96,0.0,0.585,187.843486381276
1211268588,boundary_aware,mild,0.0194462002997177,0.0419024470368997,0.9825,0.0,0.5925,181.62579499716776
1211268588,sharpness_aware,mild,0.0223758333305004,0.0476467726671323,0.96,0.0,0.6075,188.6991505331196
1211268588,robust_control_aware,mild,0.0193541720229633,0.0350008712702529,0.97,0.0,0.63,182.52820985432203
592709181,mse,mild,0.0214374296155651,0.0495413064666913,0.9525,0.0,0.59,193.63607728672295
592709181,noise_aware,mild,0.0216969835118507,0.0517518459666222,0.945,0.0,0.6275,195.6462080494896
592709181,boundary_aware,mild,0.0198626534436708,0.0423275925382665,0.97,0.0,0.61,192.4012480297251
592709181,sharpness_aware,mild,0.0230992526870648,0.0524452469749438,0.94,0.0,0.5525,194.5607477414755
592709181,robust_control_aware,mild,0.0194268140726384,0.0347011720343417,0.9775,0.0,0.6125,187.5697064152608
1007944539,mse,mild,0.0213760737093502,0.0487270664629422,0.9525,0.0,0.5675,198.6308554642032
1007944539,noise_aware,mild,0.0209870382716543,0.0471946672022078,0.96,0.0,0.5975,199.71126102182245
1007944539,boundary_aware,mild,0.0200182669939077,0.0434472189100914,0.9675,0.0,0.6075,195.07131811091952
1007944539,sharpness_aware,mild,0.0229021864196256,0.0523869407161778,0.935,0.0,0.5425,198.94783700951223
1007944539,robust_control_aware,mild,0.0188304894759898,0.0328610118507495,0.9775,0.0,0.6125,190.9250563779047
2619667409,mse,mild,0.0210464593683947,0.0453339111448179,0.9675,0.0,0.615,193.5681294363096
2619667409,noise_aware,mild,0.0213696872428973,0.0499848023103123,0.95,0.0,0.615,194.96677601182623
2619667409,boundary_aware,mild,0.0203215595334256,0.0459606764881715,0.97,0.0,0.59,193.6729108302341
2619667409,sharpness_aware,mild,0.0229828847383372,0.0537561907402737,0.935,0.0,0.595,196.6042515015468
2619667409,robust_control_aware,mild,0.0192869401970755,0.0343143734549222,0.9775,0.0,0.625,188.38083265425865
1380973866,mse,mild,0.0198105939650319,0.0442144532775022,0.9725,0.0,0.5975,197.7166804209216
1380973866,noise_aware,mild,0.0200146642874488,0.0443284111298278,0.9775,0.0,0.5975,195.9343954679496
1380973866,boundary_aware,mild,0.0189822591856004,0.0426125719788228,0.9825,0.0,0.5875,195.31270262140976
1380973866,sharpness_aware,mild,0.0212444172611048,0.0445473852807692,0.97,0.0,0.57,197.2178767746929
1380973866,robust_control_aware,mild,0.0183190369336668,0.032445798230016,0.99,0.0,0.5975,193.1768159415325
2991984838,mse,mild,0.0214275295253132,0.0461513073216211,0.96,0.0,0.59,193.3876155883125
2991984838,noise_aware,mild,0.0209040592328746,0.0482304329001271,0.955,0.0,0.6275,191.6090360054868
2991984838,boundary_aware,mild,0.0197649686447937,0.0416162263606828,0.9775,0.0,0.625,189.80265098047715
2991984838,sharpness_aware,mild,0.0227476669907005,0.0465816632737823,0.9625,0.0,0.5325,192.66561763527864
2991984838,robust_control_aware,mild,0.0186310573470785,0.0331004392247451,0.9875,0.0,0.65,186.7565417411524
3888342105,mse,mild,0.0206618215543516,0.0459574018684041,0.955,0.0,0.6,198.6328372253392
3888342105,noise_aware,mild,0.0198466136508645,0.0449918646658412,0.965,0.0,0.605,197.99129160270596
3888342105,boundary_aware,mild,0.0187805786530703,0.0397934887279349,0.975,0.0,0.6225,194.85750048652483
3888342105,sharpness_aware,mild,0.0218958360505645,0.0491050521718701,0.9525,0.0,0.5625,197.2761132176913
3888342105,robust_control_aware,mild,0.0180862934729612,0.0326206981969805,0.9925,0.0,0.64,192.74145423392625
961152600,mse,mild,0.0210884122611956,0.0504496962515533,0.9475,0.0,0.57,196.03696485728773
961152600,noise_aware,mild,0.0204574119654109,0.0488855415570591,0.955,0.0,0.62,192.91968632117653
961152600,boundary_aware,mild,0.0201877904666953,0.0461844870060336,0.965,0.0,0.5975,194.6790417513781
961152600,sharpness_aware,mild,0.022849286301162,0.0500662701484457,0.9475,0.0,0.555,195.72796700116805
961152600,robust_control_aware,mild,0.0179254730802369,0.032604822429513,0.9875,0.0,0.6325,190.41342902496237
1122170712,mse,mild,0.0208611217734409,0.0439687055999975,0.975,0.0,0.5625,195.87431446665343
1122170712,noise_aware,mild,0.020303507956312,0.0475396928715695,0.96,0.0,0.615,197.3248690322887
1122170712,boundary_aware,mild,0.0199615859240298,0.0485085039837455,0.9625,0.0,0.6025,194.58025517862364
1122170712,sharpness_aware,mild,0.0214435117119644,0.0488688915258129,0.9525,0.0,0.5675,195.9414212303332
1122170712,robust_control_aware,mild,0.0177612019667324,0.0343258123934847,0.99,0.0,0.625,189.54148742331608
869103479,mse,mild,0.0199603958099603,0.043856746960973,0.97,0.0,0.59,199.59678395162413
869103479,noise_aware,mild,0.0196999122652634,0.0445103662701344,0.9625,0.0,0.61,198.21349835984697
869103479,boundary_aware,mild,0.019147166460496,0.0405392447063518,0.9825,0.0,0.5875,194.71841385074296
869103479,sharpness_aware,mild,0.0215745277407848,0.0476039220750715,0.955,0.0,0.595,199.98264400738344
869103479,robust_control_aware,mild,0.0177789660650542,0.0312079586404676,0.985,0.0,0.6375,191.26906672918827
3388555971,mse,mild,0.0204926626047831,0.0487802649473557,0.9525,0.0,0.62,192.2738776516284
3388555971,noise_aware,mild,0.0208148031455674,0.0491961647727997,0.95,0.0,0.5775,193.5704666439575
3388555971,boundary_aware,mild,0.0197110784683026,0.0448919439615104,0.965,0.0,0.5875,192.15677220455268
3388555971,sharpness_aware,mild,0.0217503032164633,0.0460862974973288,0.9625,0.0,0.57,188.94100142287147
3388555971,robust_control_aware,mild,0.019128131508332,0.0361706058983637,0.965,0.0,0.67,186.6306016585688
665427334,mse,mild,0.0215837275202265,0.0489691781215401,0.9575,0.0,0.605,195.22283779338125
665427334,noise_aware,mild,0.0216334259784829,0.0525856347158271,0.945,0.0,0.595,195.5982680672572
665427334,boundary_aware,mild,0.0205813211369118,0.0478402243801371,0.955,0.0,0.6175,194.51476477376505
665427334,sharpness_aware,mild,0.0229494385283343,0.054325756832126,0.93,0.0,0.565,196.61345422365625
665427334,robust_control_aware,mild,0.0196127600859678,0.0353579677701238,0.9775,0.0,0.63,189.6336327477594
3359940053,mse,mild,0.0203429421637949,0.0430196630215336,0.9775,0.0,0.6225,200.05804945087644
3359940053,noise_aware,mild,0.0195233171339532,0.0423769285872858,0.9775,0.0,0.6175,198.43283182060105
3359940053,boundary_aware,mild,0.0195128528296644,0.0445034440131748,0.9675,0.0,0.5875,197.76375863486865
3359940053,sharpness_aware,mild,0.0216916282676357,0.0458112376947576,0.9525,0.0,0.5725,198.54196760790083
3359940053,robust_control_aware,mild,0.0186155224826649,0.0333948699056874,0.99,0.0,0.59,193.5335590800912
3768241039,mse,mild,0.0217135048360014,0.0535143456998093,0.94,0.0,0.6425,188.9689340937609
3768241039,noise_aware,mild,0.0218049064340568,0.0512961407509479,0.94,0.0,0.6475,190.2061388558214
3768241039,boundary_aware,mild,0.0205963080382722,0.0478650720401713,0.9525,0.0,0.5825,186.1065828225737
3768241039,sharpness_aware,mild,0.0239499368776999,0.0520158622700192,0.9425,0.0,0.59,190.78778281992768
3768241039,robust_control_aware,mild,0.0193252492433895,0.0372338256082094,0.9675,0.0,0.5875,182.00520770788123
615465185,mse,mild,0.0205625691368328,0.0498742526158288,0.95,0.0,0.6025,196.63117706377864
615465185,noise_aware,mild,0.0213942676657623,0.0551159310812915,0.94,0.0,0.61,197.05481942973483
615465185,boundary_aware,mild,0.0196681171403465,0.0427740220140268,0.97,0.0,0.59,196.65733797265608
615465185,sharpness_aware,mild,0.0218546061862492,0.052176945803106,0.94,0.0,0.6025,196.5830257647206
615465185,robust_control_aware,mild,0.0177403222875741,0.0327933566375209,0.9825,0.0,0.69,190.61813285496825
4062591317,mse,mild,0.0207045866683116,0.04916466808424,0.955,0.0,0.605,199.2640736846205
4062591317,noise_aware,mild,0.0198646658833189,0.0477966669300997,0.97,0.0,0.62,198.6557885970468
4062591317,boundary_aware,mild,0.0196866796048694,0.0441488620909491,0.97,0.0,0.575,194.64976799382023
4062591317,sharpness_aware,mild,0.0230817311308945,0.0496111538854952,0.9525,0.0,0.5625,198.3760748117088
4062591317,robust_control_aware,mild,0.0185386509642833,0.03298875664781,0.99,0.0,0.615,191.6224368611145
2237893018,mse,mild,0.0215567537095349,0.049720429197489,0.95,0.0,0.62,187.0231227042989
2237893018,noise_aware,mild,0.0215019598449059,0.0481596017189295,0.9525,0.0,0.63,189.22132618431488
2237893018,boundary_aware,mild,0.0201984037484564,0.0460719593991387,0.96,0.0,0.635,184.31836165762357
2237893018,sharpness_aware,mild,0.0228329761481119,0.050589433354324,0.9475,0.0,0.5975,187.56878996640287
2237893018,robust_control_aware,mild,0.0198614744047066,0.036191248688388,0.9675,0.0,0.6475,185.3162458562045
3266084952,mse,mild,0.0219082424594446,0.0501678869176609,0.9475,0.0,0.555,194.15551992900615
3266084952,noise_aware,mild,0.0213855443335778,0.0481849453453262,0.96,0.0,0.5975,194.09352572966213
3266084952,boundary_aware,mild,0.0204943841604885,0.0450098610820418,0.9675,0.0,0.5975,192.90983969297173
3266084952,sharpness_aware,mild,0.0238929784506458,0.0525170212023967,0.9425,0.0,0.57,194.06390373950316
3266084952,robust_control_aware,mild,0.0191944361900541,0.0343952755727136,0.9825,0.0,0.6575,188.18599128580303
1411004866,mse,mild,0.0199748510713049,0.0434281361828731,0.9825,0.0,0.5825,197.76115899309733
1411004866,noise_aware,mild,0.0205228350347375,0.0438234915109717,0.965,0.0,0.6125,197.79318655392296
1411004866,boundary_aware,mild,0.0200853182355394,0.0434109083581489,0.975,0.0,0.6175,195.4624951162828
1411004866,sharpness_aware,mild,0.0212041879564901,0.0464086361672083,0.965,0.0,0.6,195.41895975514456
1411004866,robust_control_aware,mild,0.01851046567308,0.03387104862111,0.9775,0.0,0.595,191.97760419748136
720401177,mse,mild,0.0207150609423894,0.04986807147177,0.95,0.0,0.6,193.77404815633048
720401177,noise_aware,mild,0.0203914848018314,0.0493746649827048,0.9525,0.0,0.595,193.34317832135903
720401177,boundary_aware,mild,0.0200008687475919,0.04658628960923,0.955,0.0,0.635,192.31475674583544
720401177,sharpness_aware,mild,0.0220557655624601,0.0510117751237667,0.9425,0.0,0.5775,193.23525406196617
720401177,robust_control_aware,mild,0.0177617893596244,0.0319187767569945,0.9875,0.0,0.625,187.36009012409795
842612503,mse,mild,0.021695906104341,0.0500231635611386,0.9475,0.0,0.58,189.70786998533524
842612503,noise_aware,mild,0.0215545803779977,0.0505269988265985,0.9475,0.0,0.6075,188.9625023234985
842612503,boundary_aware,mild,0.0210195830464258,0.0505893258165001,0.9475,0.0,0.6175,186.8278269501293
842612503,sharpness_aware,mild,0.0221548985762353,0.0500424248877424,0.9475,0.0,0.5475,187.6894092102626
842612503,robust_control_aware,mild,0.018601730722612,0.0342296956173092,0.9775,0.0,0.615,182.12973120463755
333431731,mse,mild,0.0220889437367688,0.0557811365217448,0.9375,0.0,0.58,189.0598240223009
333431731,noise_aware,mild,0.0221243012068425,0.0557171450375822,0.9375,0.0,0.61,187.87503348354653
333431731,boundary_aware,mild,0.0209228819836447,0.0503166250335953,0.9475,0.0,0.6025,188.4554871466268
333431731,sharpness_aware,mild,0.0234479897778636,0.0566869207983842,0.93,0.0,0.5825,188.235819736758
333431731,robust_control_aware,mild,0.0188128979198935,0.0382703846414769,0.9725,0.0,0.63,181.63472519203717
1545097157,mse,mild,0.0223373780277813,0.0501067666551309,0.945,0.0,0.5825,198.87173951180577
1545097157,noise_aware,mild,0.0216388097111044,0.0496613312422324,0.95,0.0,0.6475,198.5425141628885
1545097157,boundary_aware,mild,0.0202589625579358,0.0463364784761341,0.9625,0.0,0.6175,195.21099315432645
1545097157,sharpness_aware,mild,0.0223854079538037,0.0509964653320909,0.945,0.0,0.575,199.1969526408381
1545097157,robust_control_aware,mild,0.0180510098505084,0.0332511155219071,0.985,0.0,0.595,191.39137857716105
1736380347,mse,mild,0.0204906121027459,0.0445895932689112,0.97,0.0,0.5625,199.41977229331584
1736380347,noise_aware,mild,0.020491227703793,0.0457933178085275,0.9625,0.0,0.5725,198.5954043487993
1736380347,boundary_aware,mild,0.0200163216637975,0.0433892006670542,0.9725,0.0,0.5775,196.2325586577225
1736380347,sharpness_aware,mild,0.0218535334161936,0.0488813487843703,0.9525,0.0,0.57,198.4065723551457
1736380347,robust_control_aware,mild,0.0175512804389222,0.0328540856772118,0.99,0.0,0.67,192.96017379576176
1586847244,mse,mild,0.0202705948566587,0.0477431869203136,0.9525,0.0,0.6025,195.1746012168648
1586847244,noise_aware,mild,0.0207631255616012,0.0497956897067337,0.95,0.0,0.565,197.0082444518221
1586847244,boundary_aware,mild,0.0206715082776738,0.0494359225959445,0.9525,0.0,0.61,197.7822341501513
1586847244,sharpness_aware,mild,0.022334647990188,0.0512505825240459,0.945,0.0,0.59,197.08786384528184
1586847244,robust_control_aware,mild,0.0177686865121859,0.0320761585560176,0.9875,0.0,0.6475,191.9556846642772
1355937599,mse,mild,0.0205025152921263,0.0437289423892264,0.9625,0.0,0.6075,193.09039531963344
1355937599,noise_aware,mild,0.020214708423749,0.0449506593399345,0.97,0.0,0.625,191.8084612745033
1355937599,boundary_aware,mild,0.0201784470610284,0.0449903421843287,0.965,0.0,0.585,192.2655082816444
1355937599,sharpness_aware,mild,0.0231219251065657,0.0487800705712774,0.9525,0.0,0.6075,194.176742282035
1355937599,robust_control_aware,mild,0.0181668176071902,0.0334351415964122,0.9825,0.0,0.6275,186.2410704092404
4003953246,mse,mild,0.0195434352795714,0.0457438567160085,0.9725,0.0,0.615,196.82057525438503
4003953246,noise_aware,mild,0.0188822168211633,0.0442175745393175,0.9625,0.0,0.6225,196.05880510515289
4003953246,boundary_aware,mild,0.0187965478371882,0.0422413998922504,0.9675,0.0,0.6275,196.20723033353332
4003953246,sharpness_aware,mild,0.0213276967909556,0.0461475726260977,0.9675,0.0,0.5875,198.62266932515635
4003953246,robust_control_aware,mild,0.0179019900536761,0.032752074176017,0.9875,0.0,0.62,194.38941606878916
2574173112,mse,mild,0.0202980028929269,0.0448999664744378,0.98,0.0,0.6125,188.27671252770472
2574173112,noise_aware,mild,0.0197920652953962,0.046730083514335,0.9675,0.0,0.6175,189.20703687280155
2574173112,boundary_aware,mild,0.0190389760806775,0.0430765686771256,0.96,0.0,0.6025,189.53231063907248
2574173112,sharpness_aware,mild,0.0215755908781188,0.0455321980859093,0.9625,0.0,0.575,190.80117300656013
2574173112,robust_control_aware,mild,0.0183271678733737,0.0350061363143218,0.9825,0.0,0.6525,184.30152302620868
663250219,mse,mild,0.0231713775258843,0.0542208609077009,0.9275,0.0,0.6075,188.32731495005189
663250219,noise_aware,mild,0.0235421118898496,0.0578732063961633,0.92,0.0,0.6075,184.81967621959097
663250219,boundary_aware,mild,0.0217622480637971,0.0508572357287625,0.945,0.0,0.6175,185.16425501756532
663250219,sharpness_aware,mild,0.0243391104172054,0.0567986245548759,0.925,0.0,0.5775,186.19563262760963
663250219,robust_control_aware,mild,0.0199369575573814,0.0386196872842462,0.975,0.0,0.6575,179.38372985068156
1981101797,mse,mild,0.0202406586211762,0.0440377360310038,0.965,0.0,0.6125,196.3283366406118
1981101797,noise_aware,mild,0.0206689717846151,0.047912081653129,0.9625,0.0,0.5725,196.70513680333272
1981101797,boundary_aware,mild,0.0200738780212474,0.0445765609649289,0.9575,0.0,0.6,194.8873809759175
1981101797,sharpness_aware,mild,0.0218443539427998,0.046625493809692,0.9575,0.0,0.5575,197.9711559251599
1981101797,robust_control_aware,mild,0.0186329039951408,0.0336191418311162,0.9875,0.0,0.58,190.3150508709091
1848209715,mse,mild,0.0211118218304008,0.0448393507577941,0.9625,0.0,0.5575,192.05369443201369
1848209715,noise_aware,mild,0.0205836873354581,0.0460456243222089,0.9675,0.0,0.57,191.47661190440328
1848209715,boundary_aware,mild,0.0203740330594509,0.0462086132200508,0.9625,0.0,0.58,191.62105596511483
1848209715,sharpness_aware,mild,0.022916946142817,0.0525214776755244,0.9375,0.0,0.53,194.11827397545247
1848209715,robust_control_aware,mild,0.018930378528935,0.0341382747538651,0.9875,0.0,0.575,187.64441616066568
4012012906,mse,mild,0.0210852090810005,0.0452614966137784,0.965,0.0,0.6025,191.5471699286981
4012012906,noise_aware,mild,0.0209304952645819,0.0473245317657892,0.955,0.0,0.6,191.79087942528415
4012012906,boundary_aware,mild,0.0198005791774509,0.0435330142996405,0.9725,0.0,0.6425,189.99854960706733
4012012906,sharpness_aware,mild,0.0214585740250384,0.0460810033557114,0.97,0.0,0.59,193.46007050999856
4012012906,robust_control_aware,mild,0.0186677150624478,0.0328982928705976,0.98,0.0,0.635,188.1554512648254
2066889296,mse,mild,0.0207179343393241,0.04751539459374,0.96,0.0,0.6475,189.24870091126377
2066889296,noise_aware,mild,0.0206481838485599,0.0479741571464315,0.96,0.0,0.6125,189.36486959106207
2066889296,boundary_aware,mild,0.0205697896462003,0.0457871764373247,0.9575,0.0,0.6375,185.09548159315847
2066889296,sharpness_aware,mild,0.0227692921301942,0.0515570929369975,0.945,0.0,0.6075,188.38908180551783
2066889296,robust_control_aware,mild,0.0201578264756126,0.0351249271426099,0.965,0.0,0.6325,182.3705119062232
2839013476,mse,mild,0.021745217446559,0.0498224745847708,0.95,0.0,0.5925,198.21702397010264
2839013476,noise_aware,mild,0.0202676154775787,0.0459974209818768,0.9725,0.0,0.6025,195.4552392515688
2839013476,boundary_aware,mild,0.0199168255474105,0.045985437599515,0.965,0.0,0.5925,194.89097777374133
2839013476,sharpness_aware,mild,0.0222536452938178,0.048380723838756,0.9625,0.0,0.5475,196.2026345047741
2839013476,robust_control_aware,mild,0.0186751962244929,0.0368513734199362,0.98,0.0,0.63,188.67988529126436
4045268861,mse,mild,0.0209548086813898,0.0435806619530522,0.9725,0.0,0.615,192.51630901746853
4045268861,noise_aware,mild,0.0213902376367645,0.0462388632363985,0.9525,0.0,0.6025,192.4396444623881
4045268861,boundary_aware,mild,0.0204019425804707,0.0456670962511248,0.9625,0.0,0.64,192.2601308828414
4045268861,sharpness_aware,mild,0.0231536378777323,0.0506733480947472,0.945,0.0,0.5975,192.53088105044608
4045268861,robust_control_aware,mild,0.0188209325617361,0.0351880754893401,0.9875,0.0,0.645,189.83206166084616
4008157811,mse,mild,0.0214651920002004,0.0473749875538881,0.955,0.0,0.6025,194.34566423957676
4008157811,noise_aware,mild,0.0199792442217264,0.0478918358356596,0.9625,0.0,0.625,196.042271379439
4008157811,boundary_aware,mild,0.0190465404735842,0.0415085592219878,0.975,0.0,0.6175,191.9088917559725
4008157811,sharpness_aware,mild,0.0220696333874159,0.0462875215764138,0.9625,0.0,0.5925,195.3778071561765
4008157811,robust_control_aware,mild,0.0190516679434579,0.0347753704487501,0.98,0.0,0.65,191.25987470102683
2637445221,mse,mild,0.0220427183175726,0.0462614684126176,0.9625,0.0,0.585,200.4980249669225
2637445221,noise_aware,mild,0.0215700058497859,0.0514476066720389,0.9425,0.0,0.62,196.86964908863249
2637445221,boundary_aware,mild,0.0201314434583194,0.0440800895344842,0.9625,0.0,0.57,196.6948464343909
2637445221,sharpness_aware,mild,0.0219177630811006,0.0489813876484707,0.96,0.0,0.56,194.857050129312
2637445221,robust_control_aware,mild,0.0184711243324367,0.0331688762670611,0.9775,0.0,0.6525,191.15840526788884
1688535857,mse,mild,0.0204062467580751,0.0458970942910147,0.9625,0.0,0.625,197.76807924033952
1688535857,noise_aware,mild,0.0207388912215992,0.046375711409766,0.9575,0.0,0.59,199.25375426301224
1688535857,boundary_aware,mild,0.0189710529845463,0.0423143909505612,0.9775,0.0,0.615,195.7983927536745
1688535857,sharpness_aware,mild,0.0216850189253289,0.0494215855418582,0.9525,0.0,0.595,197.1528274855701
1688535857,robust_control_aware,mild,0.0176233663591185,0.032023580520145,0.9875,0.0,0.625,192.26939255873876
839215811,mse,mild,0.0197585839913997,0.0453366702635629,0.97,0.0,0.6125,195.9463296979196
839215811,noise_aware,mild,0.0197682523439393,0.0440000716021199,0.9675,0.0,0.64,195.2602018474626
839215811,boundary_aware,mild,0.0194245273641871,0.0449772985640574,0.9725,0.0,0.625,192.62275332352567
839215811,sharpness_aware,mild,0.0224166392879589,0.0483732459504855,0.955,0.0,0.57,196.40698662708087
839215811,robust_control_aware,mild,0.0186019439814759,0.0324211445791606,0.9875,0.0,0.62,189.27548458893187
1500849119,mse,mild,0.0214747579261743,0.0477970714452728,0.955,0.0,0.62,195.14940281637223
1500849119,noise_aware,mild,0.0209512962441469,0.0491889204710526,0.95,0.0,0.605,196.04254962901743
1500849119,boundary_aware,mild,0.0202176388343886,0.0482949010022892,0.96,0.0,0.59,194.4728029621593
1500849119,sharpness_aware,mild,0.0236806212995068,0.0535916589410334,0.935,0.0,0.5625,196.7026455144731
1500849119,robust_control_aware,mild,0.0191616445011099,0.0363717058874979,0.98,0.0,0.62,189.60459828942464
3668171989,mse,mild,0.0201157373763775,0.044757430000452,0.9625,0.0,0.5525,200.1234850168928
3668171989,noise_aware,mild,0.0193598657867106,0.0441480712890328,0.96,0.0,0.5975,199.4811389733202
3668171989,boundary_aware,mild,0.0187537444041121,0.041244997441609,0.98,0.0,0.5875,199.23192394210272
3668171989,sharpness_aware,mild,0.0215460956313019,0.0481284966854574,0.9575,0.0,0.5725,202.12570350482883
3668171989,robust_control_aware,mild,0.018108268747161,0.0335523603384581,0.9875,0.0,0.6125,195.9744360747629
1828316838,mse,mild,0.0225237099203309,0.0501063015154295,0.9475,0.0,0.575,194.639007001226
1828316838,noise_aware,mild,0.0221357246340202,0.0496038031950174,0.95,0.0,0.6025,194.2875081401012
1828316838,boundary_aware,mild,0.0208496624619534,0.0467465674468705,0.9525,0.0,0.5675,190.6891773710662
1828316838,sharpness_aware,mild,0.0235406794256837,0.0511211848560627,0.94,0.0,0.5425,194.9453394142849
1828316838,robust_control_aware,mild,0.0192959563665885,0.0387559844604845,0.975,0.0,0.65,189.0192145300428
677763140,mse,mild,0.0201195655744748,0.0466190527420808,0.9625,0.0,0.59,196.03275203902135
677763140,noise_aware,mild,0.0207976450238965,0.0452080023430349,0.965,0.0,0.5675,196.01844127911704
677763140,boundary_aware,mild,0.0204563555558552,0.0436851972714943,0.9625,0.0,0.5975,194.11015085228195
677763140,sharpness_aware,mild,0.0210899771905756,0.0456572420223753,0.9675,0.0,0.6,195.12824113828924
677763140,robust_control_aware,mild,0.0182053009994193,0.0340812555106008,0.985,0.0,0.6325,193.13465020803812
1119181405,mse,mild,0.0199579390497574,0.0438043753954232,0.965,0.0,0.6,195.09780105784105
1119181405,noise_aware,mild,0.0196889611026978,0.0438048877298957,0.97,0.0,0.59,192.76691877189785
1119181405,boundary_aware,mild,0.0186201361193428,0.0388788461461865,0.99,0.0,0.6025,192.68633599299855
1119181405,sharpness_aware,mild,0.0206833483806421,0.0421602896562484,0.9725,0.0,0.615,194.23040243338045
1119181405,robust_control_aware,mild,0.017737113393202,0.0331490660758725,0.99,0.0,0.6375,191.49532148899004
2169860784,mse,mild,0.0217947320819791,0.0460555325128633,0.96,0.0,0.59,202.5937646557229
2169860784,noise_aware,mild,0.0211376024206366,0.0450281672599088,0.97,0.0,0.61,201.1860461814511
2169860784,boundary_aware,mild,0.0193042502594213,0.0406999080496387,0.98,0.0,0.5975,199.53432124001276
2169860784,sharpness_aware,mild,0.0217390129103709,0.0455224621947466,0.9775,0.0,0.5575,201.14784368071224
2169860784,robust_control_aware,mild,0.0180988918529663,0.0319632907490171,0.995,0.0,0.61,194.2051376584759
3112238724,mse,mild,0.0199354998492982,0.0410901058584002,0.975,0.0,0.6,197.81136997455096
3112238724,noise_aware,mild,0.0200849232226638,0.0426966083831927,0.975,0.0,0.625,197.63984745486812
3112238724,boundary_aware,mild,0.0193073962913316,0.0435784205356086,0.9675,0.0,0.63,196.09596740884456
3112238724,sharpness_aware,mild,0.0218881783220435,0.0463588551997308,0.965,0.0,0.565,201.0950332494421
3112238724,robust_control_aware,mild,0.0179947734227221,0.0334754663205167,0.985,0.0,0.625,189.4948706725952
4293715631,mse,mild,0.0217507288013595,0.0502264381495391,0.9425,0.0,0.5925,191.652085233049
4293715631,noise_aware,mild,0.02065882790539,0.0466134012657769,0.96,0.0,0.595,189.48129425706236
4293715631,boundary_aware,mild,0.0204211666309919,0.0465771097167881,0.9575,0.0,0.615,192.4801739457774
4293715631,sharpness_aware,mild,0.0210321527585216,0.0450146814308017,0.965,0.0,0.57,191.6869739352996
4293715631,robust_control_aware,mild,0.0190072782408655,0.033347538480492,0.9825,0.0,0.6375,182.6052749191498
3909568483,mse,mild,0.0219498353559765,0.0518243994142663,0.9475,0.0,0.5925,194.28898738697328
3909568483,noise_aware,mild,0.0220985767832059,0.0472547748639743,0.9625,0.0,0.555,193.71055821364743
3909568483,boundary_aware,mild,0.0197131858516753,0.0452451075846769,0.97,0.0,0.56,188.5899732473316
3909568483,sharpness_aware,mild,0.0215131009131228,0.0450241332863714,0.9725,0.0,0.5775,190.19773789597627
3909568483,robust_control_aware,mild,0.0190658457910078,0.0384162568392253,0.975,0.0,0.635,188.4731345903461
1398012131,mse,mild,0.0215288728120318,0.0494723572021489,0.95,0.0,0.5475,194.67726068612163
1398012131,noise_aware,mild,0.021011877331662,0.0480732121958463,0.9575,0.0,0.59,196.20363344885104
1398012131,boundary_aware,mild,0.0195467258963592,0.042582543266595,0.97,0.0,0.6025,195.1781686343774
1398012131,sharpness_aware,mild,0.0226315432678797,0.048611933322514,0.955,0.0,0.58,195.157074250186
1398012131,robust_control_aware,mild,0.0183752484986633,0.0337036828612553,0.985,0.0,0.6575,189.3352254721761
1876994406,mse,mild,0.0199915327443385,0.0450043448749486,0.965,0.0,0.59,198.01260738700893
1876994406,noise_aware,mild,0.0202300508824182,0.0475477191758253,0.95,0.0,0.6025,198.51668209366693
1876994406,boundary_aware,mild,0.0207090586534081,0.0495993642158001,0.95,0.0,0.615,198.30795581483645
1876994406,sharpness_aware,mild,0.0209655468027853,0.0451646204518801,0.965,0.0,0.5775,200.28183521165303
1876994406,robust_control_aware,mild,0.0178007497623655,0.0325188880246517,0.9875,0.0,0.6525,190.15587997102207
2615751316,mse,mild,0.021372495834273,0.0491004450564589,0.95,0.0,0.5775,200.4123896358176
2615751316,noise_aware,mild,0.0209194034633927,0.0475334646181921,0.965,0.0,0.58,199.88366924355543
2615751316,boundary_aware,mild,0.0201494796035558,0.0471412578905244,0.9575,0.0,0.5925,196.69370076447
2615751316,sharpness_aware,mild,0.0229331204597231,0.051661963849166,0.945,0.0,0.5575,200.47562885997613
2615751316,robust_control_aware,mild,0.0183555221057637,0.0338890423377828,0.9825,0.0,0.6325,193.31759890722316
324655747,mse,mild,0.0206427414743202,0.0453332951057975,0.9625,0.0,0.6125,189.9834183030504
324655747,noise_aware,mild,0.0215927731873619,0.0502475768161031,0.945,0.0,0.5875,194.6381333957214
324655747,boundary_aware,mild,0.0208699805360342,0.0484298446144009,0.96,0.0,0.5725,191.1012761035247
324655747,sharpness_aware,mild,0.0231510193208093,0.0527525245930975,0.9425,0.0,0.5475,194.038226041204
324655747,robust_control_aware,mild,0.018456217850054,0.0344087798666959,0.98,0.0,0.665,185.77292461806397
1231104955,mse,mild,0.0212188972028107,0.0471295198702589,0.96,0.0,0.585,192.96945699502416
1231104955,noise_aware,mild,0.0211766791998516,0.0475717749137024,0.95,0.0,0.5875,193.53032966998927
1231104955,boundary_aware,mild,0.0190418454030347,0.0454087835582207,0.97,0.0,0.625,189.88365426907544
1231104955,sharpness_aware,mild,0.0209956644217599,0.0438454427329447,0.9675,0.0,0.59,193.12995971917556
1231104955,robust_control_aware,mild,0.0183401124700301,0.0334302778982195,0.9825,0.0,0.64,186.10757542901965
744356947,mse,mild,0.0212272808394432,0.0476419626508924,0.9625,0.0,0.565,197.00198323741225
744356947,noise_aware,mild,0.0206127186848136,0.0434070881104447,0.9725,0.0,0.5925,197.44715195374488
744356947,boundary_aware,mild,0.0188829233874655,0.0421678952813846,0.98,0.0,0.6275,195.03005260929385
744356947,sharpness_aware,mild,0.0228179811125613,0.0495529722678232,0.9525,0.0,0.585,198.07522448203144
744356947,robust_control_aware,mild,0.0184321432569202,0.0334897060757497,0.99,0.0,0.6175,192.79960740783883
3519479534,mse,mild,0.0195325761484276,0.0438524357526924,0.975,0.0,0.5875,198.9485340228008
3519479534,noise_aware,mild,0.0202745859845533,0.0432943111099977,0.97,0.0,0.5975,199.0630941839105
3519479534,boundary_aware,mild,0.0204657568900905,0.0454281195809709,0.9675,0.0,0.5675,199.62970014296852
3519479534,sharpness_aware,mild,0.0215189303366093,0.0454194865187588,0.965,0.0,0.5725,200.94986716259788
3519479534,robust_control_aware,mild,0.0178382813119303,0.0314885302317922,0.99,0.0,0.6475,195.05947457904108
4195001948,mse,mild,0.0200372356258568,0.0434820658589342,0.98,0.0,0.5725,201.99753146124783
4195001948,noise_aware,mild,0.0199143076546337,0.0443810674114919,0.9675,0.0,0.61,205.1966063160587
4195001948,boundary_aware,mild,0.0185340626876397,0.0395160551200682,0.985,0.0,0.6225,200.6418231278117
4195001948,sharpness_aware,mild,0.0216266308883359,0.0463443002679607,0.9625,0.0,0.5525,203.81983916942505
4195001948,robust_control_aware,mild,0.0178946606948806,0.032025646009919,0.995,0.0,0.6375,198.74207762799227
3252170343,mse,mild,0.0209226289106348,0.0474715087479151,0.96,0.0,0.6225,189.05379109802243
3252170343,noise_aware,mild,0.0214173651849126,0.0490464583880057,0.9525,0.0,0.6025,192.15233087605463
3252170343,boundary_aware,mild,0.0198919005452517,0.0476586465977592,0.96,0.0,0.58,189.6949209089758
3252170343,sharpness_aware,mild,0.0234232716795267,0.0514589127065648,0.9425,0.0,0.565,193.2106518742472
3252170343,robust_control_aware,mild,0.0197792085494027,0.0366096398005085,0.975,0.0,0.6325,185.28420563246527
4243111108,mse,mild,0.0212802130319937,0.0463633647155838,0.965,0.0,0.6075,191.52425885382613
4243111108,noise_aware,mild,0.0211378398943252,0.0491079741082325,0.955,0.0,0.6225,195.2191374892429
4243111108,boundary_aware,mild,0.0202819773233968,0.0472786162184847,0.9625,0.0,0.6,192.0100016504872
4243111108,sharpness_aware,mild,0.0226548321544058,0.0484096232247975,0.955,0.0,0.58,192.27858980008517
4243111108,robust_control_aware,mild,0.0184287082152088,0.0343524057743797,0.9775,0.0,0.635,189.3758381864748
2445008977,mse,mild,0.0198739186975624,0.0426185496310131,0.985,0.0,0.6125,199.4567312942644
2445008977,noise_aware,mild,0.0195738593822681,0.042573536111246,0.9775,0.0,0.5925,198.5215760449873
2445008977,boundary_aware,mild,0.0178898728954709,0.0372895500481665,0.9875,0.0,0.5975,193.80720074272008
2445008977,sharpness_aware,mild,0.0211815631033977,0.045004028192471,0.975,0.0,0.5675,199.8474281361967
2445008977,robust_control_aware,mild,0.0171983067267681,0.031439930133593,0.995,0.0,0.625,192.8827433827857
903398518,mse,mild,0.0218261073719584,0.0519579773957667,0.9325,0.0,0.6075,196.7821976058919
903398518,noise_aware,mild,0.020396116200957,0.0443267916300826,0.9675,0.0,0.5675,197.4073317912798
903398518,boundary_aware,mild,0.0208400758978082,0.0473791270095153,0.965,0.0,0.55,198.2050039553008
903398518,sharpness_aware,mild,0.021530566035797,0.0481775070542895,0.9625,0.0,0.5925,196.9342666634849
903398518,robust_control_aware,mild,0.0184859043845883,0.0348877266899224,0.9875,0.0,0.6175,190.38300287807377
2014023660,mse,mild,0.0208576429375388,0.0474768721882001,0.9625,0.0,0.6025,193.62698930961065
2014023660,noise_aware,mild,0.0204662670689842,0.0469288709227411,0.9575,0.0,0.5575,193.1885563764912
2014023660,boundary_aware,mild,0.0192836926164713,0.0450793912462026,0.9675,0.0,0.5875,188.91209998512755
2014023660,sharpness_aware,mild,0.0218252490848434,0.0484514374830245,0.9525,0.0,0.5925,190.61741043069264
2014023660,robust_control_aware,mild,0.0185626736729993,0.0330444368997163,0.99,0.0,0.635,186.03139464468643
1691291392,mse,mild,0.0211662735303536,0.0439577903593461,0.9725,0.0,0.5775,198.97647283540437
1691291392,noise_aware,mild,0.0216301347995893,0.0537955416128329,0.9325,0.0,0.5875,200.4145930181802
1691291392,boundary_aware,mild,0.0192173498687606,0.0441267512414134,0.9675,0.0,0.605,196.5589487374305
1691291392,sharpness_aware,mild,0.0229222445565226,0.0533988021068591,0.9425,0.0,0.5675,197.77628479541968
1691291392,robust_control_aware,mild,0.0189104135406532,0.0335837873333511,0.9875,0.0,0.635,194.5923165415125
3053498093,mse,mild,0.0194476636055916,0.0421340419890808,0.98,0.0,0.5975,195.8205163287473
3053498093,noise_aware,mild,0.0194604896353941,0.0411572066877955,0.98,0.0,0.6125,196.1345571522626
3053498093,boundary_aware,mild,0.0185433690185739,0.0401540110341023,0.9825,0.0,0.5675,192.5067797557349
3053498093,sharpness_aware,mild,0.0208541365081563,0.0465699578428145,0.9625,0.0,0.5575,195.54361390347373
3053498093,robust_control_aware,mild,0.0188281034256331,0.0345162493497818,0.9775,0.0,0.635,190.9483554050708
945374663,mse,mild,0.0202258720203098,0.0452982329267647,0.965,0.0,0.5875,194.78071708434425
945374663,noise_aware,mild,0.0195639330844431,0.042277891661702,0.965,0.0,0.5975,194.1480994203788
945374663,boundary_aware,mild,0.0194544891864717,0.0439923090864715,0.965,0.0,0.6025,191.06626102068088
945374663,sharpness_aware,mild,0.0215999271347336,0.0489277490085305,0.9525,0.0,0.5875,195.24661421498337
945374663,robust_control_aware,mild,0.0180983063039084,0.0335108938511995,0.985,0.0,0.6725,187.65743258072484
56575796,mse,mild,0.0206776906180765,0.0476045748620374,0.9575,0.0,0.5725,191.76264328746507
56575796,noise_aware,mild,0.0210433635939897,0.0465053569616438,0.9625,0.0,0.5975,191.6755509910097
56575796,boundary_aware,mild,0.0194158010262286,0.042935341646269,0.9725,0.0,0.605,190.36804873438265
56575796,sharpness_aware,mild,0.0222368069762476,0.0500103614621667,0.9475,0.0,0.5525,190.86023085025425
56575796,robust_control_aware,mild,0.0187299783213311,0.0349130287117065,0.975,0.0,0.63,186.96065128547
761055821,mse,mild,0.0210789636718714,0.0458145984246658,0.96,0.0,0.585,196.6409941464908
761055821,noise_aware,mild,0.0205525529996691,0.044365360819476,0.9725,0.0,0.58,194.8391820689784
761055821,boundary_aware,mild,0.0192813741784607,0.0450103095669621,0.97,0.0,0.5875,195.8392228104468
761055821,sharpness_aware,mild,0.0230467324868766,0.0512871891403864,0.9375,0.0,0.565,197.60885476452532
761055821,robust_control_aware,mild,0.0186289525837808,0.0342915692580121,0.9825,0.0,0.66,193.93044159119728
2053712420,mse,mild,0.019727646288822,0.0451001617619838,0.965,0.0,0.635,196.83748747941388
2053712420,noise_aware,mild,0.0195240111523365,0.0434441610212556,0.97,0.0,0.6475,197.2979439650752
2053712420,boundary_aware,mild,0.0183958320767226,0.0433162948413293,0.98,0.0,0.605,196.6970437975689
2053712420,sharpness_aware,mild,0.0212622356586253,0.0463980277475644,0.96,0.0,0.5525,198.13336477711448
2053712420,robust_control_aware,mild,0.0180514473444112,0.0327864633157662,0.99,0.0,0.585,192.2959836005295
3330615544,mse,mild,0.0209281847895572,0.0445945790427202,0.97,0.0,0.5575,195.37751770653688
3330615544,noise_aware,mild,0.0212446222158739,0.0480561888806249,0.9625,0.0,0.5725,196.07442334182855
3330615544,boundary_aware,mild,0.0209848915392879,0.0471077770137376,0.955,0.0,0.63,193.34794058363127
3330615544,sharpness_aware,mild,0.0225387047901546,0.0531330561736574,0.945,0.0,0.6025,194.02952620961952
3330615544,robust_control_aware,mild,0.0188583452014756,0.0347665982846314,0.9775,0.0,0.6425,186.3570329623585
1988057494,mse,mild,0.0204782052554013,0.0448822678482948,0.96,0.0,0.6175,199.5051381171417
1988057494,noise_aware,mild,0.0208724191982555,0.0489451220695004,0.95,0.0,0.6,202.7845261419677
1988057494,boundary_aware,mild,0.0192464426672378,0.0423956695187307,0.975,0.0,0.5975,199.1913275564445
1988057494,sharpness_aware,mild,0.0215955333303484,0.0468325589151348,0.96,0.0,0.5675,200.2766801182026
1988057494,robust_control_aware,mild,0.0186513300795225,0.0343496564256255,0.98,0.0,0.6625,193.42840930963052
3738784048,mse,mild,0.0214157018301896,0.0532126028764201,0.9475,0.0,0.5925,193.12839725852967
3738784048,noise_aware,mild,0.0203748729829898,0.0457512271370165,0.96,0.0,0.6075,194.30212601146172
3738784048,boundary_aware,mild,0.0187491646733862,0.0418078760688335,0.9775,0.0,0.6325,192.835384481134
3738784048,sharpness_aware,mild,0.0219366019768605,0.0475169693362342,0.9525,0.0,0.5675,195.6207557938181
3738784048,robust_control_aware,mild,0.018525581197815,0.0328555363342206,0.9775,0.0,0.6275,188.2346905387211
2698257310,mse,mild,0.0204945248785027,0.045477916555818,0.9725,0.0,0.5475,197.7767000550272
2698257310,noise_aware,mild,0.0198157939723914,0.0464082223142629,0.9725,0.0,0.6025,197.90838295028323
2698257310,boundary_aware,mild,0.0202216876712632,0.0442019657589383,0.9675,0.0,0.6125,197.1799331351921
2698257310,sharpness_aware,mild,0.0210956084024306,0.045975345362285,0.9675,0.0,0.545,198.17413096391743
2698257310,robust_control_aware,mild,0.0184749251187185,0.0324956873875421,0.99,0.0,0.5975,191.87901474633745
3145110617,mse,mild,0.0227525124148688,0.0552674749672126,0.9325,0.0,0.615,185.2481190950957
3145110617,noise_aware,mild,0.0226544405175463,0.0539640355303475,0.93,0.0,0.6375,184.29183828548776
3145110617,boundary_aware,mild,0.0209315571049577,0.0518458321202703,0.94,0.0,0.6725,183.3104515864601
3145110617,sharpness_aware,mild,0.0230362971619936,0.0524493741574484,0.935,0.0,0.6475,184.83975226157972
3145110617,robust_control_aware,mild,0.0195073614883521,0.0372786846206974,0.9625,0.0,0.6675,178.3341779377257
3839569303,mse,mild,0.0225580726897395,0.0536682228940892,0.9325,0.0,0.6225,187.5041388350354
3839569303,noise_aware,mild,0.0211654444700136,0.0448477304303248,0.96,0.0,0.6225,186.13788035735288
3839569303,boundary_aware,mild,0.0213257359851764,0.0519435536287022,0.9375,0.0,0.585,183.0569223729309
3839569303,sharpness_aware,mild,0.0231079614150794,0.0539337140872266,0.935,0.0,0.585,187.89735095650968
3839569303,robust_control_aware,mild,0.0191832663939466,0.0360469639102695,0.9775,0.0,0.615,182.15076939139263
1741795387,mse,mild,0.0209019498322438,0.0489590017061444,0.95,0.0,0.6075,197.9920618352091
1741795387,noise_aware,mild,0.0205672218719427,0.0476686178013858,0.9625,0.0,0.605,196.16600578408423
1741795387,boundary_aware,mild,0.0199756863363946,0.04613406486949,0.965,0.0,0.6225,195.0429105980788
1741795387,sharpness_aware,mild,0.0221300963385384,0.0510478398555811,0.9425,0.0,0.5875,197.259876111251
1741795387,robust_control_aware,mild,0.0182335556162235,0.0332279707658057,0.99,0.0,0.655,192.08201744646368
1008093370,mse,mild,0.0211683954024467,0.0454018051523862,0.955,0.0,0.6025,192.83665466363303
1008093370,noise_aware,mild,0.0221063006070832,0.0509111675969971,0.9475,0.0,0.585,192.08931213962603
1008093370,boundary_aware,mild,0.02062779515382,0.0462607178598638,0.96,0.0,0.5825,189.6222662061081
1008093370,sharpness_aware,mild,0.0230422707825748,0.0533237246784957,0.9425,0.0,0.5825,193.57658933956748
1008093370,robust_control_aware,mild,0.0187007009229657,0.0336501093100528,0.985,0.0,0.61,185.919915113618
578984872,mse,mild,0.0211753457740118,0.04805541940724,0.9575,0.0,0.5925,193.16194516251397
578984872,noise_aware,mild,0.0207504910202432,0.0484559892239879,0.9525,0.0,0.6025,193.69442271201623
578984872,boundary_aware,mild,0.0197600014773675,0.0432295077802734,0.975,0.0,0.5925,191.8679136568195
578984872,sharpness_aware,mild,0.0223223618521365,0.0500724909782086,0.9475,0.0,0.5425,193.7355274069685
578984872,robust_control_aware,mild,0.0185062736927746,0.0332336657918081,0.9825,0.0,0.6375,186.7732247750209
2934542094,mse,mild,0.0227620627990904,0.0530098191231705,0.9375,0.0,0.5975,197.17813860879133
2934542094,noise_aware,mild,0.0217563001804391,0.0488388068609652,0.9525,0.0,0.6025,192.73568655349112
2934542094,boundary_aware,mild,0.0205845729050709,0.0442953295895174,0.96,0.0,0.62,193.1175944870296
2934542094,sharpness_aware,mild,0.0224055490384004,0.0494455818795676,0.955,0.0,0.57,192.46129918602043
2934542094,robust_control_aware,mild,0.0194965831972717,0.0375235571231872,0.975,0.0,0.6175,186.0408652894975
3187112867,mse,mild,0.0232887720605859,0.0515496975524468,0.945,0.0,0.5725,191.58113759971616
3187112867,noise_aware,mild,0.0203572897822134,0.046366293119741,0.9675,0.0,0.615,191.14911529949055
3187112867,boundary_aware,mild,0.020884549108125,0.0451773588241682,0.965,0.0,0.5825,189.9707263377049
3187112867,sharpness_aware,mild,0.0229722374301737,0.05149595650952,0.9425,0.0,0.5425,190.38261042199616
3187112867,robust_control_aware,mild,0.0190785226280591,0.0365663811856205,0.975,0.0,0.6575,184.44159082302144
2389930833,mse,mild,0.0217499212709017,0.0502136725569408,0.945,0.0,0.5825,197.7696889859728
2389930833,noise_aware,mild,0.0211979775506269,0.0457682986323356,0.9625,0.0,0.61,196.7946615678688
2389930833,boundary_aware,mild,0.0208119751498277,0.0493374010789346,0.9525,0.0,0.6025,194.363810308849
2389930833,sharpness_aware,mild,0.0229713875857854,0.0509255190874813,0.9475,0.0,0.5725,196.6791321196775
2389930833,robust_control_aware,mild,0.0183390968013232,0.0340965943678835,0.985,0.0,0.68,189.29422094667265
1292274856,mse,mild,0.0219039913794316,0.046889606674901,0.9625,0.0,0.57,192.6224904534377
1292274856,noise_aware,mild,0.0210951159761394,0.0482925883423934,0.955,0.0,0.6125,189.2609993841869
1292274856,boundary_aware,mild,0.0210879180749872,0.046717621718102,0.96,0.0,0.5875,187.28237158978183
1292274856,sharpness_aware,mild,0.0223283060694746,0.0504718540978913,0.9475,0.0,0.5775,189.4135485335564
1292274856,robust_control_aware,mild,0.018835675351352,0.0348619803647094,0.9775,0.0,0.6475,183.2482247344996
3203924750,mse,mild,0.0208589953158319,0.0492715366912865,0.9525,0.0,0.59,198.52320784070704
3203924750,noise_aware,mild,0.020287274896226,0.0473628823692146,0.965,0.0,0.585,194.7680758521323
3203924750,boundary_aware,mild,0.0191855826832203,0.044371370318619,0.9675,0.0,0.6,193.47695420773448
3203924750,sharpness_aware,mild,0.0221874834883902,0.0493101705006437,0.95,0.0,0.5625,197.876901622558
3203924750,robust_control_aware,mild,0.0184194489041463,0.0322556957043152,0.985,0.0,0.615,190.8221262433613
2727536461,mse,mild,0.0208001477806482,0.0469892708136484,0.9675,0.0,0.615,199.14404589642476
2727536461,noise_aware,mild,0.0202759354880376,0.0465784067027783,0.9625,0.0,0.575,198.72249048983608
2727536461,boundary_aware,mild,0.019720060584611,0.042748656508412,0.97,0.0,0.62,197.143075715254
2727536461,sharpness_aware,mild,0.0231173611717227,0.0486787410550606,0.95,0.0,0.5425,201.49588237870165
2727536461,robust_control_aware,mild,0.0176451735326705,0.0303314045039518,0.9875,0.0,0.6,187.61351531971087
3436844845,mse,mild,0.0208443516240921,0.0462319694351002,0.965,0.0,0.5975,194.14404752759805
3436844845,noise_aware,mild,0.0196027653725823,0.0445937390215192,0.9675,0.0,0.63,191.820341096992
3436844845,boundary_aware,mild,0.0195124922770382,0.0438635436697393,0.9625,0.0,0.555,189.4953114084091
3436844845,sharpness_aware,mild,0.021336441505099,0.0500670899345241,0.95,0.0,0.615,192.17291493582636
3436844845,robust_control_aware,mild,0.0193475194424635,0.0347515569943698,0.97,0.0,0.6275,188.61073451325484
3389111171,mse,moderate,0.0230000702701276,0.0492264348662997,0.9525,0.0,0.5175,195.48226103626985
3389111171,noise_aware,moderate,0.0224097711231024,0.051735174428202,0.94,0.0,0.54,192.5718570801037
3389111171,sharpness_aware,moderate,0.0251347596738268,0.0547425657593397,0.9225,0.0,0.47,195.5550284561224
3084139821,mse,moderate,0.0240589018233082,0.0563720847098158,0.915,0.0,0.4975,198.495566363404
3084139821,noise_aware,moderate,0.0232461305621313,0.0531788702154222,0.94,0.0,0.5075,196.77234771938677
3084139821,sharpness_aware,moderate,0.0250082689679739,0.0573208961817718,0.9225,0.0,0.5,200.626145270536
2042987557,mse,moderate,0.0222498360201727,0.0558725671523046,0.9375,0.0,0.515,189.40978108771765
2042987557,noise_aware,moderate,0.0216859473344086,0.0508007059747882,0.9475,0.0,0.5375,187.00253703449775
2042987557,sharpness_aware,moderate,0.0241138870110617,0.0578699407016702,0.9275,0.0,0.5275,190.0343042118797
3002971205,mse,moderate,0.0224149219661149,0.0538648150830985,0.94,0.0,0.51,195.74670553709245
3002971205,noise_aware,moderate,0.0236875596654766,0.0537953050082122,0.93,0.0,0.4925,193.8273400014737
3002971205,sharpness_aware,moderate,0.0254098986752864,0.0571151714968413,0.905,0.0,0.505,196.96874351916472
4027510005,mse,moderate,0.0246719930301279,0.0581814381041798,0.9175,0.0,0.5375,196.15769252542452
4027510005,noise_aware,moderate,0.0231397360540849,0.0521379014041813,0.935,0.0,0.5375,197.6001127900157
4027510005,sharpness_aware,moderate,0.0246454629280099,0.058041452356629,0.925,0.0,0.47,197.08585095640404
2672624958,mse,moderate,0.0258693860281265,0.0594632272532934,0.905,0.0,0.525,195.8151856158376
2672624958,noise_aware,moderate,0.0267686855589939,0.0636995324257111,0.89,0.0,0.5175,196.8898141885637
2672624958,sharpness_aware,moderate,0.0254938680541258,0.0584583196635558,0.9075,0.0,0.47,194.8063177430771
2738655513,mse,moderate,0.0235049997594337,0.0537383747033943,0.92,0.0,0.5525,191.3796674108584
2738655513,noise_aware,moderate,0.0245616882319636,0.060378814308062,0.9125,0.0,0.5325,192.62113164472643
2738655513,sharpness_aware,moderate,0.0253515012715306,0.0621730208301802,0.8975,0.0,0.5275,193.0564162234984
829092966,mse,moderate,0.0233550969146869,0.0553637554423044,0.9225,0.0,0.55,195.45980299103883
829092966,noise_aware,moderate,0.0225686513413553,0.0523237104960909,0.9325,0.0,0.545,192.36116373244312
829092966,sharpness_aware,moderate,0.0246836918892025,0.0539961455889668,0.9225,0.0,0.525,195.97089035712008
2633362063,mse,moderate,0.0226855390886098,0.0536554364040992,0.9475,0.0,0.5425,189.96191759814835
2633362063,noise_aware,moderate,0.0228612545130202,0.0550439838859623,0.94,0.0,0.53,190.78133894210964
2633362063,sharpness_aware,moderate,0.0233007710643149,0.0545567998551342,0.9175,0.0,0.535,189.19481412259896
962559107,mse,moderate,0.0243633310342284,0.0583570077706707,0.9175,0.0,0.5525,194.5486140066025
962559107,noise_aware,moderate,0.0249676747956254,0.0531959179493549,0.925,0.0,0.54,194.185096409134
962559107,sharpness_aware,moderate,0.0261983734427482,0.0575596016548462,0.8975,0.0,0.4925,196.5864962646841
1093805409,mse,moderate,0.0221819782603497,0.048051527805323,0.9575,0.0,0.535,200.1158763052316
1093805409,noise_aware,moderate,0.0228683202977549,0.0545454095213144,0.9375,0.0,0.5325,198.84901886172725
1093805409,sharpness_aware,moderate,0.0244587532453307,0.0556146268618961,0.93,0.0,0.5325,199.16997534737345
962587854,mse,moderate,0.0199348391863397,0.0454220323753622,0.9625,0.0,0.5075,194.46641025744407
962587854,noise_aware,moderate,0.0199225342640105,0.0469686313322812,0.965,0.0,0.5425,195.93642531514945
962587854,sharpness_aware,moderate,0.0226866081814472,0.0508524116563322,0.9475,0.0,0.5525,197.8232869047912
860894674,mse,moderate,0.0218722240222261,0.0517462635250777,0.945,0.0,0.52,195.6092156093242
860894674,noise_aware,moderate,0.0236505170836074,0.0573183493882525,0.9125,0.0,0.5125,199.10916133856003
860894674,sharpness_aware,moderate,0.0253775076485228,0.0611482633687278,0.9,0.0,0.495,198.68513338663556
3655813037,mse,moderate,0.0214035302249297,0.0548744062261268,0.9375,0.0,0.515,201.53123610170456
3655813037,noise_aware,moderate,0.0220463803193561,0.0540299793907616,0.9325,0.0,0.52,196.7336596672006
3655813037,sharpness_aware,moderate,0.0253108644242328,0.0574185631306242,0.9125,0.0,0.4975,202.71957736979584
3584847826,mse,moderate,0.0253367912654858,0.0613839667662582,0.91,0.0,0.5475,194.04142526422805
3584847826,noise_aware,moderate,0.0244128859144119,0.0599810471260544,0.9225,0.0,0.54,195.8888675139218
3584847826,sharpness_aware,moderate,0.0250321016327101,0.0564294539377637,0.9075,0.0,0.515,197.89141430379323
3191201105,mse,moderate,0.0218699030391975,0.0534659232385578,0.9375,0.0,0.525,200.69924391299995
3191201105,noise_aware,moderate,0.02503796780319,0.0583405781516212,0.9,0.0,0.5225,199.89306080175749
3191201105,sharpness_aware,moderate,0.02495849701814,0.0575969960236075,0.91,0.0,0.53,200.9736499958048
2911101028,mse,moderate,0.0232471960541677,0.0519006733785469,0.935,0.0,0.4975,192.22135045699807
2911101028,noise_aware,moderate,0.0215267094397399,0.0469657198966842,0.955,0.0,0.52,190.8435495772252
2911101028,sharpness_aware,moderate,0.0228085540743882,0.0519266413415287,0.9475,0.0,0.52,194.6747563595061
1310972635,mse,moderate,0.0213213079423124,0.053876685563384,0.9325,0.0,0.5375,191.3429655955481
1310972635,noise_aware,moderate,0.0208414844944244,0.0524147902485083,0.945,0.0,0.5375,192.3120747587737
1310972635,sharpness_aware,moderate,0.0239410588536222,0.0555880012176983,0.925,0.0,0.5025,196.8222888921981
3628597686,mse,moderate,0.0232444102002272,0.0589569989918305,0.9175,0.0,0.535,195.30959687966876
3628597686,noise_aware,moderate,0.0228211325846559,0.053367982390773,0.9425,0.0,0.5225,192.98384592049905
3628597686,sharpness_aware,moderate,0.0248574387557145,0.0586241968387568,0.925,0.0,0.5175,193.0790574181929
3381601262,mse,moderate,0.0208153276870032,0.045951681885929,0.9625,0.0,0.545,191.6823099038922
3381601262,noise_aware,moderate,0.0217357840942468,0.0552639506421844,0.9425,0.0,0.5325,190.728622350638
3381601262,sharpness_aware,moderate,0.0250022723679851,0.0619206837065035,0.915,0.0,0.5325,191.31611476925195
3092867210,mse,moderate,0.0222004529455719,0.051116194430338,0.9425,0.0,0.5025,193.72238752022207
3092867210,noise_aware,moderate,0.0244593069523208,0.0582813746449122,0.895,0.0,0.49,195.0639578913485
3092867210,sharpness_aware,moderate,0.025087366955662,0.0551961641057983,0.9225,0.0,0.485,194.64047763557176
2622879300,mse,moderate,0.0257912747321362,0.0594033809266711,0.9075,0.0,0.5225,194.1425600066105
2622879300,noise_aware,moderate,0.02631045581551,0.0675344077934606,0.8925,0.0025,0.5275,196.50380661215735
2622879300,sharpness_aware,moderate,0.0247617097093196,0.0609986270041895,0.9225,0.0025,0.5225,193.0583629127119
2937656991,mse,moderate,0.0222953060550967,0.0522260207302789,0.9375,0.0,0.5425,196.27620740239524
2937656991,noise_aware,moderate,0.0232727063002637,0.0545095006923281,0.93,0.0,0.5525,197.9393631750048
2937656991,sharpness_aware,moderate,0.024813806821441,0.0584135417618371,0.925,0.0,0.5375,197.70138642903905
1872448827,mse,moderate,0.0205999450283309,0.0467328186640558,0.965,0.0,0.525,195.6514341582271
1872448827,noise_aware,moderate,0.0217324556981738,0.0502045580321163,0.9475,0.0,0.5175,193.41832639590757
1872448827,sharpness_aware,moderate,0.0223376718126433,0.0516244562974244,0.935,0.0,0.495,197.43839661829145
2027309548,mse,moderate,0.0235539227629573,0.0570608510544509,0.9275,0.0,0.565,191.2278521822228
2027309548,noise_aware,moderate,0.0241170614034492,0.0566661891003722,0.925,0.0,0.5525,192.1343979944059
2027309548,sharpness_aware,moderate,0.0243284480031418,0.0560334058063974,0.9275,0.0,0.515,193.1701391336925
2136321268,mse,moderate,0.0220011944398018,0.0535357487280893,0.9275,0.0,0.5525,192.50844062199005
2136321268,noise_aware,moderate,0.0229015740922037,0.0523962188289812,0.935,0.0,0.5575,191.1113210533836
2136321268,sharpness_aware,moderate,0.0243169971691331,0.0574965635181348,0.9175,0.0025,0.54,194.79836767695863
3252490845,mse,moderate,0.0199695123186733,0.045933732891032,0.96,0.0,0.5325,195.01281919704903
3252490845,noise_aware,moderate,0.0211494976532149,0.0471570948523648,0.96,0.0,0.51,194.6449354990953
3252490845,sharpness_aware,moderate,0.0225497657951145,0.0537735620790638,0.935,0.0,0.505,197.72877492214317
3692477288,mse,moderate,0.0246722876444845,0.0589111744415127,0.9175,0.0,0.495,189.28092769374223
3692477288,noise_aware,moderate,0.0237357410592991,0.0537588664298211,0.93,0.0,0.515,189.13057231210087
3692477288,sharpness_aware,moderate,0.0246033112135243,0.0566526255913851,0.9125,0.0,0.495,189.2039700918724
72726709,mse,moderate,0.0237933254114489,0.0556967019929819,0.9225,0.0,0.4925,196.32750452229564
72726709,noise_aware,moderate,0.0242705424511382,0.0576321039810753,0.9175,0.0,0.5075,194.69034254602587
72726709,sharpness_aware,moderate,0.0233949802849156,0.0558092490405994,0.925,0.0,0.55,196.4802738644055
263809025,mse,moderate,0.0259346804589611,0.0575672897536599,0.895,0.0,0.51,196.3935688768566
263809025,noise_aware,moderate,0.0260861447972863,0.0586062520361936,0.905,0.0,0.5,196.15827847724336
263809025,sharpness_aware,moderate,0.027593828737666,0.0632678100971868,0.8825,0.0,0.5025,197.90546575966468
388266878,mse,moderate,0.0214337509259809,0.0536398521620597,0.9425,0.0,0.5625,189.41703737340612
388266878,noise_aware,moderate,0.0224531794692462,0.0494696897681773,0.95,0.0,0.53,190.538222231309
388266878,sharpness_aware,moderate,0.0257273847257042,0.0633979627029302,0.9025,0.0,0.5375,195.62534380809063
3805909048,mse,moderate,0.0242921446170238,0.0562085280992182,0.93,0.0,0.4975,198.3929016132337
3805909048,noise_aware,moderate,0.0242465251151687,0.0575221170529185,0.9175,0.0,0.52,196.56805505494555
3805909048,sharpness_aware,moderate,0.025324638496736,0.0612763077888592,0.91,0.0,0.4975,198.3089581292533
3006661105,mse,moderate,0.0212787834041446,0.0497574825038954,0.95,0.0,0.51,194.5143389426725
3006661105,noise_aware,moderate,0.0222076404929396,0.0521642228015498,0.93,0.0,0.5375,194.46341689590344
3006661105,sharpness_aware,moderate,0.0247429356911926,0.0602342556799775,0.895,0.0,0.5025,197.43317451600169
2400255462,mse,moderate,0.0256662732518846,0.0593332127478223,0.8925,0.0,0.53,191.59905120487275
2400255462,noise_aware,moderate,0.0256663305193528,0.0596355987503895,0.9025,0.0,0.5125,188.4627626243692
2400255462,sharpness_aware,moderate,0.0264144071840647,0.0624649966933737,0.89,0.0,0.5175,194.11865169386903
1592815009,mse,moderate,0.0206008190790633,0.0490992550418867,0.96,0.0,0.5175,198.43809593615123
1592815009,noise_aware,moderate,0.0207791806640895,0.0467808956833734,0.96,0.0,0.5,196.55638880138983
1592815009,sharpness_aware,moderate,0.0214542300020553,0.0500702117044426,0.9475,0.0,0.5075,199.28846635756065
616946658,mse,moderate,0.0222540756870209,0.0526056321995171,0.9325,0.0,0.53,189.6572582448437
616946658,noise_aware,moderate,0.0232215850752924,0.0569060117175007,0.9275,0.0,0.5525,190.81599468695532
616946658,sharpness_aware,moderate,0.0242958531477445,0.0551621505170345,0.9275,0.0,0.4775,190.9204404362448
4125253457,mse,moderate,0.0290559040778243,0.0697987796988245,0.8675,0.0,0.4925,192.55106848158945
4125253457,noise_aware,moderate,0.0273475290677445,0.0585810778172475,0.8875,0.0,0.485,193.18327496907693
4125253457,sharpness_aware,moderate,0.0278838673128636,0.0626000456625924,0.88,0.0,0.4875,194.22560727526988
1894299039,mse,moderate,0.0241793080305305,0.0517245244167484,0.9325,0.0,0.4975,193.94110722435343
1894299039,noise_aware,moderate,0.0234703400133691,0.0515780173372975,0.935,0.0,0.515,192.7698305885016
1894299039,sharpness_aware,moderate,0.0254641063196893,0.0595827592636116,0.9025,0.0,0.4925,195.8414338887549
1826657357,mse,moderate,0.024070481090028,0.058080066959114,0.9225,0.0,0.5075,194.61700173196056
1826657357,noise_aware,moderate,0.0240924949597225,0.0548914061127427,0.9275,0.0,0.5275,195.5853641500632
1826657357,sharpness_aware,moderate,0.0228412887981261,0.0523806377003533,0.9325,0.0,0.5175,195.3258676665312
3869760332,mse,moderate,0.023124132229347,0.0562846005405359,0.915,0.0,0.5275,182.12344413966693
3869760332,noise_aware,moderate,0.0228040346284056,0.0542981448770129,0.9325,0.0,0.51,181.98970742591877
3869760332,sharpness_aware,moderate,0.0238479233379083,0.0571847081742574,0.92,0.0,0.5,182.9882346463826
3942096291,mse,moderate,0.022887931966562,0.0583678535603988,0.9275,0.0,0.5375,193.4904658010429
3942096291,noise_aware,moderate,0.0242475887840578,0.0588531264703031,0.905,0.0,0.565,192.6177704358368
3942096291,sharpness_aware,moderate,0.0244918247336115,0.0581493896860021,0.9025,0.0,0.535,195.02854264403024
4196962272,mse,moderate,0.0222622391370059,0.0517861056207165,0.9425,0.0,0.56,195.2152608986626
4196962272,noise_aware,moderate,0.0242776479229934,0.0552680261050539,0.92,0.0,0.52,194.7733908514376
4196962272,sharpness_aware,moderate,0.0222784832417054,0.0485251778532828,0.955,0.0,0.505,191.8958184619982
650737436,mse,moderate,0.0219876922755377,0.0503949537144821,0.9475,0.0,0.5475,196.5375502065592
650737436,noise_aware,moderate,0.0213685829444963,0.0501964117004392,0.9425,0.0,0.5275,194.16179503879405
650737436,sharpness_aware,moderate,0.0241478653684543,0.0556227660372374,0.9125,0.0,0.485,198.7386593640009
2765233509,mse,moderate,0.0242762255658962,0.0531759475809514,0.935,0.0,0.51,186.92082187527083
2765233509,noise_aware,moderate,0.0234176473405287,0.053650186051228,0.93,0.0,0.4875,188.24963571139423
2765233509,sharpness_aware,moderate,0.0241502036488407,0.0559583662810502,0.9225,0.0,0.515,187.226888276628
2648460118,mse,moderate,0.0263065441968857,0.0598609754313741,0.9,0.0,0.505,189.3267869303736
2648460118,noise_aware,moderate,0.0252739487619016,0.0577255746919375,0.91,0.0,0.5125,188.929845919544
2648460118,sharpness_aware,moderate,0.025412841096272,0.0621716382332398,0.8925,0.0,0.54,189.41833090213385
2721002355,mse,moderate,0.0240601206127523,0.0566500861988433,0.915,0.0,0.53,193.06640169429005
2721002355,noise_aware,moderate,0.0239234563323537,0.0543663899856642,0.925,0.0,0.5325,191.08434554781985
2721002355,sharpness_aware,moderate,0.0269656079161003,0.062945886575845,0.8975,0.0,0.505,193.26296868011696
1443607338,mse,moderate,0.024625908914819,0.0561639760008016,0.9275,0.0,0.51,193.6156170634956
1443607338,noise_aware,moderate,0.0262790688062928,0.0623886842941178,0.895,0.0,0.5,196.5048040659485
1443607338,sharpness_aware,moderate,0.0256595531197249,0.0608140646207452,0.92,0.0,0.51,195.9712748957081
3718361383,mse,moderate,0.0201552575277362,0.0484844421063912,0.9575,0.0,0.4825,195.9611275603159
3718361383,noise_aware,moderate,0.0203804543478628,0.0460515739161059,0.9575,0.0,0.53,194.7396329572337
3718361383,sharpness_aware,moderate,0.0228865865357292,0.0537476813845966,0.93,0.0,0.5225,194.588450723133
2813098644,mse,moderate,0.0245016737662467,0.0553913610413211,0.915,0.0,0.5525,194.37869603725235
2813098644,noise_aware,moderate,0.0253481910865413,0.0583447481393729,0.9025,0.0,0.5275,194.3663382817994
2813098644,sharpness_aware,moderate,0.0261879336375748,0.0617896662186784,0.895,0.0,0.5025,197.5536098169603
4226629241,mse,moderate,0.0265675614224704,0.0606791902625911,0.9,0.0,0.495,190.7609422964252
4226629241,noise_aware,moderate,0.024011235826088,0.0552645846304257,0.9325,0.0,0.545,185.7737684735038
4226629241,sharpness_aware,moderate,0.0265796790680438,0.0594346518066819,0.9025,0.0,0.465,188.8033792278665
1180688000,mse,moderate,0.0213524536004207,0.0487421104232625,0.9525,0.0,0.5425,190.53406318850435
1180688000,noise_aware,moderate,0.0239916535469305,0.0586051078809502,0.9125,0.0,0.5225,191.73686015866903
1180688000,sharpness_aware,moderate,0.025170741983769,0.0590818095910027,0.9075,0.0,0.5075,192.70372780431944
2121584357,mse,moderate,0.0222392306189212,0.0527885844842692,0.935,0.0,0.54,196.26171868955225
2121584357,noise_aware,moderate,0.0226352371609665,0.0559263721937591,0.925,0.0,0.5075,196.7003094619361
2121584357,sharpness_aware,moderate,0.0230899516447677,0.0532561432690465,0.925,0.0,0.4975,196.99242973177616
724579447,mse,moderate,0.0219815189879019,0.0511912106394808,0.9425,0.0,0.48,189.48555995406173
724579447,noise_aware,moderate,0.0232971402010073,0.0553720415514107,0.9375,0.0,0.5425,189.05368896624225
724579447,sharpness_aware,moderate,0.0238585278459466,0.0520020598507431,0.9375,0.0,0.51,191.55718484715985
1117812916,mse,moderate,0.0229232434123484,0.053908198679138,0.9275,0.0,0.535,197.0278291079825
1117812916,noise_aware,moderate,0.0230919002164237,0.054040791509047,0.9375,0.0,0.4925,198.57785035766292
1117812916,sharpness_aware,moderate,0.0235128349850931,0.0521052347399979,0.935,0.0,0.495,195.47443778526863
1530323167,mse,moderate,0.0235171271143266,0.0523452420299065,0.9225,0.0,0.5175,188.88285829168967
1530323167,noise_aware,moderate,0.0226405931359038,0.052557883831025,0.9275,0.0,0.5025,189.12044989863656
1530323167,sharpness_aware,moderate,0.0246625587874048,0.0571137138132202,0.92,0.0,0.5325,192.18539868230368
1709400583,mse,moderate,0.0214265975263018,0.0464696081566177,0.965,0.0,0.5125,194.56856493322735
1709400583,noise_aware,moderate,0.0210982444918303,0.0452170475598001,0.9625,0.0,0.4975,191.39620902015943
1709400583,sharpness_aware,moderate,0.0212008208589199,0.0469598940428491,0.96,0.0,0.53,192.8853989378089
1133912448,mse,moderate,0.0213001115828852,0.0506379420086703,0.945,0.0,0.4975,195.6509396554796
1133912448,noise_aware,moderate,0.0234043186619123,0.0535546270696404,0.9275,0.0,0.5175,198.7962187008532
1133912448,sharpness_aware,moderate,0.0239985573984829,0.0570860787076879,0.9175,0.0,0.5225,199.64949686575497
3841604218,mse,moderate,0.0233304242754097,0.0555200473465286,0.94,0.0,0.525,197.17761810497123
3841604218,noise_aware,moderate,0.0237679227013008,0.0547840655129082,0.935,0.0,0.51,195.9468138220243
3841604218,sharpness_aware,moderate,0.0257715423427528,0.0573409851042623,0.9175,0.0,0.505,197.26325223964025
1476672215,mse,moderate,0.0249598592060355,0.0588160880225744,0.8975,0.0,0.505,196.39189347227963
1476672215,noise_aware,moderate,0.024284556967569,0.0575060497625649,0.9225,0.0,0.5175,195.76557643916408
1476672215,sharpness_aware,moderate,0.0248830950089774,0.0579290379993664,0.9025,0.0,0.51,195.87855840094323
884250997,mse,moderate,0.0255713214204186,0.0588304471158949,0.905,0.0,0.5125,197.09039225921396
884250997,noise_aware,moderate,0.0257756271642823,0.0565638132713161,0.9175,0.0,0.5225,196.46456172498563
884250997,sharpness_aware,moderate,0.0267142362218425,0.0586345714660121,0.895,0.0,0.5125,194.9078410747285
1002348142,mse,moderate,0.0224888863435397,0.052120349095096,0.94,0.0,0.5425,190.80716670500567
1002348142,noise_aware,moderate,0.0241570417492601,0.0574082362402529,0.9175,0.0,0.535,193.38545568241145
1002348142,sharpness_aware,moderate,0.0229797958987182,0.0518508826256707,0.9375,0.0,0.535,193.4882676579593
1627011397,mse,moderate,0.0192006254718444,0.0466298540092649,0.9725,0.0,0.5375,191.2203285571796
1627011397,noise_aware,moderate,0.0197090613395846,0.0470223844707841,0.9575,0.0,0.5075,191.17271219205023
1627011397,sharpness_aware,moderate,0.0202952383542895,0.0469457260698307,0.965,0.0,0.54,191.3898938486985
1076126967,mse,moderate,0.0228947150210321,0.050791615932847,0.94,0.0,0.5425,190.617463616938
1076126967,noise_aware,moderate,0.0234376093852708,0.0511005989182023,0.945,0.0,0.5675,195.51972522626303
1076126967,sharpness_aware,moderate,0.0233316223922035,0.0529384150791668,0.935,0.0,0.5425,193.34123179514305
923743962,mse,moderate,0.0257338890403974,0.0573142127964665,0.915,0.0,0.465,198.35670634830052
923743962,noise_aware,moderate,0.0242394124907536,0.054744068737584,0.925,0.0,0.5275,199.1918785995261
923743962,sharpness_aware,moderate,0.0253821161489879,0.0606497538939537,0.905,0.0,0.505,201.68913619169504
3894377936,mse,moderate,0.0202030666689333,0.0473721740777112,0.9575,0.0,0.5375,188.2666894496265
3894377936,noise_aware,moderate,0.0205424663391734,0.0484053986525121,0.9525,0.0,0.52,188.9870249125381
3894377936,sharpness_aware,moderate,0.0229771590884313,0.0512351887174071,0.9475,0.0,0.5525,189.16848517809
1825409742,mse,moderate,0.0200313423170738,0.045574359167378,0.9625,0.0,0.56,197.85050880372188
1825409742,noise_aware,moderate,0.0207681627185168,0.0460328337569132,0.9625,0.0,0.545,198.72702907955133
1825409742,sharpness_aware,moderate,0.0226705004314067,0.0535331816976027,0.94,0.0,0.555,199.61938059506565
907752744,mse,moderate,0.0246778616927336,0.0528788426500323,0.9375,0.0,0.5425,186.36855934157217
907752744,noise_aware,moderate,0.0233229868291126,0.0540126548255903,0.9375,0.0,0.5525,184.96902744935247
907752744,sharpness_aware,moderate,0.0244755954164401,0.0533740225342113,0.9275,0.0,0.535,186.84251544173588
1662780807,mse,moderate,0.0219662475944541,0.0529156485370321,0.94,0.0,0.54,194.4337553419161
1662780807,noise_aware,moderate,0.0213357123937866,0.0513708835287204,0.94,0.0,0.56,192.8282262149769
1662780807,sharpness_aware,moderate,0.0240092447572624,0.0594715826335921,0.925,0.0,0.525,194.62266374124292
2121423049,mse,moderate,0.0216534593297562,0.0499986738475673,0.95,0.0,0.5075,191.66634905093656
2121423049,noise_aware,moderate,0.0231867304214875,0.0542693368600139,0.92,0.0,0.5375,193.42809305653373
2121423049,sharpness_aware,moderate,0.0236140133178716,0.0565243717646679,0.9275,0.0,0.51,193.199960064482
3968988679,mse,moderate,0.02380833145236,0.0561185050935183,0.9225,0.0,0.56,195.7366568034824
3968988679,noise_aware,moderate,0.0232607421381182,0.059448954689361,0.9325,0.0,0.5125,193.6701461968275
3968988679,sharpness_aware,moderate,0.0252800586950288,0.0597865176272434,0.8975,0.0,0.5375,195.96470872580952
1493249476,mse,moderate,0.0242218559308574,0.0591349345759696,0.91,0.0,0.48,190.93034603928828
1493249476,noise_aware,moderate,0.0239333264106385,0.0594469266576863,0.9175,0.0,0.55,190.7856058909453
1493249476,sharpness_aware,moderate,0.0260708276612906,0.0644271401762759,0.89,0.0,0.4925,191.66290322937203
1567049265,mse,moderate,0.0220420342582656,0.053129994890136,0.9425,0.0,0.5075,190.2188787126892
1567049265,noise_aware,moderate,0.0212587275475291,0.0487479085320055,0.9525,0.0,0.53,191.29858609040508
1567049265,sharpness_aware,moderate,0.0238723467329065,0.053762620492197,0.9325,0.0025,0.5325,193.90254112786528
1443871119,mse,moderate,0.0249592203368886,0.0596640605409285,0.9075,0.0,0.4975,192.558570904312
1443871119,noise_aware,moderate,0.0251960593931489,0.0611298932298714,0.9125,0.0,0.5075,192.47351305822855
1443871119,sharpness_aware,moderate,0.0252538510339628,0.0602867770836517,0.89,0.0,0.5025,191.64746671989928
207789827,mse,moderate,0.0224570560479327,0.0498176289752492,0.95,0.0,0.515,190.3968826756561
207789827,noise_aware,moderate,0.021949767631158,0.050184381767374,0.945,0.0,0.53,193.48449224239843
207789827,sharpness_aware,moderate,0.0226701892933911,0.0521613431188982,0.9375,0.0,0.55,194.7039944054017
2665534169,mse,moderate,0.0228685927206976,0.0553179408560044,0.9325,0.0,0.5225,188.47974645728505
2665534169,noise_aware,moderate,0.0253787962186648,0.0593202303268697,0.895,0.0,0.535,190.1220604075829
2665534169,sharpness_aware,moderate,0.0249396619862047,0.0566190514509532,0.9175,0.0,0.52,189.6419152492611
3207734048,mse,moderate,0.0228027996174947,0.0551248538560411,0.92,0.0,0.5225,189.2515734501299
3207734048,noise_aware,moderate,0.0234965860105468,0.0572981467780886,0.915,0.0,0.53,189.3060389968897
3207734048,sharpness_aware,moderate,0.0249512662748568,0.0604134901749928,0.905,0.0,0.5325,191.4426249560529
659579441,mse,moderate,0.0231140092495891,0.0555921342552532,0.9175,0.0,0.52,187.7125590590973
659579441,noise_aware,moderate,0.0215527458194681,0.048807756880894,0.95,0.0,0.555,187.56915256940584
659579441,sharpness_aware,moderate,0.0230385379806352,0.0566709424385736,0.925,0.0,0.5075,187.88910810697772
1831990360,mse,moderate,0.0239262178548719,0.055125105849712,0.925,0.0,0.51,189.6998603243825
1831990360,noise_aware,moderate,0.0251724600557356,0.0589063161309078,0.9175,0.0,0.5075,189.7900302701866
1831990360,sharpness_aware,moderate,0.0235107833743043,0.0562804285164063,0.93,0.0,0.525,188.1060360609444
575250115,mse,moderate,0.0219960598019693,0.0543541562166415,0.9425,0.0,0.5775,185.80652690424347
575250115,noise_aware,moderate,0.0232926005940102,0.0613457609246512,0.91,0.0,0.54,188.11712886650943
575250115,sharpness_aware,moderate,0.0244195359532721,0.0579604930652091,0.9125,0.0,0.53,186.09997631556135
3743157485,mse,moderate,0.0245009684083583,0.0593066575854386,0.9075,0.0,0.5075,191.17930223057985
3743157485,noise_aware,moderate,0.0231237505592089,0.0555839206934839,0.935,0.0,0.5225,191.5096160295857
3743157485,sharpness_aware,moderate,0.026302540360007,0.0576615186086826,0.9075,0.0,0.5,195.2606083609999
1796461005,mse,moderate,0.0235249993598587,0.0542268666986257,0.9325,0.0,0.515,195.0452338322877
1796461005,noise_aware,moderate,0.0233840581613548,0.0557567062368279,0.925,0.0,0.52,194.16556668320783
1796461005,sharpness_aware,moderate,0.0271207530694193,0.0692028665492559,0.89,0.0,0.5275,197.70579855686407
4057262831,mse,moderate,0.0229642715163608,0.0502818714163005,0.945,0.0,0.51,190.4722966089924
4057262831,noise_aware,moderate,0.0238131762021226,0.056449414794396,0.925,0.0,0.48,191.9220410887155
4057262831,sharpness_aware,moderate,0.024712427138803,0.0589215853817856,0.91,0.0,0.4975,192.8884518354235
3530410642,mse,moderate,0.0190669570270636,0.0450469673496349,0.97,0.0,0.55,190.7812130634379
3530410642,noise_aware,moderate,0.0202041134340297,0.046294690013086,0.955,0.0,0.5525,188.51724568260963
3530410642,sharpness_aware,moderate,0.0222057183166071,0.0550353253070719,0.935,0.0,0.54,190.50250188575464
668701307,mse,moderate,0.0229662968977586,0.0481432269407429,0.955,0.0,0.515,193.5242541077953
668701307,noise_aware,moderate,0.0249713088177471,0.0583644735521144,0.91,0.0,0.535,194.71347626425896
668701307,sharpness_aware,moderate,0.0274616509153043,0.063011536266037,0.8825,0.0,0.525,194.5437866311561
2440047106,mse,moderate,0.0232981517871467,0.054120303285605,0.9275,0.0,0.5125,196.70644078414244
2440047106,noise_aware,moderate,0.0236524396164154,0.0544912519146138,0.9325,0.0,0.4825,195.8846347473244
2440047106,sharpness_aware,moderate,0.0227803512875618,0.0549818779454437,0.93,0.0,0.5,195.8986314449776
3736759803,mse,moderate,0.0241082209126937,0.0547502348223558,0.9275,0.0,0.5025,195.328521490642
3736759803,noise_aware,moderate,0.0234345086975941,0.051618412220559,0.9375,0.0,0.49,194.70935928266687
3736759803,sharpness_aware,moderate,0.0247095859172301,0.0576535094829457,0.9125,0.0,0.5075,194.02434751254611
15234333,mse,moderate,0.022265058707359,0.0500729272299018,0.95,0.0,0.5125,191.36700603991545
15234333,noise_aware,moderate,0.0218560476366665,0.0496169062125239,0.9525,0.0,0.565,188.92499928554497
15234333,sharpness_aware,moderate,0.0232695603179092,0.049834426976477,0.95,0.0,0.5275,193.13067496782853
667584176,mse,moderate,0.0238202295536533,0.0615261553648607,0.9225,0.0,0.4975,189.6841575846724
667584176,noise_aware,moderate,0.0242101140527128,0.0552960706145595,0.9225,0.0,0.52,187.31044878773253
667584176,sharpness_aware,moderate,0.023440274434827,0.0571774951368755,0.915,0.0,0.51,190.2469157075975
4066184225,mse,moderate,0.0251546179136081,0.0546932334305038,0.9375,0.0,0.4975,195.55275893888927
4066184225,noise_aware,moderate,0.023707358506365,0.0549574748760329,0.925,0.0,0.505,192.65854148158135
4066184225,sharpness_aware,moderate,0.0240467537001349,0.0588065833688646,0.9125,0.0,0.485,194.4789158433136
1886451804,mse,moderate,0.0216664858820109,0.0478728046854936,0.955,0.0,0.5125,193.2977283662205
1886451804,noise_aware,moderate,0.0233601896373997,0.0545558070351425,0.935,0.0,0.5325,195.1201915744981
1886451804,sharpness_aware,moderate,0.0245102178589548,0.0564239784680762,0.92,0.0,0.495,194.6055380346508
2272934004,mse,moderate,0.0207482931721217,0.0463259443628541,0.96,0.0,0.53,196.62233729383888
2272934004,noise_aware,moderate,0.0194937852410253,0.0435351184407577,0.97,0.0,0.5375,195.54748956768157
2272934004,sharpness_aware,moderate,0.0231800503986916,0.0568534480041831,0.9375,0.0,0.5475,197.56115319486383
938779823,mse,moderate,0.0255690202608288,0.0612151712848425,0.89,0.0,0.5125,190.4530354036176
938779823,noise_aware,moderate,0.0244842143094341,0.0590393435039137,0.9075,0.0,0.5625,189.32096212542768
938779823,sharpness_aware,moderate,0.0264844644687037,0.0612452156108536,0.895,0.0,0.5375,190.22446455338
2703660895,mse,moderate,0.0235446106247782,0.0529512959438354,0.9225,0.0,0.5025,192.0744642395049
2703660895,noise_aware,moderate,0.0246589729328789,0.0606170169571095,0.9175,0.0,0.525,191.65344189696103
2703660895,sharpness_aware,moderate,0.0255870010159336,0.0604279789114433,0.895,0.0,0.52,193.58445743178285
2525182596,mse,moderate,0.0240337581736031,0.0572026259200218,0.92,0.0,0.4625,184.10386351841396
2525182596,noise_aware,moderate,0.0255601353462372,0.0603226230098383,0.9025,0.0,0.485,186.03023386694605
2525182596,sharpness_aware,moderate,0.0241161253596001,0.0582488909653033,0.9125,0.0,0.51,188.42922243982252
4018511418,mse,moderate,0.024566079871532,0.0570185031234147,0.905,0.0,0.5425,195.20002458013212
4018511418,noise_aware,moderate,0.0231118230413482,0.0534855178864131,0.94,0.0,0.5525,190.15210254602317
4018511418,sharpness_aware,moderate,0.0234941527086418,0.0532523935358168,0.9375,0.0,0.5575,193.82053122537565
1772851305,mse,moderate,0.0220856093322808,0.0541667343859294,0.935,0.0,0.49,198.66472911436207
1772851305,noise_aware,moderate,0.0214405573824764,0.0476459350228031,0.955,0.0,0.5275,197.38676802697677
1772851305,sharpness_aware,moderate,0.0233697177406569,0.0518428437580972,0.945,0.0,0.5075,197.0553269144674
2235246993,mse,moderate,0.0289152524124581,0.067664818403479,0.86,0.0,0.5125,188.9072498166359
2235246993,noise_aware,moderate,0.0267086545763853,0.0597689213045231,0.9025,0.0,0.51,190.2349440390699
2235246993,sharpness_aware,moderate,0.0276156681679771,0.0688917332166236,0.865,0.0,0.5275,189.5663373739372
2430720536,mse,moderate,0.0243836510512701,0.0559862729506837,0.92,0.0,0.48,195.16875374167645
2430720536,noise_aware,moderate,0.0216631064034521,0.0479370344032579,0.96,0.0,0.5075,193.11602993116696
2430720536,sharpness_aware,moderate,0.0227016028880539,0.048811897686197,0.95,0.0,0.5125,195.5232895165786
628175963,mse,moderate,0.0220691163199974,0.0508060622850714,0.9425,0.0,0.5175,196.75913907765076
628175963,noise_aware,moderate,0.0212404532112846,0.0458018530039188,0.9675,0.0,0.52,197.53669427916023
628175963,sharpness_aware,moderate,0.024103693437618,0.0527004473639317,0.9325,0.0,0.5125,199.05510484263704
299474548,mse,moderate,0.0220338967529949,0.0533667020153242,0.9325,0.0,0.535,195.4764785465564
299474548,noise_aware,moderate,0.0249699009008914,0.0587850411622325,0.9125,0.0,0.505,195.38106025399395
299474548,sharpness_aware,moderate,0.0240834288613015,0.0542283064949264,0.9125,0.0,0.5125,193.21356523925957
1273168757,mse,moderate,0.020687584232861,0.0476130495639267,0.9525,0.0,0.5525,189.76492163552376
1273168757,noise_aware,moderate,0.0211985385033022,0.0501284021569088,0.9475,0.0,0.52,188.48406494716195
1273168757,sharpness_aware,moderate,0.0235130856885792,0.0537623406294987,0.93,0.0,0.52,188.8631919104312
273733572,mse,moderate,0.0232371240200938,0.052374892189098,0.9375,0.0,0.505,197.16602614123488
273733572,noise_aware,moderate,0.0234269086111878,0.0520824299842886,0.9425,0.0,0.5,198.4377701581041
273733572,sharpness_aware,moderate,0.0249966663476429,0.0609830321400679,0.9275,0.0,0.485,199.97274657764297
3144435095,mse,moderate,0.0218222417648792,0.0496961801832831,0.95,0.0,0.5425,195.69108842854789
3144435095,noise_aware,moderate,0.0221248554594228,0.05067443103342,0.945,0.0,0.525,196.75435995289104
3144435095,sharpness_aware,moderate,0.02474390934591,0.0578502195197339,0.9125,0.0,0.5225,198.2501392871154
2633701326,mse,moderate,0.0252610726738719,0.060108247597019,0.9025,0.0,0.5175,194.6934241659099
2633701326,noise_aware,moderate,0.0255274590353527,0.0628337590903047,0.8925,0.0,0.5225,196.1876338791289
2633701326,sharpness_aware,moderate,0.0268108219587647,0.0666786298066873,0.8975,0.0,0.5325,199.99624221124853
4211238376,mse,moderate,0.0237874969800848,0.0541663144850715,0.9325,0.0,0.495,199.20218018126735
4211238376,noise_aware,moderate,0.0245236460320793,0.0579863814774716,0.91,0.0,0.4675,199.1461425794793
4211238376,sharpness_aware,moderate,0.025893575178184,0.0611329932627549,0.905,0.0,0.4875,202.19463211607336
1111838367,mse,moderate,0.021663791297,0.0514338035413999,0.945,0.0,0.5,195.98916825865143
1111838367,noise_aware,moderate,0.0213808043229835,0.0481245331214552,0.955,0.0,0.535,195.24705203239384
1111838367,sharpness_aware,moderate,0.022662653546371,0.0539133418030913,0.9325,0.0,0.5125,198.2801695887136
3524972486,mse,moderate,0.0218262033369237,0.0472088579797564,0.965,0.0,0.5375,201.3896633250659
3524972486,noise_aware,moderate,0.0230638080018599,0.0532162702233983,0.935,0.0,0.515,201.13919257224265
3524972486,sharpness_aware,moderate,0.0223921025932702,0.050453773760794,0.9475,0.0,0.5375,201.8688312241736
3560542704,mse,moderate,0.0229241052648061,0.0556836294327586,0.935,0.0,0.5175,191.1512332540527
3560542704,noise_aware,moderate,0.023402641658101,0.0568412165662878,0.9225,0.0,0.525,192.3386064482764
3560542704,sharpness_aware,moderate,0.0238699036327938,0.054995500706921,0.915,0.0,0.5225,192.60032090467504
3731969181,mse,moderate,0.0227305048221105,0.0523258401999387,0.94,0.0,0.5275,193.2966341042583
3731969181,noise_aware,moderate,0.0230783120319981,0.0509714347910384,0.94,0.0,0.51,192.36371199412247
3731969181,sharpness_aware,moderate,0.0240718193644888,0.0592521140415388,0.915,0.0,0.5275,195.1002954136294
1211268588,mse,moderate,0.0228589996219682,0.0552779983203078,0.925,0.0,0.51,184.36916571463405
1211268588,noise_aware,moderate,0.0224896561384976,0.0513546602955139,0.9375,0.0,0.5275,185.61823692704576
1211268588,sharpness_aware,moderate,0.0242233154006941,0.0578806643772755,0.9275,0.0,0.495,187.86843931083237
592709181,mse,moderate,0.0245701534347523,0.0557900485925241,0.9175,0.0,0.5,192.43185736361957
592709181,noise_aware,moderate,0.0225972888579982,0.0528126716757572,0.935,0.0,0.5525,191.0983838128767
592709181,sharpness_aware,moderate,0.0270096870269363,0.0639248461796552,0.8875,0.0,0.485,197.58293912565028
1007944539,mse,moderate,0.022432610201746,0.0547813834859973,0.925,0.0,0.5525,196.58458574703988
1007944539,noise_aware,moderate,0.0218007903491186,0.0547714490222496,0.935,0.0,0.5,194.26455718822905
1007944539,sharpness_aware,moderate,0.0250026203004331,0.0638552714894099,0.91,0.0,0.495,196.2180610139496
2619667409,mse,moderate,0.024538588885123,0.057984189766649,0.92,0.0,0.5325,193.24872589761603
2619667409,noise_aware,moderate,0.0229990637121552,0.0518554870589227,0.94,0.0,0.5175,193.4556298558096
2619667409,sharpness_aware,moderate,0.0253317820202827,0.0600788156914568,0.9025,0.0,0.54,193.99396477320488
1380973866,mse,moderate,0.0242944301387395,0.0583758372098752,0.9125,0.0,0.4975,195.66616564052327
1380973866,noise_aware,moderate,0.0230616985012042,0.0529839172359133,0.9325,0.0,0.505,196.07335616644863
1380973866,sharpness_aware,moderate,0.0238698883394853,0.0564992212723901,0.905,0.0,0.53,196.68360048698185
2991984838,mse,moderate,0.0237753443674163,0.0554742781062961,0.925,0.0,0.525,192.9384050636552
2991984838,noise_aware,moderate,0.0232100710313658,0.0530686916645401,0.935,0.0,0.535,191.3853835535382
2991984838,sharpness_aware,moderate,0.0246141423460872,0.0545980089877488,0.9225,0.0,0.4925,190.53698569936552
3888342105,mse,moderate,0.0213595622840187,0.0485331464454963,0.9575,0.0,0.5475,195.39123840838928
3888342105,noise_aware,moderate,0.0219705158291595,0.0496664963429901,0.95,0.0,0.525,194.317002619741
3888342105,sharpness_aware,moderate,0.0228538857696104,0.0546487183019784,0.9275,0.0,0.4925,194.98444494394943
961152600,mse,moderate,0.0234121521883438,0.0533719894880511,0.93,0.0,0.515,194.49632941854
961152600,noise_aware,moderate,0.0212232942173097,0.0518141085301306,0.94,0.0,0.5225,192.63406262557945
961152600,sharpness_aware,moderate,0.024914946150137,0.0566881891582919,0.905,0.0,0.4775,191.7534388143348
1122170712,mse,moderate,0.0239425757566538,0.0534519954260225,0.9225,0.0,0.515,193.006372938295
1122170712,noise_aware,moderate,0.0229028073291873,0.0582725411038102,0.9275,0.0,0.5375,192.3657436325012
1122170712,sharpness_aware,moderate,0.023355930896148,0.0534599721237423,0.9425,0.0,0.5,191.83017696292168
869103479,mse,moderate,0.0208654207895865,0.0464656226417242,0.97,0.0,0.5,197.54459070951145
869103479,noise_aware,moderate,0.0207689049956397,0.0455350219661395,0.965,0.0,0.545,195.2751126949868
869103479,sharpness_aware,moderate,0.0217691931299355,0.0480052163753272,0.9675,0.0,0.545,197.88118306800305
3388555971,mse,moderate,0.023912153614873,0.0563882255531735,0.92,0.0,0.51,191.2516632598212
3388555971,noise_aware,moderate,0.0247522647386454,0.0585207279048127,0.9125,0.0,0.5275,193.6924863273357
3388555971,sharpness_aware,moderate,0.0250290213937737,0.0594050815818486,0.9175,0.0,0.5,192.9732865710781
665427334,mse,moderate,0.02260485742507,0.0567927628318374,0.9325,0.0,0.5725,194.27219230518563
665427334,noise_aware,moderate,0.0217973139366143,0.0494603291812644,0.9525,0.0,0.5375,193.99480153659405
665427334,sharpness_aware,moderate,0.0262048570665125,0.0616448879174066,0.8975,0.0,0.5175,197.7464944707259
3359940053,mse,moderate,0.0222300050680655,0.0526204837818588,0.9375,0.0,0.475,198.85982465600983
3359940053,noise_aware,moderate,0.0217134954184267,0.0491683354279707,0.955,0.0,0.5075,196.69778848560333
3359940053,sharpness_aware,moderate,0.023286735379616,0.0529002383187289,0.9225,0.0,0.5,199.48177887302117
3768241039,mse,moderate,0.0221320487748322,0.0528322492408086,0.9375,0.0,0.52,187.5012130634645
3768241039,noise_aware,moderate,0.0244731581572459,0.0584394774530149,0.92,0.0,0.495,187.77922246303592
3768241039,sharpness_aware,moderate,0.0227043334672685,0.0562066289545997,0.93,0.0,0.5375,186.37743133964275
615465185,mse,moderate,0.0212759965605559,0.0493955125118404,0.9525,0.0,0.5425,195.95286247834295
615465185,noise_aware,moderate,0.0227264900441307,0.0551237273258922,0.935,0.0,0.5225,194.76952463713357
615465185,sharpness_aware,moderate,0.0227356777626852,0.055696206515864,0.925,0.0,0.515,194.4018170575941
4062591317,mse,moderate,0.0243613560034331,0.0516758993711371,0.94,0.0,0.5025,196.2425549709428
4062591317,noise_aware,moderate,0.0233530688747229,0.0526972492853533,0.925,0.0,0.5025,195.15887348562825
4062591317,sharpness_aware,moderate,0.0274431350368706,0.0644321022330654,0.8775,0.0,0.5175,198.59258135554077
2237893018,mse,moderate,0.0250363244293378,0.0587141686392155,0.92,0.0025,0.535,187.54531577907144
2237893018,noise_aware,moderate,0.0238947389826904,0.0573911559841953,0.9225,0.0,0.5325,185.1090200992692
2237893018,sharpness_aware,moderate,0.0264794950385524,0.0679331325864579,0.875,0.0,0.525,188.8249623445207
3266084952,mse,moderate,0.0244333275426051,0.0515351785217003,0.9425,0.0,0.5375,192.2907139024952
3266084952,noise_aware,moderate,0.0251865373418257,0.0575614412764558,0.91,0.0,0.555,193.41903312312343
3266084952,sharpness_aware,moderate,0.0260356406299334,0.0615256869195071,0.8975,0.0,0.5325,194.9402384709281
1411004866,mse,moderate,0.0222397363306936,0.0533105297264942,0.93,0.0,0.5425,194.6106052400465
1411004866,noise_aware,moderate,0.021817904784331,0.0522934037418563,0.9375,0.0,0.5475,194.634423127554
1411004866,sharpness_aware,moderate,0.024069211609697,0.0559952623386499,0.9275,0.0,0.505,198.96118471240828
720401177,mse,moderate,0.0210180372149205,0.0507992274212772,0.9375,0.0,0.5225,191.14074889048865
720401177,noise_aware,moderate,0.0216457461344851,0.0506685531301781,0.94,0.0,0.5225,191.4620288001054
720401177,sharpness_aware,moderate,0.0216429013914358,0.0522798634126665,0.94,0.0,0.495,191.80748786672663
842612503,mse,moderate,0.0229043142339808,0.0516085333649087,0.945,0.0,0.5325,189.6463206202761
842612503,noise_aware,moderate,0.0233361175995166,0.0566322769934881,0.925,0.0,0.5375,187.4970877663093
842612503,sharpness_aware,moderate,0.0255705297292349,0.0571426487322582,0.9025,0.0,0.5075,188.5135076353565
333431731,mse,moderate,0.0255279823159778,0.0579508072362198,0.9075,0.0,0.5275,190.8455024545612
333431731,noise_aware,moderate,0.0258632728566497,0.0687596237252439,0.9,0.0,0.525,187.85562405403437
333431731,sharpness_aware,moderate,0.0264672564520994,0.0623157169011009,0.9,0.0,0.5275,188.3214927613964
1545097157,mse,moderate,0.0237501809632058,0.0573617766893173,0.9175,0.0,0.52,196.23048776588664
1545097157,noise_aware,moderate,0.025215352839192,0.0597378302342997,0.895,0.0,0.5125,198.13890691709932
1545097157,sharpness_aware,moderate,0.0251700536676294,0.0584928110286449,0.8925,0.0,0.52,197.4768560571294
1736380347,mse,moderate,0.0249668254415702,0.0614889703721254,0.905,0.0,0.4875,199.5540090679054
1736380347,noise_aware,moderate,0.0247282876149279,0.063959919312003,0.8975,0.0,0.495,197.7942496562865
1736380347,sharpness_aware,moderate,0.0252453123934193,0.0589348568484921,0.8975,0.0,0.515,197.8583891750509
1586847244,mse,moderate,0.0217676620120213,0.0531555013941192,0.93,0.0,0.5175,195.37199778187005
1586847244,noise_aware,moderate,0.0219638301247456,0.0511994251105305,0.94,0.0,0.52,196.7946702230377
1586847244,sharpness_aware,moderate,0.023056701555279,0.0581889765694779,0.9125,0.0,0.5,195.7235438018268
1355937599,mse,moderate,0.0221800781635711,0.0532020626775479,0.935,0.0,0.5325,187.1942004232618
1355937599,noise_aware,moderate,0.0224212824326568,0.0533114473725651,0.9325,0.0,0.5125,188.49541592347416
1355937599,sharpness_aware,moderate,0.0261889132592945,0.0608257788290864,0.9,0.0,0.485,191.9363631854989
4003953246,mse,moderate,0.0188636858927519,0.0448546737206766,0.9775,0.0,0.57,194.2003339887116
4003953246,noise_aware,moderate,0.021673879725656,0.0504430023814467,0.9475,0.0,0.5475,192.8425416706939
4003953246,sharpness_aware,moderate,0.0241403254693465,0.0534632721965374,0.915,0.0,0.5075,195.96014485797124
2574173112,mse,moderate,0.0206411373160394,0.0474386399255132,0.9575,0.0,0.54,186.9592648953281
2574173112,noise_aware,moderate,0.0210377612105745,0.0468919848269609,0.965,0.0,0.5525,188.6569332357064
2574173112,sharpness_aware,moderate,0.0248729157713079,0.0548423533825289,0.93,0.0,0.4925,192.09755660591972
663250219,mse,moderate,0.0267294263684441,0.0637288302598431,0.88,0.0,0.5075,181.0084985406185
663250219,noise_aware,moderate,0.0260670716701494,0.0634444967611051,0.8925,0.0,0.535,183.23628044544284
663250219,sharpness_aware,moderate,0.028076259242979,0.069473545400255,0.855,0.0,0.5125,186.62890687558388
1981101797,mse,moderate,0.0228839825858252,0.0555297953440197,0.925,0.0,0.53,197.7375405370172
1981101797,noise_aware,moderate,0.0251371257972221,0.0635107887102339,0.9125,0.0,0.51,194.39043767621507
1981101797,sharpness_aware,moderate,0.0265448341915114,0.0658467240105773,0.8875,0.0,0.5025,198.6895325181856
1848209715,mse,moderate,0.0233422421186233,0.054386915780435,0.9225,0.0,0.5025,191.7272085217413
1848209715,noise_aware,moderate,0.0231063499459795,0.0571626649238564,0.9175,0.0,0.53,192.75608513697824
1848209715,sharpness_aware,moderate,0.0238752851739353,0.0574065441998597,0.925,0.0,0.4975,190.8436181765179
4012012906,mse,moderate,0.0226683747919661,0.0501415288085512,0.9475,0.0,0.555,192.0678047613401
4012012906,noise_aware,moderate,0.0226946040080405,0.0498121948296818,0.95,0.0,0.54,190.1173965110848
4012012906,sharpness_aware,moderate,0.0220809149150374,0.0481870431478153,0.9525,0.0,0.565,192.5289196151142
2066889296,mse,moderate,0.0200951528466771,0.0455216416521312,0.97,0.0,0.5575,184.3484195302445
2066889296,noise_aware,moderate,0.0233679417010891,0.0559839826324447,0.915,0.0,0.5475,186.2838171368677
2066889296,sharpness_aware,moderate,0.0241026823278436,0.058615727632738,0.92,0.0,0.54,187.92830562459255
2839013476,mse,moderate,0.0257206922145299,0.05830931840629,0.9125,0.0,0.515,195.77177082689605
2839013476,noise_aware,moderate,0.0246559084447861,0.0566809707330578,0.9325,0.0,0.51,198.99438951326036
2839013476,sharpness_aware,moderate,0.0242375311089793,0.0555128186154853,0.9175,0.0,0.535,195.80789773822917
4045268861,mse,moderate,0.0271931203094103,0.0633854099821014,0.885,0.0,0.4875,192.4297724446364
4045268861,noise_aware,moderate,0.025385165789544,0.0593528994400611,0.89,0.0,0.53,193.71998122935128
4045268861,sharpness_aware,moderate,0.0255281566381222,0.060309266389808,0.905,0.0,0.5275,192.91389031305528
4008157811,mse,moderate,0.0245179166909747,0.056098609746384,0.9075,0.0,0.5275,194.48087714323512
4008157811,noise_aware,moderate,0.0227008360356599,0.0518564864880501,0.94,0.0,0.5425,193.24017487847743
4008157811,sharpness_aware,moderate,0.0252279252016366,0.0591529620357976,0.9,0.0,0.4975,194.0171620800939
2637445221,mse,moderate,0.0250506222337945,0.0601722691369885,0.8975,0.0,0.5325,196.7646358175461
2637445221,noise_aware,moderate,0.0253723812645132,0.064284223990222,0.9075,0.0,0.5325,196.02638045944155
2637445221,sharpness_aware,moderate,0.0255325648251457,0.0628678428423931,0.9075,0.0,0.5375,195.9068291113072
1688535857,mse,moderate,0.0219256826682299,0.0468991017192436,0.9625,0.0,0.5575,197.1639994602268
1688535857,noise_aware,moderate,0.0198086497870655,0.0432100565109396,0.9725,0.0,0.5475,194.37495933172468
1688535857,sharpness_aware,moderate,0.0227409023221119,0.0493494643311963,0.9525,0.0,0.52,197.41169861793185
839215811,mse,moderate,0.0220929074856128,0.0505271390928839,0.9475,0.0,0.545,193.74972504825317
839215811,noise_aware,moderate,0.0213329287426163,0.0548252251732741,0.93,0.0,0.5625,192.5307541567986
839215811,sharpness_aware,moderate,0.0234734992044383,0.0586834123790637,0.92,0.0,0.5,194.59970386115248
1500849119,mse,moderate,0.025529751401098,0.0583550249294879,0.8975,0.0,0.505,194.6941295749827
1500849119,noise_aware,moderate,0.0253065898859162,0.0599502616213342,0.9025,0.0,0.5175,195.29701242455255
1500849119,sharpness_aware,moderate,0.0264241483661411,0.0624217479079656,0.88,0.0,0.5575,194.4721117426304
3668171989,mse,moderate,0.0213459059487493,0.0505953491520572,0.94,0.0,0.52,198.68304846600137
3668171989,noise_aware,moderate,0.0220489898249675,0.0534524171298215,0.9425,0.0,0.5325,198.9134873316574
3668171989,sharpness_aware,moderate,0.0247563682975907,0.0573356576249709,0.9175,0.0,0.5,201.5560134631509
1828316838,mse,moderate,0.0244731410438823,0.0576881492599196,0.915,0.0,0.5325,193.9656186980503
1828316838,noise_aware,moderate,0.0247423040927938,0.0580084938858998,0.915,0.0,0.5125,193.00215370506908
1828316838,sharpness_aware,moderate,0.0263031214887988,0.0583379658465838,0.91,0.0,0.5075,193.31149292246064
677763140,mse,moderate,0.0225065309564727,0.05167541549796,0.9425,0.0,0.53,194.49474562433275
677763140,noise_aware,moderate,0.0231449855677383,0.0516378282985315,0.9375,0.0,0.5125,192.6131209891411
677763140,sharpness_aware,moderate,0.0223539507075132,0.0495733087041477,0.95,0.0,0.5475,195.13418141982663
1119181405,mse,moderate,0.0216773583998044,0.0496417840115116,0.9525,0.0,0.5375,191.84822422000923
1119181405,noise_aware,moderate,0.0221573642106453,0.0507878143072195,0.9425,0.0,0.5125,195.51577840047764
1119181405,sharpness_aware,moderate,0.0239318811927825,0.0571135961855923,0.925,0.0,0.5525,195.22362453460693
2169860784,mse,moderate,0.024968879701168,0.0562353414610019,0.9075,0.0,0.5175,197.78435177605448
2169860784,noise_aware,moderate,0.0238578975739936,0.055431721899607,0.9175,0.0,0.4975,199.44137540517613
2169860784,sharpness_aware,moderate,0.0255663182026455,0.0621873286824507,0.9125,0.0,0.5325,199.21044974279567
3112238724,mse,moderate,0.0224726836117721,0.0488678045477183,0.955,0.0,0.52,198.7667167366632
3112238724,noise_aware,moderate,0.0241592458512244,0.0559182978261516,0.935,0.0,0.5125,197.10578772059068
3112238724,sharpness_aware,moderate,0.0257544960470778,0.0579460605866754,0.9175,0.0,0.535,199.47248324146128
4293715631,mse,moderate,0.0239543008995555,0.0568808555106155,0.92,0.0,0.515,189.23234763961543
4293715631,noise_aware,moderate,0.0224240007324173,0.0543270774506646,0.925,0.0,0.525,188.51362236787605
4293715631,sharpness_aware,moderate,0.0236081689439481,0.0561130002377475,0.935,0.0,0.52,190.9901663593427
3909568483,mse,moderate,0.026801927282313,0.0616216711707451,0.8875,0.0,0.5175,194.1503654342823
3909568483,noise_aware,moderate,0.0270827248188437,0.0642341198760495,0.8975,0.0,0.52,193.6657610758592
3909568483,sharpness_aware,moderate,0.024304663400015,0.0592445604848903,0.9125,0.0,0.5375,192.8027641347148
1398012131,mse,moderate,0.0268717482601881,0.0663638298084232,0.8925,0.0,0.4975,194.89497374104863
1398012131,noise_aware,moderate,0.0257778542792534,0.0612875505956367,0.905,0.0,0.5225,193.7234680959522
1398012131,sharpness_aware,moderate,0.0271819245220372,0.063543993797921,0.885,0.0,0.4725,194.12099985866672
1876994406,mse,moderate,0.021613373084886,0.0518840637043496,0.9375,0.0,0.5275,198.5246206917612
1876994406,noise_aware,moderate,0.0232057476434016,0.0560820380664929,0.915,0.0,0.5275,196.70603974419407
1876994406,sharpness_aware,moderate,0.0243563043381382,0.0587480842885745,0.915,0.0,0.5075,198.6445860654236
2615751316,mse,moderate,0.0243889676550549,0.0537752635472547,0.93,0.0,0.4925,198.79159099811176
2615751316,noise_aware,moderate,0.0263207077416586,0.0592716623070324,0.8925,0.0,0.4975,199.52899284059325
2615751316,sharpness_aware,moderate,0.0257012560045645,0.0571786723691196,0.9075,0.0,0.4825,197.79350999977996
324655747,mse,moderate,0.0198965068408081,0.0457621952862878,0.965,0.0,0.525,186.9060565668772
324655747,noise_aware,moderate,0.0205090480069035,0.0473698180392578,0.955,0.0,0.53,187.2004916210667
324655747,sharpness_aware,moderate,0.0226025962738953,0.0503876373899501,0.9475,0.0,0.515,191.122086508028
1231104955,mse,moderate,0.0230686805718967,0.0547588963439038,0.9325,0.0,0.54,191.18021624773
1231104955,noise_aware,moderate,0.0232512020519638,0.0525975591190569,0.935,0.0,0.515,190.38723479318023
1231104955,sharpness_aware,moderate,0.0219312617976723,0.0535309297118001,0.9475,0.0,0.545,192.1783163414816
744356947,mse,moderate,0.0227094880535384,0.0524661435395484,0.9425,0.0,0.4925,195.66458262290007
744356947,noise_aware,moderate,0.0222708008033759,0.0495660124676169,0.9525,0.0,0.525,196.4882894336818
744356947,sharpness_aware,moderate,0.0244289778185634,0.0530191783260007,0.935,0.0,0.5125,197.5616239132224
3519479534,mse,moderate,0.0218775018489749,0.053972887901116,0.9425,0.0,0.5,198.51884045744865
3519479534,noise_aware,moderate,0.0225969195112726,0.0511372280335612,0.935,0.0,0.5275,198.3907449273487
3519479534,sharpness_aware,moderate,0.023171822535367,0.0540030709012121,0.9275,0.0,0.5225,200.72348662586165
4195001948,mse,moderate,0.0259702837690755,0.0611256961180189,0.9,0.0,0.51,202.99981844516884
4195001948,noise_aware,moderate,0.0239502621723192,0.0552601514671281,0.925,0.0,0.495,203.8208705379284
4195001948,sharpness_aware,moderate,0.023506472148712,0.0509052110212131,0.945,0.0,0.5275,201.64661293502883
3252170343,mse,moderate,0.0221938954818913,0.0530777517933457,0.93,0.0,0.5425,188.89429880619008
3252170343,noise_aware,moderate,0.0222594395165866,0.0556643775646483,0.94,0.0,0.54,189.92021947830423
3252170343,sharpness_aware,moderate,0.0250836409495524,0.0632801882595299,0.9125,0.0,0.5225,190.10559005149528
4243111108,mse,moderate,0.0238550759138495,0.0572038425640141,0.915,0.0,0.535,194.1852838678564
4243111108,noise_aware,moderate,0.0230721033297158,0.0535739448224716,0.9375,0.0,0.525,192.51839480628016
4243111108,sharpness_aware,moderate,0.0240617036066938,0.0542859401030694,0.925,0.0,0.51,194.3470166164472
2445008977,mse,moderate,0.0216373411259976,0.0482278528967478,0.9575,0.0,0.5375,197.68122713836007
2445008977,noise_aware,moderate,0.0211785737426164,0.0482275632799935,0.955,0.0,0.5175,196.78628847916224
2445008977,sharpness_aware,moderate,0.0225298039631264,0.0480273205266096,0.9575,0.0,0.525,202.71784041384797
903398518,mse,moderate,0.0239120990459276,0.0563168192087025,0.91,0.0,0.5,194.81086629095887
903398518,noise_aware,moderate,0.0240766166580665,0.0583017653875049,0.915,0.0,0.5175,195.6611598531358
903398518,sharpness_aware,moderate,0.0216533585700944,0.0520761441943034,0.9475,0.0,0.5525,195.8904198164031
2014023660,mse,moderate,0.0229679374768785,0.0575221157613278,0.925,0.0,0.515,189.72178254096823
2014023660,noise_aware,moderate,0.0233824254249496,0.0574428146105834,0.9175,0.0,0.5075,188.0792766111913
2014023660,sharpness_aware,moderate,0.025869231555501,0.0608151907808809,0.89,0.0,0.47,192.2334369772321
1691291392,mse,moderate,0.0259757316760534,0.0633736959911384,0.9075,0.0,0.5125,199.70541183920412
1691291392,noise_aware,moderate,0.0236982202635103,0.0562641115085545,0.9175,0.0,0.5375,198.97638438449684
1691291392,sharpness_aware,moderate,0.0248999134947815,0.0595239696053227,0.9125,0.0,0.505,199.59982252841772
3053498093,mse,moderate,0.0201543267778577,0.0475997252382491,0.955,0.0,0.5525,193.8243455782627
3053498093,noise_aware,moderate,0.0204467173863065,0.0477013630344304,0.9575,0.0,0.54,192.9281421118115
3053498093,sharpness_aware,moderate,0.0234998726847204,0.0535973510765693,0.9375,0.0,0.52,194.5744316814568
945374663,mse,moderate,0.0213174524586721,0.0492295700031414,0.95,0.0,0.5225,193.75727680389485
945374663,noise_aware,moderate,0.0200731970219934,0.0480655411950707,0.9625,0.0,0.52,192.3370607659259
945374663,sharpness_aware,moderate,0.0230106101232952,0.0562517400009422,0.9275,0.0,0.5025,192.1517465654187
56575796,mse,moderate,0.0224143968693676,0.0520337690610676,0.9375,0.0,0.5275,189.99497433728425
56575796,noise_aware,moderate,0.0227858617559597,0.0535912702072185,0.9275,0.0,0.5325,190.9221681034022
56575796,sharpness_aware,moderate,0.0252870614666833,0.057567373360463,0.9125,0.0,0.5275,192.0023530840976
761055821,mse,moderate,0.0232489164957495,0.0538886838874082,0.92,0.0,0.5075,196.2057161156549
761055821,noise_aware,moderate,0.0220363544221358,0.0509169098894324,0.945,0.0,0.545,192.93049513171863
761055821,sharpness_aware,moderate,0.0264554663715489,0.0639415657692696,0.8925,0.0,0.475,197.70929588514093
2053712420,mse,moderate,0.0214235570581547,0.0540431518335417,0.935,0.0,0.515,194.06549976787184
2053712420,noise_aware,moderate,0.022310101323683,0.0503259730105569,0.9475,0.0,0.54,193.88263728750604
2053712420,sharpness_aware,moderate,0.0221389811242252,0.0529784517592766,0.935,0.0,0.53,193.92325637625663
3330615544,mse,moderate,0.0235312885117386,0.0571224619831649,0.9175,0.0,0.5225,194.02062351915075
3330615544,noise_aware,moderate,0.0242168271395717,0.0560761823784462,0.9125,0.0,0.5125,194.8079848547136
3330615544,sharpness_aware,moderate,0.0238014520435996,0.0558824095922782,0.9275,0.0,0.5,194.6400372630461
1988057494,mse,moderate,0.0225213046570132,0.0508031255880227,0.9425,0.0,0.5025,195.4564768665084
1988057494,noise_aware,moderate,0.0223458094992145,0.0522359371180778,0.9425,0.0,0.535,197.11179503373356
1988057494,sharpness_aware,moderate,0.0243028894693517,0.0571958585538986,0.9225,0.0,0.5275,198.6642182513232
3738784048,mse,moderate,0.0245528491572907,0.0540758873757249,0.9125,0.0,0.515,193.192579379365
3738784048,noise_aware,moderate,0.0241703247695074,0.0596653434384064,0.93,0.0,0.515,191.80389547965927
3738784048,sharpness_aware,moderate,0.0242068509787004,0.0559241692190533,0.915,0.0,0.5175,193.23342760056363
2698257310,mse,moderate,0.0209437449699989,0.0458075697084365,0.9625,0.0,0.4975,193.66377800723123
2698257310,noise_aware,moderate,0.0208942232413187,0.0472642278379015,0.9625,0.0,0.5125,194.0302055476772
2698257310,sharpness_aware,moderate,0.0225191762243097,0.0516278076203529,0.945,0.0,0.4825,195.5346002911266
3145110617,mse,moderate,0.0265561393422919,0.0651675995595513,0.8825,0.0,0.5125,184.62769589384203
3145110617,noise_aware,moderate,0.0254233854063274,0.0629228367025599,0.9025,0.0,0.5275,183.56959970799116
3145110617,sharpness_aware,moderate,0.0252291398093524,0.0593218589052744,0.9,0.0,0.5375,184.67676142188
3839569303,mse,moderate,0.0240083217769417,0.0582744547893524,0.9275,0.0,0.515,182.89588837112623
3839569303,noise_aware,moderate,0.023413713669398,0.055937097752894,0.9225,0.0,0.51,185.7066873731229
3839569303,sharpness_aware,moderate,0.0253790656348129,0.0624364859758353,0.9,0.0,0.4975,186.47921349656224
1741795387,mse,moderate,0.0227774323168688,0.0532925617202045,0.9325,0.0,0.4975,197.5201072840708
1741795387,noise_aware,moderate,0.0228577511978555,0.051392028190525,0.9375,0.0,0.4975,193.71927693893173
1741795387,sharpness_aware,moderate,0.0233307476478068,0.0502444166459345,0.9475,0.0,0.4975,195.65628941101525
1008093370,mse,moderate,0.0239352860279832,0.0561578354847361,0.9275,0.0,0.52,191.54121359629127
1008093370,noise_aware,moderate,0.0257938634696169,0.0609521978823761,0.915,0.0,0.52,191.1857740156588
1008093370,sharpness_aware,moderate,0.0249617044604745,0.0580822514771115,0.9125,0.0,0.49,192.84572130379783
578984872,mse,moderate,0.0224623229098932,0.0502916860501317,0.945,0.0,0.5125,191.29377038002528
578984872,noise_aware,moderate,0.0218802339167458,0.0532783087959075,0.9275,0.0,0.52,188.06425619149184
578984872,sharpness_aware,moderate,0.024475905520833,0.0535755967382903,0.92,0.0,0.4975,190.22421721778173
2934542094,mse,moderate,0.0257758947561664,0.0581621939287871,0.9075,0.0,0.495,195.64367504553343
2934542094,noise_aware,moderate,0.0263978318991278,0.0586938347016762,0.89,0.0,0.5125,194.2440685484709
2934542094,sharpness_aware,moderate,0.0266503958499767,0.0626649891096823,0.875,0.0,0.5175,195.6083830636362
3187112867,mse,moderate,0.0261596958828497,0.0614002454247288,0.905,0.0,0.505,188.35251732531663
3187112867,noise_aware,moderate,0.0247743743638262,0.0568969178978879,0.91,0.0,0.5375,189.79838124654736
3187112867,sharpness_aware,moderate,0.0271889926416706,0.0612053274174972,0.8775,0.0,0.485,193.5831092101232
2389930833,mse,moderate,0.0241148531414865,0.0528494211218474,0.925,0.0,0.51,193.91561846459925
2389930833,noise_aware,moderate,0.0249838124079971,0.0565628285824451,0.905,0.0,0.545,193.5918774319456
2389930833,sharpness_aware,moderate,0.0261974420118228,0.0568098592462879,0.905,0.0,0.4975,195.8279882047833
1292274856,mse,moderate,0.0264514352933772,0.0604335717114723,0.915,0.0,0.5125,191.2693798349691
1292274856,noise_aware,moderate,0.0259109581184924,0.0615806908757801,0.8975,0.0,0.5075,188.50598700723648
1292274856,sharpness_aware,moderate,0.0270421075881479,0.058519213280453,0.8825,0.0,0.51,187.95677298355344
3203924750,mse,moderate,0.0219344307075022,0.0510860178119546,0.94,0.0,0.54,195.69295468694256
3203924750,noise_aware,moderate,0.0245442144972924,0.0585723216970912,0.9225,0.0,0.5,195.05066909735768
3203924750,sharpness_aware,moderate,0.024924277906474,0.0579357717290752,0.92,0.0,0.5375,196.42385288077168
2727536461,mse,moderate,0.023618896657836,0.0557397268512002,0.9275,0.0,0.525,197.6931479675345
2727536461,noise_aware,moderate,0.022605954447031,0.0489474067028048,0.9575,0.0,0.505,199.18114103601863
2727536461,sharpness_aware,moderate,0.0244844941757492,0.0572710690478986,0.9175,0.0,0.495,198.6605217960222
3436844845,mse,moderate,0.0226566928781252,0.0537234231663838,0.9325,0.0,0.515,190.3563996004476
3436844845,noise_aware,moderate,0.0219485631343778,0.0523325754394433,0.9375,0.0,0.5175,189.2930454064854
3436844845,sharpness_aware,moderate,0.0224127545602164,0.0519615545250731,0.9425,0.0,0.53,192.03860052406907
3389111171,mse,strong,0.0310432130672729,0.078123443511134,0.84,0.0,0.4575,194.00026755231437
3389111171,noise_aware,strong,0.0308983362205862,0.0754896112349068,0.835,0.0,0.4575,189.44598859234648
3389111171,sharpness_aware,strong,0.0378470767955553,0.0876822396920157,0.73,0.0025,0.445,196.86222189387703
3084139821,mse,strong,0.032879706747433,0.0791632267386001,0.7925,0.0,0.4475,192.18337139537832
3084139821,noise_aware,strong,0.0339713969372519,0.0853762007574722,0.775,0.0,0.43,191.1289928599801
3084139821,sharpness_aware,strong,0.0375598363572774,0.0942155514235421,0.745,0.0,0.4425,195.55167632556504
2042987557,mse,strong,0.0241098226702882,0.0617493321799796,0.91,0.0,0.5175,183.20902043534417
2042987557,noise_aware,strong,0.0235484388840151,0.0583534790699067,0.915,0.0,0.49,182.02086548610413
2042987557,sharpness_aware,strong,0.0268291773714243,0.0636510958139435,0.8775,0.0,0.4625,185.79248659608385
3002971205,mse,strong,0.0243432866919655,0.0603527561769537,0.8875,0.0,0.475,191.7911673868656
3002971205,noise_aware,strong,0.0307731319137435,0.0767869566321279,0.8125,0.0025,0.4625,188.93489397189444
3002971205,sharpness_aware,strong,0.0309998808607614,0.0760043890037316,0.8175,0.0025,0.475,194.5378781770874
4027510005,mse,strong,0.0360262749235482,0.087890252624852,0.78,0.0025,0.4325,195.794824726852
4027510005,noise_aware,strong,0.0309016650331023,0.0796373195538263,0.84,0.0025,0.45,190.93065989378485
4027510005,sharpness_aware,strong,0.028882431288487,0.0723841437016919,0.8575,0.0,0.465,196.4317735499322
2672624958,mse,strong,0.0394814951969896,0.0925918307455952,0.7225,0.0,0.44,195.23024663063592
2672624958,noise_aware,strong,0.0465884385045376,0.1038665709472718,0.6375,0.0,0.4025,197.03875219449012
2672624958,sharpness_aware,strong,0.0342802840712846,0.0775904203648628,0.7875,0.0,0.4375,195.75568614104407
2738655513,mse,strong,0.035007771966267,0.089312960612398,0.78,0.005,0.455,188.86803397712717
2738655513,noise_aware,strong,0.0339480112916415,0.0858737751441176,0.7825,0.0,0.4675,186.50818495424767
2738655513,sharpness_aware,strong,0.0380248552100667,0.0972890649393531,0.7475,0.0075,0.465,191.9302802685272
829092966,mse,strong,0.0335920179738561,0.0815417959801166,0.8,0.0,0.4425,185.40297504256927
829092966,noise_aware,strong,0.03030128921549,0.0736287059725935,0.845,0.0,0.4575,186.38407469483676
829092966,sharpness_aware,strong,0.0306974523450673,0.0761749714240972,0.815,0.0,0.47,189.9150097233949
2633362063,mse,strong,0.0295311981101243,0.0796958614986104,0.86,0.0,0.485,188.98652189044475
2633362063,noise_aware,strong,0.0289712257644706,0.068386900467453,0.8575,0.0,0.4625,185.7359293679118
2633362063,sharpness_aware,strong,0.0292283943798395,0.0761265693956481,0.8625,0.0,0.46,188.8147907026268
962559107,mse,strong,0.0296410893995148,0.0725008449882091,0.8375,0.0,0.47,191.12154797868263
962559107,noise_aware,strong,0.0363728347987849,0.0846207336180448,0.7625,0.0,0.48,192.96205166618927
962559107,sharpness_aware,strong,0.0364301121138165,0.0872913794761726,0.765,0.0,0.445,193.733256014402
1093805409,mse,strong,0.0284029150884097,0.0626668157426141,0.8625,0.0,0.47,191.9574885859842
1093805409,noise_aware,strong,0.0339525339952515,0.0787216600268995,0.795,0.0,0.465,189.92974956334743
1093805409,sharpness_aware,strong,0.0349549541566546,0.0864408989974562,0.77,0.0,0.465,197.0444041283556
962587854,mse,strong,0.0214992803105447,0.0509839992243911,0.9475,0.0,0.4975,187.68571429001375
962587854,noise_aware,strong,0.0216779759948163,0.0547306832800906,0.935,0.0025,0.4925,187.792509851882
962587854,sharpness_aware,strong,0.0246020619134826,0.0592715440276558,0.905,0.0,0.4675,191.7958233787297
860894674,mse,strong,0.0283621072212704,0.0713219818756493,0.87,0.0,0.475,195.201339865338
860894674,noise_aware,strong,0.0328886514356609,0.0739570766433383,0.78,0.0,0.435,197.56597599093797
860894674,sharpness_aware,strong,0.0330039545556966,0.0829363106131368,0.795,0.0,0.455,198.34319104264355
3655813037,mse,strong,0.0242324568569527,0.0611581246020887,0.8875,0.0,0.4775,195.1223635394283
3655813037,noise_aware,strong,0.0286994080817686,0.072724551285515,0.8525,0.0,0.4475,191.82132230856763
3655813037,sharpness_aware,strong,0.0366495499816646,0.0861888141101413,0.7725,0.0025,0.435,203.8433488238455
3584847826,mse,strong,0.0354186305255922,0.0901215029302829,0.765,0.0,0.4725,196.22919911758373
3584847826,noise_aware,strong,0.0352339803516264,0.0848212479733262,0.7625,0.0,0.4475,194.1137885153452
3584847826,sharpness_aware,strong,0.0358751827024789,0.0930964788111875,0.7725,0.0025,0.46,195.09542075606197
3191201105,mse,strong,0.0303798581841966,0.0700014327409702,0.855,0.0,0.4575,197.4987247527227
3191201105,noise_aware,strong,0.0372304193992335,0.0908254405001218,0.7325,0.0,0.465,199.89819083671816
3191201105,sharpness_aware,strong,0.0399677199988633,0.0965283544335193,0.695,0.0,0.455,200.0519968294478
2911101028,mse,strong,0.0311255134316069,0.0675199451227264,0.8225,0.0,0.44,188.04974085357247
2911101028,noise_aware,strong,0.0282729992288497,0.0694242979285988,0.865,0.0,0.4375,187.4362586417971
2911101028,sharpness_aware,strong,0.0285990159344518,0.0697796647893775,0.85,0.0,0.4275,189.74920714604403
1310972635,mse,strong,0.023342432726626,0.0607423529170404,0.89,0.0,0.455,186.7878177766206
1310972635,noise_aware,strong,0.0240862538081451,0.0598664026210829,0.915,0.0,0.5025,187.8473782630102
1310972635,sharpness_aware,strong,0.0328526163956834,0.0834740852014443,0.7825,0.0,0.46,190.370750574111
3628597686,mse,strong,0.0261839554799096,0.0627565930123155,0.8875,0.0,0.4575,187.6211045029536
3628597686,noise_aware,strong,0.0277761245351538,0.0669724727431695,0.8775,0.0,0.45,186.4008736073961
3628597686,sharpness_aware,strong,0.0297531408601398,0.0724284743058281,0.8525,0.0,0.4375,192.2232141911091
3381601262,mse,strong,0.0232744898107205,0.0554406940764732,0.9175,0.0,0.4675,184.60164529284836
3381601262,noise_aware,strong,0.0266257478248013,0.0630246387435466,0.89,0.0,0.4775,187.1819915791349
3381601262,sharpness_aware,strong,0.0345046760238934,0.0861602815789474,0.7875,0.0,0.45,188.84644974097048
3092867210,mse,strong,0.0277395094558436,0.0683021276294296,0.8575,0.0025,0.455,190.63404312669056
3092867210,noise_aware,strong,0.0308401413745068,0.0696562776584344,0.8275,0.0,0.4425,191.9136362919612
3092867210,sharpness_aware,strong,0.033707145714967,0.0754611441373201,0.7825,0.0025,0.4425,195.7857875097268
2622879300,mse,strong,0.0355064502136903,0.0817689472864246,0.77,0.0,0.5025,191.9692440339335
2622879300,noise_aware,strong,0.0383172164594167,0.0916531515522476,0.74,0.0,0.47,192.53023977791773
2622879300,sharpness_aware,strong,0.0355156714107272,0.0939584673780439,0.755,0.0025,0.4575,191.64841197497955
2937656991,mse,strong,0.0303954036604891,0.0733226637975204,0.835,0.0,0.4775,189.60875456329995
2937656991,noise_aware,strong,0.0365115393803581,0.0885954690026744,0.7525,0.0,0.4675,191.8485993750513
2937656991,sharpness_aware,strong,0.0351202271092875,0.0795029669371807,0.7875,0.0,0.455,194.8383372303224
1872448827,mse,strong,0.0227960161247111,0.0563311281417583,0.9175,0.0,0.465,187.94611024217735
1872448827,noise_aware,strong,0.0248854203211898,0.060775396932142,0.8975,0.0,0.445,191.03936202724907
1872448827,sharpness_aware,strong,0.0243370111488035,0.0601306003905275,0.92,0.0,0.4675,191.65434582475228
2027309548,mse,strong,0.0336014532718827,0.0755398033783143,0.7975,0.0,0.475,186.4747585125085
2027309548,noise_aware,strong,0.033122529816698,0.085274099092498,0.7825,0.0025,0.4725,184.99659575042156
2027309548,sharpness_aware,strong,0.0337380959259529,0.0815387971384049,0.785,0.0,0.4675,189.60313882880388
2136321268,mse,strong,0.0302766056331373,0.0771168012096912,0.83,0.0025,0.455,188.6008458243749
2136321268,noise_aware,strong,0.0297482113913654,0.0753524475417575,0.8475,0.0,0.48,189.2767400266377
2136321268,sharpness_aware,strong,0.0298804366432927,0.0764742219857943,0.8375,0.0,0.4775,191.6504548738293
3252490845,mse,strong,0.0215151053664362,0.0529424081926289,0.935,0.0,0.4875,188.90706081447792
3252490845,noise_aware,strong,0.026122211472513,0.0670006453440597,0.8725,0.0,0.4575,194.6317938153284
3252490845,sharpness_aware,strong,0.0229946717270602,0.0589055171514404,0.92,0.0,0.4575,193.13304443247665
3692477288,mse,strong,0.0354965077702179,0.0884653039757177,0.78,0.0,0.43,183.831508931322
3692477288,noise_aware,strong,0.0310483991718278,0.0723423318683034,0.84,0.0025,0.47,185.8978562366252
3692477288,sharpness_aware,strong,0.0338520232747502,0.0896087534564236,0.8,0.0,0.425,187.41495367835807
72726709,mse,strong,0.0356847557960691,0.0891521263438839,0.7525,0.0,0.425,191.4125266535689
72726709,noise_aware,strong,0.0308440049197336,0.0749385334308483,0.8225,0.0,0.445,190.22040356087425
72726709,sharpness_aware,strong,0.0330133479820397,0.0821661722243795,0.79,0.0,0.465,191.9354516966333
263809025,mse,strong,0.0378533601728156,0.0906460388896442,0.755,0.0,0.455,192.46848682062208
263809025,noise_aware,strong,0.0383351162670559,0.0833166093528598,0.75,0.0,0.45,193.50679315165485
263809025,sharpness_aware,strong,0.0446252995050414,0.111093671480904,0.695,0.0075,0.4425,195.5403222328766
388266878,mse,strong,0.0207934992136252,0.0502965799902929,0.945,0.0,0.48,184.3350878885385
388266878,noise_aware,strong,0.0262107924459869,0.0662904300454861,0.885,0.0,0.4775,184.7859925141813
388266878,sharpness_aware,strong,0.0293012265873605,0.0730709565552693,0.855,0.0,0.465,189.96297381913075
3805909048,mse,strong,0.032238901443287,0.0822426238109464,0.81,0.0,0.455,192.21193344485528
3805909048,noise_aware,strong,0.0326318131988153,0.0793529608236271,0.8175,0.0025,0.4675,197.7555103979793
3805909048,sharpness_aware,strong,0.0335223963025506,0.0802711320007162,0.81,0.0,0.455,196.23176699682364
3006661105,mse,strong,0.0249645323904135,0.062604745099099,0.88,0.0,0.43,189.83748169603436
3006661105,noise_aware,strong,0.0265042965180071,0.0664803814260763,0.8775,0.0,0.4475,186.83546383808925
3006661105,sharpness_aware,strong,0.0319690992302455,0.076493894286218,0.8075,0.0,0.4275,192.1287024032196
2400255462,mse,strong,0.0390956444785837,0.0992251173585162,0.7275,0.0,0.445,185.6610456909981
2400255462,noise_aware,strong,0.0396929735600596,0.0920440249272431,0.72,0.0025,0.435,185.74607234301428
2400255462,sharpness_aware,strong,0.0348891369289271,0.0878255216705098,0.7775,0.0,0.44,188.42184929112
1592815009,mse,strong,0.0225718032616822,0.0571731833984438,0.925,0.0,0.46,195.53186216587463
1592815009,noise_aware,strong,0.0232446857654407,0.0602164959396485,0.915,0.0,0.465,194.845625703703
1592815009,sharpness_aware,strong,0.0237819384322344,0.0604847672224343,0.9175,0.0,0.4625,197.92051945668211
616946658,mse,strong,0.0289452233773426,0.0748114325865785,0.85,0.0,0.4625,187.71838380912115
616946658,noise_aware,strong,0.0298713802038469,0.0757173509737507,0.84,0.0,0.475,189.55492937517403
616946658,sharpness_aware,strong,0.0284701569683785,0.07510289436091,0.86,0.0,0.4575,187.54365401088185
4125253457,mse,strong,0.0560410802139526,0.1306423805187555,0.5325,0.0025,0.42,191.25207484907875
4125253457,noise_aware,strong,0.0431754109038846,0.1053310850352448,0.6725,0.0,0.4175,185.97489604528488
4125253457,sharpness_aware,strong,0.0500857752485775,0.1229246960787121,0.595,0.0025,0.4125,189.4523639235436
1894299039,mse,strong,0.0326966887028615,0.0735518171354414,0.7925,0.0,0.44,188.6331437495246
1894299039,noise_aware,strong,0.0314644752670033,0.074551395538064,0.825,0.0,0.425,189.07787622014305
1894299039,sharpness_aware,strong,0.0332093062715672,0.0720030457217575,0.825,0.0,0.4075,191.07082638045028
1826657357,mse,strong,0.032342631628648,0.0787193140754137,0.815,0.0,0.44,192.7618385944718
1826657357,noise_aware,strong,0.0316445136053569,0.072123756739487,0.8275,0.0,0.4275,193.3975912548754
1826657357,sharpness_aware,strong,0.0276255240867099,0.0663780935527741,0.865,0.0,0.4475,189.9368839229423
3869760332,mse,strong,0.0255598344683045,0.0704795399014057,0.9,0.0,0.4825,177.91156755987225
3869760332,noise_aware,strong,0.0289773035744906,0.0756870978760554,0.85,0.0025,0.4375,176.09048784994502
3869760332,sharpness_aware,strong,0.0235499075411906,0.0563197588451285,0.9275,0.0,0.4775,177.6001167467686
3942096291,mse,strong,0.0254745656455982,0.0654479505418582,0.8825,0.0,0.4725,187.7266151636054
3942096291,noise_aware,strong,0.0294036369118134,0.0715803174860787,0.8325,0.0,0.49,185.6876213800072
3942096291,sharpness_aware,strong,0.0302681413167843,0.0859449539575773,0.8325,0.0,0.4725,188.7680027965263
4196962272,mse,strong,0.0269237233409983,0.062840563409426,0.8725,0.0,0.47,190.64371632788567
4196962272,noise_aware,strong,0.0347005568210044,0.0843646141973745,0.775,0.0,0.4375,191.37028582781423
4196962272,sharpness_aware,strong,0.0306290214984358,0.0707982153048704,0.835,0.0025,0.4525,191.8848685119355
650737436,mse,strong,0.0245943940216799,0.0671866298029961,0.9125,0.0,0.455,192.57985340871983
650737436,noise_aware,strong,0.0257667775781552,0.0641352076772337,0.8975,0.0,0.435,194.89854877312663
650737436,sharpness_aware,strong,0.0295073851604632,0.074870961983966,0.8675,0.0,0.445,197.734052022547
2765233509,mse,strong,0.0339121401022264,0.0817324479615697,0.7875,0.0,0.4625,184.9042079372859
2765233509,noise_aware,strong,0.034924996799116,0.0831452169766387,0.7875,0.0,0.4325,186.0724509854734
2765233509,sharpness_aware,strong,0.0327195049225358,0.080644577487357,0.8075,0.0,0.45,185.70596104869523
2648460118,mse,strong,0.0368414619078822,0.0922318912522137,0.7675,0.0,0.47,190.5571394318574
2648460118,noise_aware,strong,0.029682712643123,0.0698378209465829,0.8575,0.0,0.475,184.97661518591676
2648460118,sharpness_aware,strong,0.0345012166273648,0.093020805536867,0.7925,0.0,0.46,190.0849888885166
2721002355,mse,strong,0.029281183951785,0.0705775126824699,0.8525,0.0,0.495,189.22309392002228
2721002355,noise_aware,strong,0.0275753039856163,0.0647140102674386,0.8675,0.0,0.5,186.32511859597545
2721002355,sharpness_aware,strong,0.0348056071762169,0.0845188736672485,0.7925,0.0,0.44,193.18689712409997
1443607338,mse,strong,0.0344767442678739,0.0844411532911171,0.7975,0.0,0.43,193.6329230885961
1443607338,noise_aware,strong,0.0371180390746581,0.0839305308285966,0.7675,0.005,0.4525,196.21353324681195
1443607338,sharpness_aware,strong,0.0315479531821399,0.0754893050290852,0.83,0.0,0.475,195.1641600766953
3718361383,mse,strong,0.0226180941949545,0.0552868888288045,0.925,0.0,0.4375,191.88240988436525
3718361383,noise_aware,strong,0.0223733125380646,0.0524656047324479,0.9375,0.0,0.4725,189.04565650092223
3718361383,sharpness_aware,strong,0.0259060407385222,0.0612228353779467,0.89,0.0,0.4375,193.41363672311465
2813098644,mse,strong,0.042698402544693,0.1072867145841747,0.685,0.0,0.41,191.45454533135592
2813098644,noise_aware,strong,0.0407224163983799,0.1002525380720569,0.7025,0.0,0.43,187.357167402987
2813098644,sharpness_aware,strong,0.0380093976729305,0.0967982900744719,0.75,0.0,0.445,190.9748609196077
4226629241,mse,strong,0.0405558218062657,0.0961950196923982,0.71,0.0,0.4275,185.9722222302923
4226629241,noise_aware,strong,0.0330878962864611,0.0784184292084619,0.8125,0.0,0.48,188.0253133333805
4226629241,sharpness_aware,strong,0.0370529208639802,0.0914260672509448,0.765,0.0,0.44,188.7493940352288
1180688000,mse,strong,0.0261872644144735,0.0662532691591875,0.8875,0.0025,0.4475,183.1257264640966
1180688000,noise_aware,strong,0.0310175496937827,0.0747620031776102,0.8375,0.0,0.4525,180.87871388661736
1180688000,sharpness_aware,strong,0.0321180910887642,0.0772879289510416,0.81,0.0,0.435,189.68347378357265
2121584357,mse,strong,0.028517910548983,0.0694285673124739,0.8625,0.0,0.455,190.86727202148447
2121584357,noise_aware,strong,0.0298398454302418,0.0693768867611086,0.84,0.0,0.4475,190.3205889133115
2121584357,sharpness_aware,strong,0.0296681068484348,0.0769707817711777,0.825,0.0,0.465,193.1272045527465
724579447,mse,strong,0.0269289705865625,0.063346277393946,0.88,0.0,0.46,184.27660844608133
724579447,noise_aware,strong,0.0289689533632693,0.0668602371858958,0.8525,0.0,0.4675,186.08043343779667
724579447,sharpness_aware,strong,0.0316004695105194,0.0737694213568838,0.835,0.0025,0.485,190.32145593765344
1117812916,mse,strong,0.034119088392491,0.0812973158918163,0.7625,0.0,0.455,193.09585631210996
1117812916,noise_aware,strong,0.029754709402619,0.0722023153493269,0.8325,0.0,0.4425,194.16192455597076
1117812916,sharpness_aware,strong,0.0345702611915131,0.0825774143205144,0.78,0.0,0.4425,193.85804117122944
1530323167,mse,strong,0.0289936072987129,0.0740189454267665,0.8475,0.0,0.45,188.74637968956748
1530323167,noise_aware,strong,0.0294719482323931,0.075758840553942,0.865,0.0,0.465,185.68990113923783
1530323167,sharpness_aware,strong,0.031291240877882,0.0781102086288493,0.825,0.0,0.4425,188.43406789286257
1709400583,mse,strong,0.0233556999455743,0.0569079046949442,0.9175,0.0,0.4525,189.66995461722183
1709400583,noise_aware,strong,0.0249654783250577,0.0572375172516414,0.9175,0.0,0.47,188.8247240258788
1709400583,sharpness_aware,strong,0.0259968661977354,0.0598546898273434,0.8775,0.0,0.4625,188.9343024930601
1133912448,mse,strong,0.0227148172762962,0.0560093552728595,0.925,0.0,0.475,190.87958835922316
1133912448,noise_aware,strong,0.0261262811803046,0.0632505114650471,0.875,0.0,0.4575,194.8144008467321
1133912448,sharpness_aware,strong,0.0277436717878789,0.0683396079704099,0.875,0.0,0.455,195.4423261665232
3841604218,mse,strong,0.0379483896344352,0.0877879604513873,0.72,0.0,0.435,190.77981209377367
3841604218,noise_aware,strong,0.0315290641162791,0.0782514975944083,0.825,0.0,0.46,190.54333811945733
3841604218,sharpness_aware,strong,0.0344370320680682,0.0808676535666872,0.77,0.0,0.435,193.4789138807937
1476672215,mse,strong,0.034581400007374,0.0934536658918225,0.7725,0.0025,0.4575,193.25448618741905
1476672215,noise_aware,strong,0.0312102462940996,0.0705451785878374,0.8025,0.0,0.455,192.6774497568556
1476672215,sharpness_aware,strong,0.0368844504036716,0.0964675479657866,0.7725,0.0025,0.4525,192.48619730434783
884250997,mse,strong,0.0375253045850624,0.0892079881957065,0.75,0.0,0.435,189.2838650293452
884250997,noise_aware,strong,0.032403164010776,0.0786725827072742,0.8075,0.0,0.46,185.3148632815969
884250997,sharpness_aware,strong,0.0322543516389547,0.0730655019301819,0.8175,0.0,0.4375,187.05293425032735
1002348142,mse,strong,0.0291582561476604,0.0681818343424337,0.86,0.0,0.4675,186.1134135764738
1002348142,noise_aware,strong,0.031440405597482,0.0727657260455277,0.8275,0.0,0.44,187.7205133901749
1002348142,sharpness_aware,strong,0.0277648962881712,0.0711575479872084,0.865,0.0,0.4725,186.42060441718783
1627011397,mse,strong,0.0205012519280951,0.0495054921626988,0.9525,0.0,0.475,191.7994009816676
1627011397,noise_aware,strong,0.0211013089897776,0.0524415338851662,0.94,0.0,0.4725,187.0819532936612
1627011397,sharpness_aware,strong,0.0206967506091346,0.0488466953226369,0.955,0.0,0.4875,190.8735129752881
1076126967,mse,strong,0.0297549357905665,0.0824059424918668,0.8425,0.0,0.4675,185.4605505321305
1076126967,noise_aware,strong,0.0282714076701322,0.0692233805962964,0.8575,0.0,0.5025,182.963084769225
1076126967,sharpness_aware,strong,0.0276072840930499,0.0716340418236695,0.86,0.0,0.4975,188.2590401059744
923743962,mse,strong,0.0349830465511353,0.087434929288841,0.7775,0.0025,0.45,195.33775796043057
923743962,noise_aware,strong,0.0315135837898583,0.0688273767990051,0.8375,0.0,0.45,192.60981421030505
923743962,sharpness_aware,strong,0.0334577445168821,0.0766297571359663,0.7725,0.0,0.45,197.11558198615188
3894377936,mse,strong,0.0194886154016387,0.048556392868678,0.9525,0.0,0.4525,185.42017286324693
3894377936,noise_aware,strong,0.0226756780049188,0.0553489696861467,0.9175,0.0,0.4925,183.31906842798756
3894377936,sharpness_aware,strong,0.0258006348277723,0.064874238433069,0.8775,0.0,0.4775,189.71762685754183
1825409742,mse,strong,0.0249827299100975,0.0618442684540288,0.905,0.0,0.45,196.2639910983816
1825409742,noise_aware,strong,0.0276266785601821,0.0646925380417082,0.8875,0.0,0.4575,196.04302547280184
1825409742,sharpness_aware,strong,0.0282591099991164,0.068827052256557,0.88,0.0,0.47,198.55144719566584
907752744,mse,strong,0.0313621185758428,0.0739010750729228,0.8325,0.0,0.47,182.11626467204127
907752744,noise_aware,strong,0.030013499591275,0.0742068456491687,0.8425,0.0,0.4625,178.55990029515493
907752744,sharpness_aware,strong,0.0307227797917742,0.075964325928596,0.835,0.0,0.455,180.7400268845815
1662780807,mse,strong,0.0233324158027996,0.0576570270736948,0.92,0.0,0.4825,186.16651873097203
1662780807,noise_aware,strong,0.0249631238646933,0.0619304949419932,0.9,0.0,0.4525,187.8050863526219
1662780807,sharpness_aware,strong,0.0281013397305979,0.0641444441683483,0.86,0.0,0.47,188.7832348315072
2121423049,mse,strong,0.026096190074284,0.0659866286639605,0.88,0.0,0.48,190.7798345959544
2121423049,noise_aware,strong,0.0285684071568735,0.0665906564678459,0.85,0.0,0.475,189.7834373543309
2121423049,sharpness_aware,strong,0.0280205056705896,0.0657669782726998,0.86,0.0,0.4825,190.7168560918476
3968988679,mse,strong,0.0310118901736617,0.0809666347167396,0.8275,0.0,0.485,192.77043560857305
3968988679,noise_aware,strong,0.0347614036314742,0.0837351373990127,0.78,0.0,0.455,193.76234985823703
3968988679,sharpness_aware,strong,0.029841758998162,0.0756023257055007,0.8525,0.0,0.4875,191.006254347966
1493249476,mse,strong,0.0303137623986075,0.0757075275936238,0.82,0.0,0.44,187.78928864935835
1493249476,noise_aware,strong,0.0304515306369652,0.0766504827870213,0.8025,0.0,0.445,188.44376905825413
1493249476,sharpness_aware,strong,0.0329574512150338,0.0799102304281687,0.795,0.0,0.4375,193.017473300855
1567049265,mse,strong,0.0260778114848384,0.0646473068433214,0.905,0.0,0.4725,185.6832961249256
1567049265,noise_aware,strong,0.0248273220019229,0.0677940799665435,0.9025,0.0,0.44,185.79768393410404
1567049265,sharpness_aware,strong,0.0265696190360403,0.0676320279483348,0.8925,0.0,0.4775,184.4830018555537
1443871119,mse,strong,0.0332914618143312,0.0794132690028049,0.81,0.0,0.47,192.0030734028196
1443871119,noise_aware,strong,0.0299706936874606,0.0738299981166109,0.8525,0.0,0.475,192.46860415550725
1443871119,sharpness_aware,strong,0.0327726143286192,0.0836481351326911,0.805,0.0,0.4825,189.33645446129609
207789827,mse,strong,0.0250412919210227,0.0628609816161846,0.905,0.0,0.485,191.97767489214823
207789827,noise_aware,strong,0.0266765551310346,0.0656007309244457,0.875,0.0,0.4675,189.38415807869248
207789827,sharpness_aware,strong,0.0269587671114253,0.0651185644584399,0.89,0.0,0.48,191.9985090613881
2665534169,mse,strong,0.0304140025409483,0.0726064241424088,0.8425,0.0,0.4875,184.68501529213967
2665534169,noise_aware,strong,0.0301114994125793,0.0724449287050696,0.845,0.0,0.4825,184.30149844547415
2665534169,sharpness_aware,strong,0.0299459173108032,0.0728280190713887,0.84,0.0,0.4875,186.76875886369265
3207734048,mse,strong,0.028601520898419,0.071562332958871,0.8675,0.0,0.49,185.8600392639025
3207734048,noise_aware,strong,0.0279686397400197,0.0693818797694397,0.865,0.0,0.49,186.50239866601817
3207734048,sharpness_aware,strong,0.0282673268714065,0.0728867137207076,0.8725,0.0,0.465,188.69648812686404
659579441,mse,strong,0.0269449538333415,0.0661888966125821,0.86,0.0,0.46,184.31205640862663
659579441,noise_aware,strong,0.0230806903785604,0.0578190480317899,0.9225,0.0,0.48,182.85592756329228
659579441,sharpness_aware,strong,0.0270688216951803,0.0619105295909906,0.8825,0.0,0.44,184.93555496418756
1831990360,mse,strong,0.029897474448767,0.0695278721677966,0.8475,0.0,0.445,185.57919816471295
1831990360,noise_aware,strong,0.0298351991575759,0.0735130593213082,0.835,0.0,0.4675,182.4236212023369
1831990360,sharpness_aware,strong,0.0273399455283151,0.0665699099738506,0.8625,0.0,0.49,183.6595562443075
575250115,mse,strong,0.0252724330489271,0.0612814931736377,0.8975,0.0,0.475,181.64313615942888
575250115,noise_aware,strong,0.0236016035991324,0.0594739532503686,0.9125,0.0,0.4825,178.12911458083695
575250115,sharpness_aware,strong,0.0318601136543243,0.0822362425674463,0.815,0.0,0.4625,185.0675504801268
3743157485,mse,strong,0.0282351339950513,0.0749920168498195,0.855,0.0,0.465,186.3904559443432
3743157485,noise_aware,strong,0.0282783456251496,0.072924908162592,0.8725,0.0,0.48,181.8408828240402
3743157485,sharpness_aware,strong,0.0317775951664324,0.0863383762109935,0.845,0.0,0.4475,187.45581488477205
1796461005,mse,strong,0.0318371968130114,0.0816379252797486,0.815,0.0,0.4475,191.0495766725727
1796461005,noise_aware,strong,0.0303362296028933,0.0781371890326096,0.825,0.0,0.4525,188.82526756562044
1796461005,sharpness_aware,strong,0.0378505192689374,0.0918257839502106,0.76,0.0025,0.465,197.34667465672052
4057262831,mse,strong,0.0314309776323493,0.0752142076373494,0.81,0.0,0.465,189.1112377949933
4057262831,noise_aware,strong,0.0318868791528334,0.0743462541296037,0.815,0.0,0.445,185.7235102286932
4057262831,sharpness_aware,strong,0.0323495629954574,0.0841999930481105,0.8125,0.0,0.4425,186.2480454107617
3530410642,mse,strong,0.0230876114277577,0.0565220566565725,0.925,0.0,0.4725,185.74852193703163
3530410642,noise_aware,strong,0.0248563854590674,0.0613505823098102,0.8925,0.0,0.4725,181.6840160375272
3530410642,sharpness_aware,strong,0.0253562598556361,0.0611442753897123,0.8775,0.0,0.4525,189.0065350070432
668701307,mse,strong,0.029079834057739,0.0666576049485157,0.8525,0.0,0.505,192.02806077356053
668701307,noise_aware,strong,0.0312472233275531,0.0690817930199677,0.8175,0.0,0.4775,188.87640858442356
668701307,sharpness_aware,strong,0.0366809450868952,0.0849653506012507,0.7475,0.0,0.48,194.8245589602756
2440047106,mse,strong,0.0256391513482718,0.0671538789485021,0.8875,0.0,0.4675,194.14445375837863
2440047106,noise_aware,strong,0.0272150991073843,0.070843132399836,0.8725,0.0,0.465,192.13851538421545
2440047106,sharpness_aware,strong,0.0319736234168212,0.0802330376533081,0.805,0.0,0.4275,198.1649193282293
3736759803,mse,strong,0.036595266565496,0.0920915692067414,0.7725,0.0075,0.435,189.7576695593077
3736759803,noise_aware,strong,0.0331711218074112,0.0793714831580221,0.8025,0.0025,0.44,192.8346842075739
3736759803,sharpness_aware,strong,0.0309177061861752,0.0820415582996841,0.83,0.0,0.4625,193.1547520421525
15234333,mse,strong,0.0271883333889059,0.0674616517981365,0.865,0.0,0.47,186.33858568052472
15234333,noise_aware,strong,0.0272374318913365,0.0660476636427294,0.8925,0.0,0.4575,182.16160680552315
15234333,sharpness_aware,strong,0.0281669561916057,0.0652795393010723,0.8625,0.0,0.475,188.41767376497089
667584176,mse,strong,0.0261292299485312,0.060175064719308,0.895,0.0,0.48,189.39093520967785
667584176,noise_aware,strong,0.0292903797145078,0.0691433870149781,0.855,0.0,0.4625,186.49310808087031
667584176,sharpness_aware,strong,0.0287271808443574,0.0692775698581224,0.86,0.0,0.47,186.24401408659963
4066184225,mse,strong,0.0364913949302364,0.0896499142051074,0.7625,0.0,0.4575,190.5242463400373
4066184225,noise_aware,strong,0.0325114774906851,0.0809256963117545,0.81,0.0,0.4625,187.7258529177152
4066184225,sharpness_aware,strong,0.0304026066297981,0.0793201258226109,0.845,0.0,0.4825,190.41910171199015
1886451804,mse,strong,0.029672070999973,0.0709304749871829,0.85,0.0,0.4425,191.5701523887796
1886451804,noise_aware,strong,0.0293282422520212,0.0705543528599713,0.85,0.0,0.4375,193.93747774314164
1886451804,sharpness_aware,strong,0.0298377665050191,0.0778261599897583,0.8375,0.0,0.45,194.11207967804413
2272934004,mse,strong,0.0221190581293366,0.0548298792297262,0.935,0.0,0.455,194.26019838694805
2272934004,noise_aware,strong,0.0197941286533128,0.0473909953821239,0.9525,0.0,0.505,188.7647974512333
2272934004,sharpness_aware,strong,0.02398604279295,0.0599570989494498,0.9125,0.0,0.455,193.7159595621636
938779823,mse,strong,0.0342076922353728,0.0855945546921506,0.7825,0.0,0.435,184.03374942757165
938779823,noise_aware,strong,0.0355562861132419,0.0890214806061609,0.765,0.0,0.4475,184.6426840518588
938779823,sharpness_aware,strong,0.0377921040994914,0.0963517806079015,0.75,0.005,0.4575,187.64997018162225
2703660895,mse,strong,0.03560606442253,0.0928988022374045,0.7675,0.0,0.4775,188.8415493779137
2703660895,noise_aware,strong,0.0328292721979333,0.0793372558892793,0.7925,0.0,0.4775,186.45307353734307
2703660895,sharpness_aware,strong,0.0375113552207223,0.097599850318621,0.7375,0.0,0.4475,193.10139810947587
2525182596,mse,strong,0.033908521086768,0.0799343665175284,0.8,0.0,0.4475,182.7475122875589
2525182596,noise_aware,strong,0.0362656959417201,0.0854419627089702,0.7575,0.0025,0.45,186.3291949092092
2525182596,sharpness_aware,strong,0.0320397024847046,0.0762304447883235,0.81,0.0,0.4425,183.59073250823852
4018511418,mse,strong,0.0345707692358495,0.0779763463904271,0.79,0.0,0.46,192.61794922922556
4018511418,noise_aware,strong,0.0302578250750239,0.0737670723974027,0.835,0.0,0.485,190.28234233267423
4018511418,sharpness_aware,strong,0.0284765295260926,0.07416845716392,0.8575,0.0,0.515,189.5523995142672
1772851305,mse,strong,0.0309887199729544,0.0817320785911207,0.8325,0.0,0.455,187.21423767744568
1772851305,noise_aware,strong,0.0278866906682444,0.0666199576386949,0.87,0.0,0.465,189.8753350305792
1772851305,sharpness_aware,strong,0.0308415284982114,0.0792828516547832,0.835,0.0,0.4575,194.104722487458
2235246993,mse,strong,0.0495601709386665,0.1124673150604335,0.58,0.0025,0.4375,191.41563646607736
2235246993,noise_aware,strong,0.0399952607186093,0.1004950405725482,0.685,0.0,0.48,188.8350738216517
2235246993,sharpness_aware,strong,0.0457328001320129,0.1082913284282227,0.645,0.005,0.4575,190.6021201848903
2430720536,mse,strong,0.030115707107827,0.0726905611267235,0.84,0.0,0.4625,192.44243085859847
2430720536,noise_aware,strong,0.0286427963211454,0.0698965763357545,0.85,0.0,0.48,191.53359543442903
2430720536,sharpness_aware,strong,0.0291186465113096,0.0719393020032824,0.8475,0.0,0.4725,194.98330476946887
628175963,mse,strong,0.0263162767329575,0.0598897104074651,0.8925,0.0,0.48,192.96934968747036
628175963,noise_aware,strong,0.0262938640435017,0.0638371707197798,0.8875,0.0,0.4675,187.93721243527293
628175963,sharpness_aware,strong,0.0285434334445736,0.0737921352487301,0.8575,0.0,0.455,191.1965234250229
299474548,mse,strong,0.0264403688832112,0.0638048863513986,0.89,0.0,0.4575,190.57910455204063
299474548,noise_aware,strong,0.033190553295183,0.0804465731442331,0.8025,0.0,0.4325,194.90474834356684
299474548,sharpness_aware,strong,0.0328667608173958,0.0796938074218339,0.7975,0.0,0.455,195.1380223086372
1273168757,mse,strong,0.0231065083902959,0.0585864958751703,0.9075,0.0,0.4525,184.10492012418604
1273168757,noise_aware,strong,0.0242560217628607,0.0610802751566867,0.905,0.0,0.495,183.32146270977108
1273168757,sharpness_aware,strong,0.028400277826877,0.0688316517313632,0.8825,0.0,0.495,182.65297494259977
273733572,mse,strong,0.0323021107619964,0.0731835143163349,0.7825,0.0,0.45,192.8281562369421
273733572,noise_aware,strong,0.0286075599375738,0.0681930639309045,0.8475,0.0,0.4425,193.27122582018836
273733572,sharpness_aware,strong,0.0315821408905675,0.0847575296704929,0.8125,0.0,0.45,195.06634993788123
3144435095,mse,strong,0.0305365255386335,0.068203663402089,0.835,0.0,0.485,188.86163412548763
3144435095,noise_aware,strong,0.0312099963006329,0.0759336835033577,0.855,0.0,0.4825,192.76517189385936
3144435095,sharpness_aware,strong,0.032460764649294,0.0824990484118796,0.82,0.0,0.475,194.81973573581595
2633701326,mse,strong,0.0352516228720551,0.089041551481767,0.7725,0.0,0.4725,193.8033537940749
2633701326,noise_aware,strong,0.0340192545647284,0.0807451373567272,0.78,0.0025,0.4575,193.8815264715101
2633701326,sharpness_aware,strong,0.0371638960967807,0.0881358524916939,0.7525,0.0025,0.46,200.07280961430052
4211238376,mse,strong,0.0291381859164124,0.0717171930982806,0.8525,0.0,0.43,200.2286084324798
4211238376,noise_aware,strong,0.0337100484493141,0.0785413310652718,0.8,0.0,0.445,196.59763722989788
4211238376,sharpness_aware,strong,0.0328360464759687,0.0730519702474673,0.7925,0.0,0.4475,198.7200154557245
1111838367,mse,strong,0.0234873502028455,0.0535641228275368,0.9225,0.0,0.465,193.0919133689712
1111838367,noise_aware,strong,0.0249937252109921,0.0616222510962857,0.8925,0.0,0.445,191.49670268291084
1111838367,sharpness_aware,strong,0.0277819901050388,0.0688815802996405,0.88,0.0,0.4625,195.88240709511297
3524972486,mse,strong,0.0273594224220499,0.0659672635829399,0.8825,0.0,0.4775,197.5362316267599
3524972486,noise_aware,strong,0.0314422571703007,0.0774899308657175,0.83,0.0,0.435,200.47897128056547
3524972486,sharpness_aware,strong,0.0253070932030856,0.0619805651979069,0.905,0.0,0.4575,196.04604641149984
3560542704,mse,strong,0.0256048827720595,0.0633704367349116,0.89,0.0,0.5175,189.784271955442
3560542704,noise_aware,strong,0.0316025367657981,0.0786913987501395,0.805,0.0,0.48,189.448685427117
3560542704,sharpness_aware,strong,0.0259759244013395,0.0639426574125746,0.8875,0.0,0.4475,189.9555587843603
3731969181,mse,strong,0.0295356582583093,0.0786272081664992,0.845,0.0,0.49,191.8154822803756
3731969181,noise_aware,strong,0.0266591538235807,0.0685125628400154,0.8725,0.0,0.505,189.74429954429525
3731969181,sharpness_aware,strong,0.0269733596406483,0.0680961519288529,0.8725,0.0,0.4875,191.02948141017004
1211268588,mse,strong,0.0260876102266337,0.0657379871198433,0.8875,0.0,0.455,178.1581197013025
1211268588,noise_aware,strong,0.0294589940958079,0.0729216500069151,0.835,0.0,0.45,179.54142120573425
1211268588,sharpness_aware,strong,0.0298129271411563,0.0707099551786973,0.845,0.0,0.44,180.07074173153603
592709181,mse,strong,0.0354540029573849,0.0854194452581278,0.785,0.0025,0.4575,192.25773286386575
592709181,noise_aware,strong,0.0305692249568614,0.0770184990889295,0.82,0.0,0.4775,187.46759057704168
592709181,sharpness_aware,strong,0.037600068129353,0.09634465556569,0.75,0.005,0.435,188.89880878408803
1007944539,mse,strong,0.0284429777631704,0.0699318521630388,0.85,0.0,0.445,196.46558525727332
1007944539,noise_aware,strong,0.0261167987098969,0.0712438543269115,0.88,0.0,0.445,190.0002854659887
1007944539,sharpness_aware,strong,0.0327986263479856,0.0779607168591281,0.815,0.0,0.42,196.982582036418
2619667409,mse,strong,0.0323066745356142,0.0739406191397718,0.795,0.0,0.46,189.556823772421
2619667409,noise_aware,strong,0.0313734105184174,0.0723090286599785,0.8125,0.0,0.455,186.54170786533135
2619667409,sharpness_aware,strong,0.0316398130888742,0.0779350527509507,0.8125,0.0,0.4625,187.11711442498336
1380973866,mse,strong,0.0307381341407229,0.0748306478830885,0.805,0.0,0.4775,189.2286280595883
1380973866,noise_aware,strong,0.0292218686503339,0.0725081779842224,0.8475,0.0,0.46,189.2189164998479
1380973866,sharpness_aware,strong,0.0319087844190244,0.0796176327884717,0.8125,0.0,0.47,194.1325041038622
2991984838,mse,strong,0.0314887213667096,0.0787499643251143,0.805,0.0,0.4675,188.05893728585696
2991984838,noise_aware,strong,0.0302084672997383,0.081798670828534,0.8275,0.0,0.48,189.85994232343864
2991984838,sharpness_aware,strong,0.0307428305951099,0.0785524977536613,0.8275,0.0,0.4675,189.98742626429885
3888342105,mse,strong,0.02599572124345,0.064883010347465,0.8775,0.0,0.4825,192.1301624559199
3888342105,noise_aware,strong,0.0274752448955946,0.0685096102361381,0.8675,0.0,0.4575,184.89023852983556
3888342105,sharpness_aware,strong,0.0295482687411665,0.0728159721512377,0.84,0.0,0.47,191.94730396990013
961152600,mse,strong,0.0298650558379358,0.0782753802522628,0.845,0.0,0.445,188.7758179617921
961152600,noise_aware,strong,0.0307718061422148,0.0770193452329363,0.8225,0.0,0.4525,184.2142731627239
961152600,sharpness_aware,strong,0.0387769062996072,0.0942133811153285,0.7125,0.0,0.43,192.73200237557137
1122170712,mse,strong,0.0346949147879867,0.0871745407681545,0.7625,0.0,0.44,187.43328342834712
1122170712,noise_aware,strong,0.0313616176336919,0.0784861775003159,0.815,0.0,0.465,186.22373538585327
1122170712,sharpness_aware,strong,0.029285592383318,0.0758382392313323,0.84,0.0,0.465,188.6404313374377
869103479,mse,strong,0.0228025151435874,0.0527644118852352,0.9375,0.0,0.4425,194.61456845502963
869103479,noise_aware,strong,0.0241247306800151,0.0568826850183649,0.915,0.0,0.4525,194.54138248421827
869103479,sharpness_aware,strong,0.0223753433366104,0.0562466675836578,0.935,0.0,0.45,195.59639873228755
3388555971,mse,strong,0.0317752925171379,0.0758426717103918,0.8025,0.0,0.4475,189.9482154862092
3388555971,noise_aware,strong,0.0303719923777829,0.0742593772394853,0.825,0.0,0.4275,190.01079629255813
3388555971,sharpness_aware,strong,0.0293164021412421,0.0697091870313017,0.8325,0.0,0.46,191.94146986352277
665427334,mse,strong,0.025216255512758,0.0631891766994144,0.895,0.0,0.495,192.76733110140185
665427334,noise_aware,strong,0.0266994666882517,0.0685517260794914,0.8825,0.0,0.4675,191.0772799749653
665427334,sharpness_aware,strong,0.0326602683541523,0.0804842770555156,0.815,0.0,0.4575,192.54371194994167
3359940053,mse,strong,0.0277876126886402,0.0647340121661755,0.8575,0.0,0.465,195.77056534919197
3359940053,noise_aware,strong,0.0274634112422647,0.0648513378477629,0.87,0.0,0.4625,195.20422543625253
3359940053,sharpness_aware,strong,0.0286762725744732,0.0716967480642943,0.865,0.0,0.4475,196.5014522314909
3768241039,mse,strong,0.0253547161140357,0.0606364254692282,0.9025,0.0,0.4575,180.310447388395
3768241039,noise_aware,strong,0.0313271354657927,0.0734721091076039,0.8275,0.0,0.4525,182.96832520325563
3768241039,sharpness_aware,strong,0.0255909191940951,0.0627419052441388,0.895,0.0,0.48,182.50653531441264
615465185,mse,strong,0.0232897038771184,0.0540020713613622,0.935,0.0,0.465,188.85405204628628
615465185,noise_aware,strong,0.0271826173774153,0.0668765581135628,0.86,0.0,0.475,191.8303606897933
615465185,sharpness_aware,strong,0.0247421860057566,0.0625502148648814,0.9,0.0,0.48,193.4262279113547
4062591317,mse,strong,0.0348442837704215,0.0813115946869544,0.7875,0.0,0.4475,192.63347080014069
4062591317,noise_aware,strong,0.0297279893361391,0.0724216201841411,0.8475,0.0,0.485,188.45894381690505
4062591317,sharpness_aware,strong,0.0381358837231114,0.08865321394726,0.7475,0.0,0.435,193.12345774660207
2237893018,mse,strong,0.034251973980875,0.0898180667310278,0.795,0.0,0.4375,178.5791322850263
2237893018,noise_aware,strong,0.0345655157807685,0.0839029347221513,0.7475,0.0,0.4525,179.70012352815684
2237893018,sharpness_aware,strong,0.0311044793598959,0.0850957013572932,0.8375,0.0025,0.4575,180.96135971687167
3266084952,mse,strong,0.0363618744875707,0.0898682443254739,0.7775,0.0,0.475,188.68400442033555
3266084952,noise_aware,strong,0.0309038818183587,0.0759268203671805,0.85,0.0,0.48,188.8474097032284
3266084952,sharpness_aware,strong,0.0404203198303896,0.0967134352125946,0.6975,0.0,0.47,192.29524941161796
1411004866,mse,strong,0.0264286296438417,0.0622416300777318,0.885,0.0,0.4275,191.5410122575974
1411004866,noise_aware,strong,0.0267065176976585,0.061693919306371,0.88,0.0,0.445,194.46426879133168
1411004866,sharpness_aware,strong,0.0292480595576568,0.0728599252813885,0.855,0.0,0.4375,191.5470612190232
720401177,mse,strong,0.0226222008335737,0.061418710952467,0.9175,0.0,0.4575,186.40390771830704
720401177,noise_aware,strong,0.0248453291707653,0.0639027130532014,0.89,0.0,0.475,186.2520965028471
720401177,sharpness_aware,strong,0.0219398622469687,0.0572625211196787,0.92,0.0,0.48,187.33791802485632
842612503,mse,strong,0.0268572284043031,0.062680038625694,0.875,0.0,0.48,183.84402751848813
842612503,noise_aware,strong,0.0297896536688877,0.0703819439467178,0.8425,0.0,0.445,182.5166658730872
842612503,sharpness_aware,strong,0.0316562104288323,0.0777559137742949,0.805,0.0,0.4625,186.4702725512589
333431731,mse,strong,0.033471461662824,0.0835337421315733,0.8125,0.0,0.485,185.21422530416137
333431731,noise_aware,strong,0.0342030213649018,0.0831774470890452,0.79,0.0,0.4725,185.82177045795436
333431731,sharpness_aware,strong,0.0359382686438551,0.0935420252655523,0.7825,0.0075,0.475,188.9233647690394
1545097157,mse,strong,0.0300501738360911,0.0741367174111889,0.83,0.0,0.4375,191.4928627743424
1545097157,noise_aware,strong,0.0344745480092709,0.0893215546677041,0.78,0.0025,0.435,193.31217805376315
1545097157,sharpness_aware,strong,0.0272326553492553,0.0653938277165089,0.8725,0.0,0.4575,189.38379900189747
1736380347,mse,strong,0.0404047496818287,0.0961047792941369,0.7175,0.0,0.42,195.16002221068908
1736380347,noise_aware,strong,0.0376760396334433,0.0852540583706426,0.7525,0.0,0.425,189.9919183400848
1736380347,sharpness_aware,strong,0.0339800436037537,0.0822591919400484,0.7875,0.0,0.4625,196.83177033845948
1586847244,mse,strong,0.0262799482833958,0.0680037270381097,0.885,0.0,0.4625,194.37912736133768
1586847244,noise_aware,strong,0.0253948738975856,0.0634271239276623,0.9025,0.0,0.45,192.08208902385024
1586847244,sharpness_aware,strong,0.0304716633414668,0.0813020808377848,0.855,0.0,0.465,194.1269913150035
1355937599,mse,strong,0.0260048837203427,0.06243539095845,0.8975,0.0,0.4625,184.52591297790303
1355937599,noise_aware,strong,0.0265318036331074,0.0653894468073694,0.885,0.0,0.4625,182.74401512501947
1355937599,sharpness_aware,strong,0.0320538138184034,0.0785855343481218,0.825,0.0,0.4475,191.2238694135033
4003953246,mse,strong,0.0214243518076527,0.0499813898078211,0.95,0.0,0.47,190.8038398705794
4003953246,noise_aware,strong,0.0253162627052427,0.0612206895254088,0.8925,0.0,0.47,189.59111021502363
4003953246,sharpness_aware,strong,0.0322139074322384,0.0790657912478065,0.8025,0.0,0.4425,191.8525856777423
2574173112,mse,strong,0.0248079374315439,0.0587556127808299,0.91,0.0,0.4525,183.63353643823555
2574173112,noise_aware,strong,0.0227606496011146,0.0566511701270921,0.9275,0.0,0.46,184.0728131868256
2574173112,sharpness_aware,strong,0.0307669961165685,0.0755332264338493,0.835,0.0,0.4175,189.39319719547825
663250219,mse,strong,0.0403738980148448,0.0943068733136738,0.7175,0.005,0.4575,180.00587591851323
663250219,noise_aware,strong,0.0386017740633502,0.099562018449779,0.74,0.0,0.4475,180.579031291176
663250219,sharpness_aware,strong,0.0451668088935197,0.1196082872824356,0.665,0.0,0.44,182.42192047008947
1981101797,mse,strong,0.0368242754211178,0.0891858023835627,0.7475,0.0025,0.4525,192.3347062292348
1981101797,noise_aware,strong,0.0312655122639729,0.0751292067524688,0.8225,0.0,0.455,192.9086415651145
1981101797,sharpness_aware,strong,0.0361318665115909,0.0860999987100468,0.7575,0.0025,0.4525,194.67656446248327
1848209715,mse,strong,0.0315421220745177,0.0819929460705228,0.815,0.0,0.4875,190.57401006347956
1848209715,noise_aware,strong,0.0273384048779202,0.0699352564127699,0.86,0.0,0.46,188.35178351666724
1848209715,sharpness_aware,strong,0.0261908294821282,0.0709794932936931,0.88,0.0,0.48,188.55541039278165
4012012906,mse,strong,0.0276396268654938,0.0677847038188974,0.8525,0.0,0.475,189.80760657474107
4012012906,noise_aware,strong,0.0299174106197906,0.0721763190752818,0.84,0.0,0.49,187.38430587928167
4012012906,sharpness_aware,strong,0.0252484233536028,0.0681351403289515,0.89,0.0,0.5025,185.5118222601527
2066889296,mse,strong,0.0220762256204491,0.0547025235823289,0.9225,0.0,0.47,178.58916135628584
2066889296,noise_aware,strong,0.0227472661750809,0.0578860434014544,0.915,0.0,0.5125,178.17708252065444
2066889296,sharpness_aware,strong,0.0237228401174356,0.0573589642371124,0.9225,0.0,0.5175,178.45269019838673
2839013476,mse,strong,0.0394879971522147,0.0936907713351711,0.7125,0.0025,0.45,194.2683900771802
2839013476,noise_aware,strong,0.0353490191955298,0.0823537025391591,0.8075,0.0,0.455,189.43583650974185
2839013476,sharpness_aware,strong,0.0367180052543361,0.0883634674942655,0.7625,0.0025,0.47,195.21690182752377
4045268861,mse,strong,0.0461168407937077,0.1061043288376998,0.645,0.0,0.435,190.57666801388515
4045268861,noise_aware,strong,0.0339712178353039,0.0775281535859434,0.785,0.0,0.4225,186.93112562233424
4045268861,sharpness_aware,strong,0.0326829797333805,0.0786398911296193,0.81,0.0,0.465,190.03217152973272
4008157811,mse,strong,0.0315210207999443,0.0726070621429947,0.7975,0.0,0.4675,190.459378920724
4008157811,noise_aware,strong,0.0276245669400025,0.0626265191676114,0.885,0.0,0.5125,187.4890328755884
4008157811,sharpness_aware,strong,0.0277550039769612,0.0682113951775406,0.865,0.0,0.465,188.99067550899517
2637445221,mse,strong,0.0370455861661034,0.0918940877042715,0.765,0.0025,0.4175,189.69926303592715
2637445221,noise_aware,strong,0.0373074764305574,0.0909056763897687,0.7675,0.0,0.4475,187.54637051863648
2637445221,sharpness_aware,strong,0.0390053997431184,0.0922043041510483,0.7225,0.0025,0.435,192.4585254743844
1688535857,mse,strong,0.0251542604735555,0.0607458427059042,0.905,0.0,0.4975,190.5244602947868
1688535857,noise_aware,strong,0.0221475212783268,0.0540481261940439,0.93,0.0,0.51,189.48512973495477
1688535857,sharpness_aware,strong,0.0237678770943839,0.0604376937192942,0.905,0.0,0.495,189.1481565722721
839215811,mse,strong,0.025773602669532,0.0642120198406733,0.875,0.0,0.4725,186.22095364557987
839215811,noise_aware,strong,0.0260436674832123,0.0671529587219979,0.885,0.0,0.4675,187.61483815315367
839215811,sharpness_aware,strong,0.0277123997981018,0.0689572717283422,0.8625,0.0,0.4625,190.77879995474635
1500849119,mse,strong,0.0367631604772164,0.0871640494306511,0.7475,0.0,0.4475,193.93051207774647
1500849119,noise_aware,strong,0.0315286577873012,0.0738752307989348,0.8175,0.0,0.4525,192.16900389826907
1500849119,sharpness_aware,strong,0.0369176057471124,0.0866558766914123,0.7375,0.0,0.4475,192.82755243756733
3668171989,mse,strong,0.0230883531076632,0.0556876492683969,0.925,0.0,0.475,194.79749109020747
3668171989,noise_aware,strong,0.023579795063793,0.0594849637878762,0.9175,0.0,0.45,194.96597978788807
3668171989,sharpness_aware,strong,0.0317764711810915,0.0712573836884961,0.825,0.0,0.4475,202.9961653108707
1828316838,mse,strong,0.0340691951259273,0.0856591174508357,0.7925,0.0025,0.47,190.19360571281587
1828316838,noise_aware,strong,0.0351963067084512,0.080875822590748,0.78,0.0025,0.4525,190.47642387615943
1828316838,sharpness_aware,strong,0.0332026268090879,0.0855281464727363,0.7875,0.0025,0.48,192.55278763208509
677763140,mse,strong,0.0276659605469403,0.0688139871327523,0.8625,0.0,0.4475,187.5350120741432
677763140,noise_aware,strong,0.0271315088656259,0.0583123241024547,0.8775,0.0,0.4425,186.98347216278611
677763140,sharpness_aware,strong,0.0262417358059192,0.0635724514992118,0.88,0.0,0.44,187.6102952563297
1119181405,mse,strong,0.0236700111484757,0.0591979396222297,0.92,0.0,0.48,190.27582783889872
1119181405,noise_aware,strong,0.0269305118845889,0.0653448660776682,0.8825,0.0,0.4825,191.03458629218304
1119181405,sharpness_aware,strong,0.0261719868429405,0.066310763334,0.89,0.0,0.4725,194.11886392454443
2169860784,mse,strong,0.0394323463951783,0.0881198826718721,0.7275,0.0025,0.455,192.0534037463025
2169860784,noise_aware,strong,0.0351874690480145,0.0803851443097281,0.7775,0.0,0.4525,194.51332202123237
2169860784,sharpness_aware,strong,0.0336802963850845,0.082139186908994,0.805,0.0,0.455,196.28585982275027
3112238724,mse,strong,0.0302699798742532,0.0702881292433808,0.82,0.0,0.4625,190.8866445858084
3112238724,noise_aware,strong,0.0319253591526841,0.0723920176221611,0.815,0.0,0.4875,192.3022086046972
3112238724,sharpness_aware,strong,0.0350022838202705,0.0895138520918112,0.78,0.0,0.485,191.3514993619073
4293715631,mse,strong,0.0399610877832563,0.0992204896586768,0.6975,0.0025,0.4475,184.13617822562492
4293715631,noise_aware,strong,0.0295866296948322,0.0785878030650489,0.85,0.0,0.465,180.52450376856424
4293715631,sharpness_aware,strong,0.0334413714304237,0.0874027589483583,0.81,0.0,0.4525,186.8337376905975
3909568483,mse,strong,0.0411819056328168,0.0949752128219908,0.6825,0.0,0.445,190.1472710440815
3909568483,noise_aware,strong,0.0404937158299206,0.0859744352565366,0.6875,0.0,0.445,193.06889552754944
3909568483,sharpness_aware,strong,0.0340112526250344,0.0843162567577962,0.785,0.0,0.465,188.553274536918
1398012131,mse,strong,0.0432633602173296,0.1071863793939399,0.665,0.0025,0.4475,189.69659971489
1398012131,noise_aware,strong,0.0378114782034537,0.0850629102796359,0.7425,0.0,0.445,192.03365901486376
1398012131,sharpness_aware,strong,0.0470272923845183,0.1054249279998329,0.615,0.005,0.4425,193.82531237374636
1876994406,mse,strong,0.0269476051300172,0.0644246763849126,0.865,0.0,0.4875,189.26948520116977
1876994406,noise_aware,strong,0.0340998304394849,0.0836070904138449,0.7925,0.0,0.4525,188.8813217755864
1876994406,sharpness_aware,strong,0.0288548136542147,0.0717132069611356,0.8525,0.0,0.4375,193.49044154739397
2615751316,mse,strong,0.037034943597212,0.0846912174879566,0.7525,0.0,0.41,197.39164826349537
2615751316,noise_aware,strong,0.0408543573979762,0.0937055504881152,0.71,0.0,0.4375,197.31366462849
2615751316,sharpness_aware,strong,0.0355700534884581,0.0842398188110304,0.7725,0.0,0.43,199.5107104438925
324655747,mse,strong,0.0193845200801443,0.0507948186600555,0.9475,0.0,0.485,181.5571347336237
324655747,noise_aware,strong,0.0225208330189167,0.0620988173684794,0.91,0.0,0.51,182.1467086235801
324655747,sharpness_aware,strong,0.0230755263230615,0.0613211807347868,0.8975,0.0,0.495,184.4555593111735
1231104955,mse,strong,0.0304868797741865,0.0712418514577497,0.8325,0.0,0.485,188.92510253086112
1231104955,noise_aware,strong,0.0311365165008138,0.0757283302012911,0.815,0.0,0.455,187.74288433144665
1231104955,sharpness_aware,strong,0.025013158266563,0.0651765837642537,0.8925,0.0,0.4875,189.38602529306144
744356947,mse,strong,0.0308714428633319,0.0737849624202295,0.825,0.0,0.445,195.94631525702584
744356947,noise_aware,strong,0.0289083227676517,0.0688036603656893,0.8575,0.0,0.4175,192.5974969006252
744356947,sharpness_aware,strong,0.0396187906724085,0.095643839919541,0.7225,0.0,0.4475,198.9122123969031
3519479534,mse,strong,0.0279624203978019,0.0651891356191402,0.87,0.0,0.455,196.29443290667209
3519479534,noise_aware,strong,0.0303583138301441,0.0726265431106725,0.835,0.0,0.47,196.10106676704623
3519479534,sharpness_aware,strong,0.0270929060691486,0.0665313816431644,0.865,0.0,0.45,197.23819285815648
4195001948,mse,strong,0.0401835119055857,0.0958182032731808,0.7225,0.0025,0.425,199.30745702218923
4195001948,noise_aware,strong,0.0293847911489076,0.0736563047043895,0.8675,0.0,0.4575,197.77423123798263
4195001948,sharpness_aware,strong,0.0344111368387978,0.0811574570844962,0.79,0.0,0.4725,198.31855157052485
3252170343,mse,strong,0.0256000877527713,0.0631415977040244,0.895,0.0,0.4675,183.7791586475608
3252170343,noise_aware,strong,0.0291111878405814,0.0707901977675638,0.8425,0.0025,0.4625,189.96673691809409
3252170343,sharpness_aware,strong,0.0290005365492611,0.0716947126216174,0.85,0.0,0.48,190.1920200935076
4243111108,mse,strong,0.0253455352042936,0.0630249846668067,0.89,0.0,0.51,189.61373990793152
4243111108,noise_aware,strong,0.0279364410415383,0.0686266160669821,0.8775,0.0,0.4875,187.56677058214692
4243111108,sharpness_aware,strong,0.0296806063305217,0.0668613630164082,0.8625,0.0,0.45,191.9209978073196
2445008977,mse,strong,0.0240345736184095,0.057499613054554,0.9225,0.0,0.4675,189.66909100649625
2445008977,noise_aware,strong,0.0249512876763425,0.0602238640297517,0.8925,0.0,0.485,190.732511508882
2445008977,sharpness_aware,strong,0.0272541112631237,0.0655359068404179,0.885,0.0,0.4725,192.25431827049945
903398518,mse,strong,0.0328563924132257,0.0785879408178447,0.7875,0.0,0.465,191.0781493486376
903398518,noise_aware,strong,0.0307451430777863,0.0743157339509961,0.825,0.0,0.445,190.5678676931121
903398518,sharpness_aware,strong,0.0281409433369742,0.075954747498993,0.85,0.0,0.4425,189.3811631875772
2014023660,mse,strong,0.0318144131034273,0.0760703809452819,0.7925,0.0,0.47,192.1942016376375
2014023660,noise_aware,strong,0.0324269192110863,0.0754887721877318,0.8075,0.0,0.4525,187.17051197593824
2014023660,sharpness_aware,strong,0.0334672092335587,0.0798781322620957,0.795,0.0,0.45,189.5760523017175
1691291392,mse,strong,0.0414391319560939,0.098704927777656,0.67,0.0,0.44,198.1129132414255
1691291392,noise_aware,strong,0.031195253387844,0.0759671783366904,0.835,0.0,0.455,198.5175797696924
1691291392,sharpness_aware,strong,0.0341431045729619,0.079289465326189,0.795,0.0,0.4625,200.5120007598104
3053498093,mse,strong,0.0246101324360775,0.0588729727877961,0.905,0.0,0.465,188.59788900531865
3053498093,noise_aware,strong,0.0246067937548161,0.0568605331182491,0.9125,0.0,0.45,186.84090710929547
3053498093,sharpness_aware,strong,0.0287158543283631,0.0708191923144676,0.845,0.0,0.4775,190.9150056384726
945374663,mse,strong,0.0227468855719685,0.0580867157256294,0.915,0.0,0.445,188.22271175045967
945374663,noise_aware,strong,0.0245329150451334,0.0633278154728035,0.9,0.0,0.485,184.92426995026915
945374663,sharpness_aware,strong,0.0294001161359523,0.0749211159310057,0.8425,0.0,0.475,188.96443637367
56575796,mse,strong,0.02092433608761,0.0494908090293941,0.95,0.0,0.465,181.51935692679484
56575796,noise_aware,strong,0.0252143956336629,0.0588968760012312,0.8875,0.0,0.44,180.75772748240985
56575796,sharpness_aware,strong,0.0291114967068356,0.0678991276079261,0.855,0.0,0.4525,190.9399524942324
761055821,mse,strong,0.0270863876914714,0.061719680396055,0.8725,0.0,0.4975,189.8242995131002
761055821,noise_aware,strong,0.0285479696327501,0.0734611925815071,0.87,0.0,0.4575,188.8147624251708
761055821,sharpness_aware,strong,0.0355721505556694,0.087159594100513,0.7725,0.0,0.4275,194.78382892306388
2053712420,mse,strong,0.0217694863340404,0.0525304603651493,0.935,0.0,0.465,187.85469639688537
2053712420,noise_aware,strong,0.0266322137516949,0.0682406119108717,0.89,0.0,0.47,188.77559103982492
2053712420,sharpness_aware,strong,0.0272912072062718,0.0673430447576821,0.885,0.0,0.4575,193.9502251793548
3330615544,mse,strong,0.0313210990052569,0.0727670892620392,0.8025,0.0,0.46,189.3883442833263
3330615544,noise_aware,strong,0.0288106261578419,0.0698925940504485,0.84,0.0,0.465,187.08620696397344
3330615544,sharpness_aware,strong,0.028349338582226,0.0692137783428404,0.8525,0.0,0.45,189.1244868434387
1988057494,mse,strong,0.0282053936330551,0.0707361540049604,0.8575,0.0,0.455,192.96291947493984
1988057494,noise_aware,strong,0.0300501655928429,0.0771043951475627,0.8225,0.0,0.4975,193.8256431183248
1988057494,sharpness_aware,strong,0.0298116629098949,0.0713786367072127,0.845,0.0,0.475,195.16148229777644
3738784048,mse,strong,0.0322648795088669,0.0815157814104818,0.815,0.0,0.46,186.1449573544132
3738784048,noise_aware,strong,0.0323729087150557,0.0779476840838089,0.8125,0.0,0.46,184.2790009867138
3738784048,sharpness_aware,strong,0.0300755812338181,0.0748006334171131,0.8275,0.0,0.445,183.10916987808804
2698257310,mse,strong,0.0258759359176476,0.058970602721628,0.9,0.0,0.4525,188.6858741917873
2698257310,noise_aware,strong,0.0269699948397445,0.066984991728695,0.875,0.0,0.4125,186.9481587608024
2698257310,sharpness_aware,strong,0.0260129399244561,0.0659355665593506,0.8825,0.0,0.465,192.95726885906944
3145110617,mse,strong,0.0385244448264864,0.0944172626056087,0.74,0.0,0.48,182.8343039816687
3145110617,noise_aware,strong,0.0385811246480949,0.0919828542314801,0.7275,0.0025,0.4525,185.6126995740468
3145110617,sharpness_aware,strong,0.0339235080757418,0.0822321918936622,0.79,0.0,0.5,182.6712122093149
3839569303,mse,strong,0.0331312345505646,0.0844086870041224,0.82,0.0025,0.4525,178.59215785057012
3839569303,noise_aware,strong,0.0295642860036401,0.078140842362123,0.8375,0.0,0.47,180.08663053515798
3839569303,sharpness_aware,strong,0.03332091646081,0.0873137011411303,0.83,0.0025,0.485,182.5334190588356
1741795387,mse,strong,0.0272377653187615,0.065160131837822,0.8925,0.0,0.43,188.1041128576041
1741795387,noise_aware,strong,0.0271171573784148,0.062521013339454,0.875,0.0,0.4475,186.76081775012068
1741795387,sharpness_aware,strong,0.0289592810871813,0.0700916804937278,0.8675,0.0,0.45,189.75573662483677
1008093370,mse,strong,0.0300145780602657,0.0672958190424653,0.8525,0.0,0.48,189.02155840374985
1008093370,noise_aware,strong,0.0369040189875458,0.0817992254733357,0.76,0.0,0.4425,186.214132639084
1008093370,sharpness_aware,strong,0.0337816625257201,0.0817837211060119,0.785,0.0,0.4675,190.92567727085407
578984872,mse,strong,0.0268381007470276,0.0668926729610767,0.885,0.0,0.445,188.3191188589014
578984872,noise_aware,strong,0.0291051263644809,0.0701588400543026,0.8525,0.0,0.4575,187.1890827472288
578984872,sharpness_aware,strong,0.0326407719436806,0.0862549305159279,0.8225,0.0,0.4575,188.00666455929775
2934542094,mse,strong,0.0447469039470786,0.1054982559670944,0.665,0.0025,0.43,191.2836987081298
2934542094,noise_aware,strong,0.0399463133697469,0.1001582924989712,0.72,0.005,0.445,190.68714391198185
2934542094,sharpness_aware,strong,0.0398811051315998,0.1072742095344623,0.7125,0.0,0.4525,193.014091391268
3187112867,mse,strong,0.038906474030286,0.0897408341425815,0.7025,0.0,0.425,181.63610144453787
3187112867,noise_aware,strong,0.0317687881819304,0.0771026859265086,0.8075,0.0,0.4775,185.8305983537064
3187112867,sharpness_aware,strong,0.0340445615487253,0.0815929421084137,0.785,0.0025,0.45,186.41803925277316
2389930833,mse,strong,0.0360180117618749,0.0835936899057836,0.755,0.0,0.4425,189.14301066286464
2389930833,noise_aware,strong,0.0354668487669168,0.0809819047364335,0.7625,0.0,0.4225,188.66285531386316
2389930833,sharpness_aware,strong,0.0397449071658044,0.0930368468226049,0.7375,0.0,0.435,194.83540745735337
1292274856,mse,strong,0.0373971072642265,0.0861755851313743,0.735,0.0,0.435,187.3969055765445
1292274856,noise_aware,strong,0.0413822174614276,0.094416549266312,0.685,0.0,0.4275,181.7219189747817
1292274856,sharpness_aware,strong,0.0375238879255,0.0892417951022944,0.76,0.0,0.44,188.514949918151
3203924750,mse,strong,0.0315459011273613,0.0711339150447756,0.8175,0.0,0.4625,190.44655958335977
3203924750,noise_aware,strong,0.0351126049645746,0.0810778405053724,0.755,0.0,0.44,190.2172711581541
3203924750,sharpness_aware,strong,0.0336596119609268,0.0763271921131972,0.78,0.0,0.4575,194.39011821527689
2727536461,mse,strong,0.0254721202474864,0.0650497207717271,0.88,0.0,0.455,196.61269153308243
2727536461,noise_aware,strong,0.0257963122147788,0.0603642451764293,0.88,0.0,0.4525,194.29937037703692
2727536461,sharpness_aware,strong,0.0306316095128528,0.0741115086052229,0.8225,0.0,0.44,198.27111020768743
3436844845,mse,strong,0.0273932716432105,0.0649421460318419,0.8675,0.0,0.48,188.47189853097504
3436844845,noise_aware,strong,0.0254084216209002,0.0669700341471159,0.9025,0.0,0.485,184.47954941224685
3436844845,sharpness_aware,strong,0.0274164890132187,0.0690512629441026,0.88,0.0,0.4475,191.40050071496063
