seed,method,condition,lambda_task,mean_D,p95_D,viability_occupancy,severe_fraction,action_agreement,cumulative_task
3997641423,boundary_aware,moderate,0.01,0.012868156085191,0.0348275227912614,0.9875,0.0,0.4575,183.6962349118887
3997641423,boundary_aware,moderate,0.014,0.0151458339571891,0.0374371437821626,0.985,0.0,0.49,184.5192975546075
3997641423,boundary_aware,moderate,0.018,0.0192506883244898,0.0429730996557438,0.9675,0.0,0.525,189.6731596633421
3997641423,boundary_aware,moderate,0.02,0.0205955923248856,0.0442917087203501,0.9675,0.0,0.545,187.601060399102
3997641423,boundary_aware,moderate,0.022,0.0246699326756379,0.055740059178904,0.935,0.0,0.5375,194.77520769146292
3997641423,boundary_aware,moderate,0.026,0.0270484946244811,0.0625380466047423,0.8975,0.0,0.54,194.73399923403764
3997641423,boundary_aware,moderate,0.03,0.0319923237806357,0.0781391234308498,0.845,0.0,0.5225,196.586567553358
3997641423,boundary_aware,moderate,0.036,0.0429219962025676,0.1004698127973242,0.6875,0.0025,0.5225,201.24266124179007
3997641423,boundary_aware,strong,0.01,0.0188349966344259,0.0479582183647862,0.9575,0.0,0.41,180.57367517192887
3997641423,boundary_aware,strong,0.014,0.0226425595028213,0.0577763790744886,0.9225,0.0,0.4375,185.05495267956587
3997641423,boundary_aware,strong,0.018,0.0237793201664869,0.0623373543705904,0.92,0.0,0.4625,188.10702321170413
3997641423,boundary_aware,strong,0.02,0.0272820918749568,0.065142559838651,0.885,0.0,0.4625,190.8315783688172
3997641423,boundary_aware,strong,0.022,0.0288311465851897,0.0692324804435313,0.8525,0.0,0.49,190.65209391492672
3997641423,boundary_aware,strong,0.026,0.0330542659184023,0.0760060275299603,0.805,0.0,0.48,192.00272663739165
3997641423,boundary_aware,strong,0.03,0.0403409881345654,0.0954050528485406,0.71,0.005,0.4725,198.23757460178533
3997641423,boundary_aware,strong,0.036,0.0485095932188399,0.1123832898256808,0.62,0.0,0.485,199.6092099936609
3997641423,robust_control_aware,moderate,0.01,0.0142163608360562,0.0285856314622485,0.99,0.0,0.4825,185.84386971179524
3997641423,robust_control_aware,moderate,0.014,0.0152883157582312,0.0330544025700468,0.9875,0.0,0.56,186.56697181668943
3997641423,robust_control_aware,moderate,0.018,0.0173906930679387,0.0348643805499938,0.9875,0.0,0.61,187.2430831407134
3997641423,robust_control_aware,moderate,0.02,0.0180334695456129,0.0356385998170621,0.9825,0.0,0.61,185.32971261626204
3997641423,robust_control_aware,moderate,0.022,0.0193549809157241,0.0364716184561366,0.9775,0.0,0.6475,188.457003997552
3997641423,robust_control_aware,moderate,0.026,0.0207814616049134,0.0405337330213668,0.97,0.0,0.6025,188.97084498224456
3997641423,robust_control_aware,moderate,0.03,0.0219324382416552,0.0458531990880703,0.96,0.0,0.4975,187.65673858270415
3997641423,robust_control_aware,moderate,0.036,0.0272649419245285,0.0713170493416097,0.9175,0.0025,0.3975,192.6081219571899
3997641423,robust_control_aware,strong,0.01,0.0149379794642431,0.0377966441325601,0.975,0.0,0.48,180.44262762010635
3997641423,robust_control_aware,strong,0.014,0.0173092149748167,0.0448303744283969,0.9625,0.0,0.495,184.6994636557434
3997641423,robust_control_aware,strong,0.018,0.0186444892999599,0.0488545967119742,0.9525,0.0,0.525,186.65492564655148
3997641423,robust_control_aware,strong,0.02,0.0224530553597413,0.0662626277251174,0.925,0.0025,0.5,190.49843255274465
3997641423,robust_control_aware,strong,0.022,0.0235669980674536,0.0648076236616317,0.91,0.0,0.565,189.87885286655165
3997641423,robust_control_aware,strong,0.026,0.0258777779297555,0.0703977790532575,0.895,0.005,0.545,190.88711260281227
3997641423,robust_control_aware,strong,0.03,0.0279213303930742,0.082467810951803,0.8775,0.005,0.455,192.7747667536013
3997641423,robust_control_aware,strong,0.036,0.0377689197546406,0.1224491772762176,0.785,0.0125,0.385,194.7186202022368
3073857302,boundary_aware,moderate,0.01,0.0136825039600938,0.0350422349318719,0.9875,0.0,0.4575,181.29787802577303
3073857302,boundary_aware,moderate,0.014,0.0173142304601346,0.042382625655137,0.985,0.0,0.5025,186.3753745766176
3073857302,boundary_aware,moderate,0.018,0.0220341614965127,0.0493521713216044,0.9525,0.0,0.49,189.71160109672488
3073857302,boundary_aware,moderate,0.02,0.0237171849164299,0.0529786488953404,0.935,0.0,0.4975,188.7670797417173
3073857302,boundary_aware,moderate,0.022,0.026203896088487,0.0612660888651463,0.905,0.0,0.495,192.27987253233263
3073857302,boundary_aware,moderate,0.026,0.0291323288280347,0.0644995535182858,0.87,0.0,0.5575,194.46435101130936
3073857302,boundary_aware,moderate,0.03,0.0344082498231415,0.0734395658923839,0.805,0.0,0.525,196.22109165416856
3073857302,boundary_aware,moderate,0.036,0.0451308199599539,0.1007461251954684,0.6525,0.0,0.5325,203.18063275534345
3073857302,boundary_aware,strong,0.01,0.02178217849696,0.0558334043224372,0.92,0.0,0.4325,178.9836433852317
3073857302,boundary_aware,strong,0.014,0.0272870753770769,0.067884138365066,0.8625,0.0,0.44,180.70941170449905
3073857302,boundary_aware,strong,0.018,0.0330157904914347,0.0804458374063718,0.8175,0.0,0.445,186.2866258376577
3073857302,boundary_aware,strong,0.02,0.0367613954914279,0.0827909498983217,0.7575,0.0,0.42,188.9612440438422
3073857302,boundary_aware,strong,0.022,0.0361534818508433,0.0825589571247015,0.78,0.0,0.4425,191.11871018345343
3073857302,boundary_aware,strong,0.026,0.041711054096667,0.0938902025285365,0.6925,0.0,0.445,192.56613959191637
3073857302,boundary_aware,strong,0.03,0.047328702704445,0.1116273191552575,0.6275,0.0,0.46,193.83160426639628
3073857302,boundary_aware,strong,0.036,0.0623783928115604,0.1370321410719444,0.435,0.0075,0.465,197.047065212645
3073857302,robust_control_aware,moderate,0.01,0.0152659125304494,0.0328568265375251,0.9825,0.0,0.4775,182.78789226563387
3073857302,robust_control_aware,moderate,0.014,0.0161425427930265,0.0331224431763303,0.98,0.0,0.5425,183.82202389022063
3073857302,robust_control_aware,moderate,0.018,0.0178142317040745,0.0342559039185882,0.9825,0.0,0.5975,186.42416323663315
3073857302,robust_control_aware,moderate,0.02,0.018452407071845,0.0368848108277615,0.98,0.0,0.5725,186.32325288818635
3073857302,robust_control_aware,moderate,0.022,0.0195372788327828,0.0402051096453314,0.9825,0.0,0.5875,189.8419675647243
3073857302,robust_control_aware,moderate,0.026,0.0211288961337673,0.0428207481772236,0.9675,0.0,0.53,187.8611793407507
3073857302,robust_control_aware,moderate,0.03,0.0239866233929787,0.0533391549886273,0.94,0.0,0.4775,190.0513738269098
3073857302,robust_control_aware,moderate,0.036,0.0275865687600039,0.0618645832307523,0.915,0.0,0.4675,192.42941389656576
3073857302,robust_control_aware,strong,0.01,0.0153851993522117,0.0380330540771821,0.98,0.0,0.455,176.80248681036846
3073857302,robust_control_aware,strong,0.014,0.0188217335351911,0.0457673534394427,0.9575,0.0,0.48,180.76309933721487
3073857302,robust_control_aware,strong,0.018,0.0206079547148103,0.0463811599242558,0.955,0.0,0.4975,187.74086830784825
3073857302,robust_control_aware,strong,0.02,0.0242002410371315,0.0702394161745492,0.9225,0.0,0.545,188.8830129441262
3073857302,robust_control_aware,strong,0.022,0.0228621093779417,0.0532560338550782,0.945,0.0,0.52,191.88496850620928
3073857302,robust_control_aware,strong,0.026,0.0258258765022982,0.0673436322798667,0.9075,0.0,0.525,192.29350682173995
3073857302,robust_control_aware,strong,0.03,0.0335721309824543,0.0972293174329207,0.825,0.0,0.49,192.8785280722129
3073857302,robust_control_aware,strong,0.036,0.0424785632266116,0.1209503105719219,0.72,0.0,0.49,195.1803706158399
3847042368,boundary_aware,moderate,0.01,0.0145336325618023,0.0384037094442369,0.9725,0.0,0.4575,182.01876504023136
3847042368,boundary_aware,moderate,0.014,0.0164421965896246,0.0426527746623753,0.97,0.0,0.525,185.3399221469691
3847042368,boundary_aware,moderate,0.018,0.0205510358505986,0.050054189652019,0.9475,0.0,0.54,191.285524440094
3847042368,boundary_aware,moderate,0.02,0.0232218737182241,0.0582565406594748,0.92,0.0,0.5275,190.91682169655104
3847042368,boundary_aware,moderate,0.022,0.0252886406244449,0.0618047692893604,0.895,0.0,0.5225,193.2525834066556
3847042368,boundary_aware,moderate,0.026,0.0301593994757754,0.0689348560069464,0.8375,0.0,0.5325,194.9733702186595
3847042368,boundary_aware,moderate,0.03,0.0360025975959253,0.0818750652470563,0.7875,0.0,0.545,197.6940967596496
3847042368,boundary_aware,moderate,0.036,0.044084622409997,0.0976672421206796,0.68,0.0,0.56,205.09884683030356
3847042368,boundary_aware,strong,0.01,0.0211006756428868,0.0572273497502595,0.93,0.0,0.3925,178.3710106637805
3847042368,boundary_aware,strong,0.014,0.0251858124698456,0.0651795247414214,0.8925,0.0,0.425,185.5601183166338
3847042368,boundary_aware,strong,0.018,0.0318076761642075,0.0848113225420973,0.8075,0.0,0.4175,185.62662795487745
3847042368,boundary_aware,strong,0.02,0.0322145883110737,0.0845236966240725,0.8225,0.0,0.43,188.3962209745614
3847042368,boundary_aware,strong,0.022,0.0337058143858836,0.0884663197317722,0.795,0.0,0.4375,190.80094713149103
3847042368,boundary_aware,strong,0.026,0.039696802779793,0.1038209137343324,0.74,0.0,0.4775,192.41552421626005
3847042368,boundary_aware,strong,0.03,0.0489283398735727,0.1128400060422694,0.59,0.0,0.445,195.66293103796303
3847042368,boundary_aware,strong,0.036,0.058180547555192,0.1345081083091137,0.53,0.01,0.48,198.2017622853235
3847042368,robust_control_aware,moderate,0.01,0.0137785839118097,0.0294168664449313,0.995,0.0,0.5175,183.1515528166915
3847042368,robust_control_aware,moderate,0.014,0.0164014979939113,0.0339002602470077,0.98,0.0,0.525,188.47788579617665
3847042368,robust_control_aware,moderate,0.018,0.0177715779632602,0.0363270316472585,0.98,0.0,0.61,187.4367996892254
3847042368,robust_control_aware,moderate,0.02,0.0197689121685851,0.041522530092842,0.9675,0.0,0.5825,189.6421947040853
3847042368,robust_control_aware,moderate,0.022,0.0197662360788952,0.0412445281678927,0.9725,0.0,0.61,188.49081887735144
3847042368,robust_control_aware,moderate,0.026,0.0234168554562824,0.0540762365735989,0.94,0.0,0.575,193.25389199491536
3847042368,robust_control_aware,moderate,0.03,0.0281235644290923,0.0741670886759915,0.89,0.0,0.53,195.23777933712267
3847042368,robust_control_aware,moderate,0.036,0.0354522352429678,0.1010571319744908,0.8125,0.005,0.515,195.65537153176888
3847042368,robust_control_aware,strong,0.01,0.0229758902696909,0.0827550026338827,0.885,0.0,0.4575,176.5558958504113
3847042368,robust_control_aware,strong,0.014,0.024175902146833,0.0770696363868453,0.8975,0.0,0.475,185.00804148757692
3847042368,robust_control_aware,strong,0.018,0.0301688738976345,0.1060652680480673,0.82,0.0,0.4725,188.7963712600968
3847042368,robust_control_aware,strong,0.02,0.03034156187948,0.101409850124126,0.8475,0.0,0.5175,191.62041413073985
3847042368,robust_control_aware,strong,0.022,0.0324380856358775,0.1006576069091278,0.82,0.0,0.5175,193.0885312366742
3847042368,robust_control_aware,strong,0.026,0.0447073557773265,0.1424883251232611,0.7275,0.01,0.4825,190.03199393804573
3847042368,robust_control_aware,strong,0.03,0.0510650093483268,0.1375565682545907,0.635,0.0075,0.4575,197.04392521054424
3847042368,robust_control_aware,strong,0.036,0.0602598698280407,0.1543706605000929,0.5225,0.01,0.4525,196.1793959238546
3829224378,boundary_aware,moderate,0.01,0.0116653376021742,0.0283530721715156,0.9975,0.0,0.445,180.64177654967895
3829224378,boundary_aware,moderate,0.014,0.0145954754679503,0.0364047848432597,0.99,0.0,0.4925,184.70390608318252
3829224378,boundary_aware,moderate,0.018,0.0175022563414803,0.0406182187764663,0.9925,0.0,0.5425,188.64234630248347
3829224378,boundary_aware,moderate,0.02,0.021047752623362,0.0504275924990684,0.945,0.0,0.5125,194.86807795788565
3829224378,boundary_aware,moderate,0.022,0.0224698378307151,0.051490637895812,0.9425,0.0,0.5275,193.06071524816863
3829224378,boundary_aware,moderate,0.026,0.0259816195471261,0.0597900555419685,0.905,0.0,0.54,197.159633891613
3829224378,boundary_aware,moderate,0.03,0.0298456358212406,0.0694856170574951,0.86,0.0,0.5625,199.90494439495427
3829224378,boundary_aware,moderate,0.036,0.0374861346038572,0.0800857885694051,0.7325,0.0,0.58,203.0914030193641
3829224378,boundary_aware,strong,0.01,0.0152636308817621,0.0398702153700569,0.9775,0.0,0.4175,177.17369300120367
3829224378,boundary_aware,strong,0.014,0.0181700049721713,0.0458251332957367,0.97,0.0,0.4475,182.37631447733645
3829224378,boundary_aware,strong,0.018,0.0218368056702908,0.0521609252938717,0.935,0.0,0.49,190.06108866042788
3829224378,boundary_aware,strong,0.02,0.0226271347592362,0.0508400056901678,0.945,0.0,0.51,188.25208341512928
3829224378,boundary_aware,strong,0.022,0.0244909657271021,0.0573933290879237,0.9075,0.0,0.5025,190.67460644413308
3829224378,boundary_aware,strong,0.026,0.0283033619471618,0.0682979212664873,0.865,0.0,0.485,193.7271846574654
3829224378,boundary_aware,strong,0.03,0.0316090371115998,0.0723028681059063,0.8175,0.0,0.5125,196.14613420562392
3829224378,boundary_aware,strong,0.036,0.0389769526469579,0.0854899070971371,0.7225,0.0,0.5125,200.8563380289807
3829224378,robust_control_aware,moderate,0.01,0.0137234036811124,0.0300230382903922,0.9925,0.0,0.4625,185.3191598137234
3829224378,robust_control_aware,moderate,0.014,0.0162530883111315,0.0334175080883528,0.9875,0.0,0.5175,185.03108224834543
3829224378,robust_control_aware,moderate,0.018,0.0179195009521842,0.0357523324420624,0.9825,0.0,0.59,187.33521860714336
3829224378,robust_control_aware,moderate,0.02,0.0182620866474309,0.0382790891637335,0.9925,0.0,0.585,186.9178809651896
3829224378,robust_control_aware,moderate,0.022,0.0191592111181889,0.0361870643619422,0.99,0.0,0.5825,187.5124735287779
3829224378,robust_control_aware,moderate,0.026,0.021330518533989,0.0448586155243653,0.965,0.0,0.555,190.6300199232692
3829224378,robust_control_aware,moderate,0.03,0.0241716090415952,0.0528547807503947,0.94,0.0,0.55,192.1150399058252
3829224378,robust_control_aware,moderate,0.036,0.0321613357192392,0.0898651683174585,0.855,0.0,0.52,197.83426794299635
3829224378,robust_control_aware,strong,0.01,0.016568033916614,0.0404918041873291,0.97,0.0,0.445,187.65015752348475
3829224378,robust_control_aware,strong,0.014,0.0193790363805727,0.0450290756820463,0.9725,0.0,0.4475,188.43623261844533
3829224378,robust_control_aware,strong,0.018,0.0228995020613665,0.0528024442970176,0.9325,0.0,0.47,191.56792645561157
3829224378,robust_control_aware,strong,0.02,0.0249323522180033,0.0613270805626243,0.915,0.0,0.505,192.69147249371235
3829224378,robust_control_aware,strong,0.022,0.0256267974490176,0.0659284629387907,0.9125,0.0,0.525,192.86618101898347
3829224378,robust_control_aware,strong,0.026,0.0330399337704435,0.0927254508348145,0.82,0.0,0.5325,194.5809250906645
3829224378,robust_control_aware,strong,0.03,0.0383690599032997,0.1041820315996701,0.765,0.005,0.4825,197.3347851478374
3829224378,robust_control_aware,strong,0.036,0.0533476698942777,0.1357484841895136,0.5975,0.01,0.525,201.6805696967446
3027910210,boundary_aware,moderate,0.01,0.0158012754986561,0.0405796322699387,0.985,0.0,0.465,173.89619756096317
3027910210,boundary_aware,moderate,0.014,0.0197502403708478,0.0495082847891069,0.95,0.0,0.47,177.0308283470368
3027910210,boundary_aware,moderate,0.018,0.0237065002588669,0.0568785436251442,0.9225,0.0,0.51,181.5813053072628
3027910210,boundary_aware,moderate,0.02,0.0267152596673829,0.0622918273719429,0.88,0.0,0.49,182.82858356019412
3027910210,boundary_aware,moderate,0.022,0.0291761296933968,0.0698344016752788,0.8575,0.0,0.5,183.84873958224927
3027910210,boundary_aware,moderate,0.026,0.0353637423069607,0.0803919763245361,0.77,0.0,0.5375,188.41212634020903
3027910210,boundary_aware,moderate,0.03,0.0408542379086509,0.0939811772244714,0.72,0.0,0.505,190.68719851315717
3027910210,boundary_aware,moderate,0.036,0.0543284264445708,0.1289431279275762,0.5225,0.0,0.53,194.0788310544347
3027910210,boundary_aware,strong,0.01,0.0294116758042548,0.0845739606194474,0.8325,0.0,0.4325,171.07387365061595
3027910210,boundary_aware,strong,0.014,0.0371060542162561,0.0970254557323773,0.755,0.0,0.4125,173.51420720921698
3027910210,boundary_aware,strong,0.018,0.0452983030087106,0.1221471834769065,0.655,0.0025,0.45,180.5046465054388
3027910210,boundary_aware,strong,0.02,0.0474426090945685,0.1243541690085062,0.63,0.0075,0.435,180.18186804198297
3027910210,boundary_aware,strong,0.022,0.0511974576457613,0.1338103990379138,0.5925,0.0,0.455,182.10879780645985
3027910210,boundary_aware,strong,0.026,0.0612909454746716,0.1471207941596587,0.495,0.01,0.4125,184.592127377074
3027910210,boundary_aware,strong,0.03,0.0746668956297296,0.1638492924213692,0.34,0.0225,0.4225,184.58053391476275
3027910210,boundary_aware,strong,0.036,0.0860808869214737,0.1865386388021027,0.2775,0.0425,0.4325,185.94411376671215
3027910210,robust_control_aware,moderate,0.01,0.017011173508169,0.0361461369044948,0.9775,0.0,0.4675,177.1681602440424
3027910210,robust_control_aware,moderate,0.014,0.0185590454804675,0.0406851351384413,0.97,0.0,0.5425,178.21018951657572
3027910210,robust_control_aware,moderate,0.018,0.0205018787773901,0.0437921818910609,0.9725,0.0,0.635,180.8129699107224
3027910210,robust_control_aware,moderate,0.02,0.0210691403686281,0.0466474311071118,0.9575,0.0,0.61,180.26602284999063
3027910210,robust_control_aware,moderate,0.022,0.0232456203206379,0.0555942478119343,0.945,0.0,0.62,183.15547039420653
3027910210,robust_control_aware,moderate,0.026,0.026345598754777,0.0646317739110582,0.9075,0.0,0.5975,184.5321316669561
3027910210,robust_control_aware,moderate,0.03,0.0316285786571164,0.0816746063666456,0.855,0.005,0.5625,186.37551886110555
3027910210,robust_control_aware,moderate,0.036,0.0483355567718805,0.1348434581690029,0.6775,0.005,0.595,188.0439305738773
3027910210,robust_control_aware,strong,0.01,0.0314085821012914,0.0918335970715162,0.8075,0.0,0.4825,172.39284173843188
3027910210,robust_control_aware,strong,0.014,0.0327943537386678,0.0907894971407452,0.8075,0.0,0.475,178.3838464431766
3027910210,robust_control_aware,strong,0.018,0.0403794281512069,0.1066733772900972,0.7225,0.0,0.485,180.9117824600469
3027910210,robust_control_aware,strong,0.02,0.0492339882152817,0.1289730173751647,0.6175,0.0025,0.47,181.18949391011165
3027910210,robust_control_aware,strong,0.022,0.0523017965910612,0.1301830096950704,0.575,0.0025,0.485,186.53283487722143
3027910210,robust_control_aware,strong,0.026,0.0635880096052535,0.1407680192923894,0.46,0.0075,0.4825,186.24722746120352
3027910210,robust_control_aware,strong,0.03,0.0807302588684968,0.1800325896789903,0.325,0.025,0.475,185.23660391464117
3027910210,robust_control_aware,strong,0.036,0.0960584275861969,0.2031304359171331,0.24,0.055,0.4625,188.62524917209345
3415729576,boundary_aware,moderate,0.01,0.013390780080207,0.0337730841659273,0.9875,0.0,0.4625,187.4515532046005
3415729576,boundary_aware,moderate,0.014,0.0167903110502913,0.0405127515711273,0.9775,0.0,0.5075,187.9332394923192
3415729576,boundary_aware,moderate,0.018,0.0203739264039663,0.0483867654392899,0.9525,0.0,0.555,190.0257926306052
3415729576,boundary_aware,moderate,0.02,0.0214657945708985,0.0528545060302611,0.9375,0.0,0.5375,195.5721208524606
3415729576,boundary_aware,moderate,0.022,0.023184964721072,0.0537851605357454,0.9375,0.0,0.5725,191.17704576786028
3415729576,boundary_aware,moderate,0.026,0.0290898800137777,0.0674746320593599,0.8725,0.0,0.55,196.15620099845532
3415729576,boundary_aware,moderate,0.03,0.031984087831608,0.0675382185017559,0.825,0.0,0.5675,196.64142458003352
3415729576,boundary_aware,moderate,0.036,0.0396797905336352,0.0966974658512106,0.7225,0.0,0.55,203.45293458822596
3415729576,boundary_aware,strong,0.01,0.0178611043604096,0.0474669849257852,0.955,0.0,0.455,181.2801105208339
3415729576,boundary_aware,strong,0.014,0.0209278042399559,0.0529168602210324,0.9375,0.0,0.465,180.90326952939856
3415729576,boundary_aware,strong,0.018,0.0253218959816583,0.0632759004241312,0.9075,0.0,0.45,183.3979401711033
3415729576,boundary_aware,strong,0.02,0.0251231679533398,0.0583690476023455,0.9,0.0,0.4775,185.503650995385
3415729576,boundary_aware,strong,0.022,0.0297339059058719,0.0711964041479234,0.8375,0.0,0.455,188.2855214620039
3415729576,boundary_aware,strong,0.026,0.0317059155536668,0.0731768055471804,0.82,0.0,0.4925,194.4515940431893
3415729576,boundary_aware,strong,0.03,0.0359240371395329,0.0815658783763601,0.7775,0.0025,0.51,194.01513173475115
3415729576,boundary_aware,strong,0.036,0.0421810938516605,0.0976271536825999,0.6975,0.005,0.52,201.23501487170216
3415729576,robust_control_aware,moderate,0.01,0.0155425081915158,0.0350219193624511,0.9725,0.0,0.46,186.23965315183253
3415729576,robust_control_aware,moderate,0.014,0.0169238828846376,0.0380317609749993,0.98,0.0,0.535,183.6500666795933
3415729576,robust_control_aware,moderate,0.018,0.0182060558726865,0.0359185033776467,0.975,0.0,0.5975,190.1943785238325
3415729576,robust_control_aware,moderate,0.02,0.020570074982309,0.0497420880735048,0.95,0.0,0.62,189.9466479614365
3415729576,robust_control_aware,moderate,0.022,0.0201692912229002,0.0460769614621135,0.9575,0.0,0.5975,186.13658324211963
3415729576,robust_control_aware,moderate,0.026,0.0232405546022417,0.0567718872127203,0.945,0.0,0.535,191.6218839983702
3415729576,robust_control_aware,moderate,0.03,0.0249592011470081,0.0575187396233031,0.935,0.0,0.4775,190.6861896640284
3415729576,robust_control_aware,moderate,0.036,0.0287221293367076,0.0791338184991425,0.905,0.0,0.465,194.8573114760809
3415729576,robust_control_aware,strong,0.01,0.0173703466702869,0.0478233471529006,0.9575,0.0,0.46,183.51083297102264
3415729576,robust_control_aware,strong,0.014,0.0193868375636201,0.0488895223487122,0.9525,0.0025,0.54,188.1234951552086
3415729576,robust_control_aware,strong,0.018,0.0208395652162675,0.0476427270049964,0.955,0.0,0.525,190.87865003762204
3415729576,robust_control_aware,strong,0.02,0.0233749255379643,0.0659815374925476,0.915,0.0,0.5725,188.13850912123723
3415729576,robust_control_aware,strong,0.022,0.0239668116996476,0.0628409569757883,0.9175,0.0,0.54,191.35318284204487
3415729576,robust_control_aware,strong,0.026,0.0252022784594058,0.0613945692962663,0.915,0.0,0.525,192.4040265280981
3415729576,robust_control_aware,strong,0.03,0.028324515551695,0.0840808976421867,0.8775,0.0,0.505,195.53541865860203
3415729576,robust_control_aware,strong,0.036,0.0380901532332622,0.1117527432590059,0.77,0.0025,0.49,194.5239844914329
3527629668,boundary_aware,moderate,0.01,0.0147411410803962,0.0389402262490965,0.985,0.0,0.45,177.14426656977176
3527629668,boundary_aware,moderate,0.014,0.018644126837908,0.0465698181986731,0.9675,0.0,0.4975,185.1762020948597
3527629668,boundary_aware,moderate,0.018,0.022560300534415,0.0517589340856664,0.93,0.0,0.48,188.9242593998057
3527629668,boundary_aware,moderate,0.02,0.0242159649047988,0.0593181598073367,0.92,0.0,0.515,191.460304389424
3527629668,boundary_aware,moderate,0.022,0.0267697160729096,0.0634399256301939,0.895,0.0,0.4825,193.65245530279932
3527629668,boundary_aware,moderate,0.026,0.0295328041624257,0.0639733799502687,0.87,0.0,0.515,194.08806638903164
3527629668,boundary_aware,moderate,0.03,0.0356736946951553,0.0855424931111549,0.7975,0.0,0.57,199.02153784427335
3527629668,boundary_aware,moderate,0.036,0.0454630446609664,0.1070399400238862,0.665,0.0,0.5425,204.4570102790182
3527629668,boundary_aware,strong,0.01,0.0191050174814496,0.0483886505686297,0.9625,0.0,0.415,173.09375555618402
3527629668,boundary_aware,strong,0.014,0.0249422958734907,0.0594872795374839,0.905,0.0,0.4225,182.81225835563728
3527629668,boundary_aware,strong,0.018,0.0302222645325217,0.0738407247827983,0.835,0.0,0.4375,186.30288700884256
3527629668,boundary_aware,strong,0.02,0.0309959854656869,0.0745275676848897,0.825,0.0,0.4575,189.22658455625225
3527629668,boundary_aware,strong,0.022,0.0345067548334701,0.0862183777628782,0.8075,0.0,0.4575,188.22578597043665
3527629668,boundary_aware,strong,0.026,0.0379065912819339,0.0895639898580304,0.76,0.0,0.4875,193.84882841964787
3527629668,boundary_aware,strong,0.03,0.0445834055926831,0.1135236050918716,0.6825,0.0025,0.4825,195.60339656871048
3527629668,boundary_aware,strong,0.036,0.0528689411043483,0.1241339689855998,0.58,0.0,0.4975,202.4029393242241
3527629668,robust_control_aware,moderate,0.01,0.0149748570749505,0.0310083857105879,0.9825,0.0,0.4925,181.03278266349
3527629668,robust_control_aware,moderate,0.014,0.016473230812034,0.0330700573320385,0.98,0.0,0.52,186.2891886482323
3527629668,robust_control_aware,moderate,0.018,0.0193174725813421,0.0409463105395512,0.9775,0.0,0.5925,188.14226564722503
3527629668,robust_control_aware,moderate,0.02,0.0206916544339615,0.0461185693646149,0.9525,0.0,0.6125,186.8438139637688
3527629668,robust_control_aware,moderate,0.022,0.0209405799071798,0.0452894711359078,0.96,0.0,0.6325,188.26429148212617
3527629668,robust_control_aware,moderate,0.026,0.0232464014190812,0.0498397946910402,0.95,0.0,0.6,188.2290341441848
3527629668,robust_control_aware,moderate,0.03,0.0264716076856366,0.0667487317196355,0.915,0.0,0.5675,193.83886700060748
3527629668,robust_control_aware,moderate,0.036,0.0340261096667201,0.1003577369393149,0.8175,0.0025,0.485,196.3022138437252
3527629668,robust_control_aware,strong,0.01,0.0198492547047155,0.0556793425940215,0.935,0.0,0.435,184.58956789778483
3527629668,robust_control_aware,strong,0.014,0.0221663634213072,0.0575647358893247,0.92,0.0,0.465,184.1709145890651
3527629668,robust_control_aware,strong,0.018,0.0256005358301422,0.077383739236837,0.8875,0.0,0.5125,188.640753087552
3527629668,robust_control_aware,strong,0.02,0.0294399763651067,0.0875423545645497,0.8625,0.0,0.5,187.13161100194984
3527629668,robust_control_aware,strong,0.022,0.0314621690961783,0.0884959111587292,0.835,0.0025,0.495,191.60791211959983
3527629668,robust_control_aware,strong,0.026,0.0346771122208677,0.1053323669239518,0.81,0.005,0.4975,192.43228080825548
3527629668,robust_control_aware,strong,0.03,0.0429472592748688,0.1301204742748227,0.7475,0.0175,0.545,198.34052383034296
3527629668,robust_control_aware,strong,0.036,0.0528418601458093,0.1546709741843786,0.6375,0.025,0.4825,199.44462810952527
3087008538,boundary_aware,moderate,0.01,0.013724241862332,0.0328512711720168,0.9925,0.0,0.45,184.4290981095645
3087008538,boundary_aware,moderate,0.014,0.016549539352264,0.0366042564154021,0.985,0.0,0.48,191.0906321364728
3087008538,boundary_aware,moderate,0.018,0.0207249990644444,0.0463428199569453,0.965,0.0,0.5025,191.86157828419596
3087008538,boundary_aware,moderate,0.02,0.0221375063319349,0.0499990175710733,0.95,0.0,0.55,193.71292919147413
3087008538,boundary_aware,moderate,0.022,0.0234537439207121,0.0529670670255984,0.9375,0.0,0.535,195.998317143589
3087008538,boundary_aware,moderate,0.026,0.0289413981432168,0.0633682706269249,0.8675,0.0,0.555,199.9792916230924
3087008538,boundary_aware,moderate,0.03,0.0353998099513524,0.0759666766726572,0.7725,0.0,0.5625,202.41382365541293
3087008538,boundary_aware,moderate,0.036,0.0453587218879775,0.102957615735108,0.6475,0.0,0.5425,208.6788939109402
3087008538,boundary_aware,strong,0.01,0.0225812246739468,0.0575162144509057,0.9275,0.0,0.41,183.12904713967103
3087008538,boundary_aware,strong,0.014,0.0256122743003159,0.0656120707697092,0.875,0.0,0.4375,192.52377627412585
3087008538,boundary_aware,strong,0.018,0.031601334083407,0.0737584922847774,0.83,0.0,0.455,191.42317344567655
3087008538,boundary_aware,strong,0.02,0.0344467190334568,0.0775233827772576,0.7975,0.0,0.43,194.49882492599917
3087008538,boundary_aware,strong,0.022,0.0366544750752233,0.0869027024137104,0.7525,0.0,0.4625,196.5968835158065
3087008538,boundary_aware,strong,0.026,0.042788906993236,0.1003043060906252,0.6925,0.005,0.5025,197.76756436874567
3087008538,boundary_aware,strong,0.03,0.0475735005877802,0.1073780213026318,0.605,0.0,0.475,201.06825841263893
3087008538,boundary_aware,strong,0.036,0.0623269177341961,0.1384462683863701,0.43,0.005,0.47,207.68393488137588
3087008538,robust_control_aware,moderate,0.01,0.0140745609929507,0.0301407521644468,0.9825,0.0,0.4375,182.98467462028364
3087008538,robust_control_aware,moderate,0.014,0.0160242446396884,0.0317772486317206,0.985,0.0,0.535,192.0833676142026
3087008538,robust_control_aware,moderate,0.018,0.0175997185200492,0.037404203617702,0.98,0.0,0.565,192.60411291259675
3087008538,robust_control_aware,moderate,0.02,0.0185892879062232,0.0365725551634405,0.985,0.0,0.555,194.16149808916555
3087008538,robust_control_aware,moderate,0.022,0.0194698876744696,0.0405933222274557,0.975,0.0,0.62,192.65066825394356
3087008538,robust_control_aware,moderate,0.026,0.0213245605900669,0.0415715800127973,0.9725,0.0,0.605,195.44890737588184
3087008538,robust_control_aware,moderate,0.03,0.0244961241240643,0.0490885349515667,0.95,0.0,0.5625,196.35369292242933
3087008538,robust_control_aware,moderate,0.036,0.0302732081154104,0.0797747196445757,0.8925,0.0,0.5025,200.4507624130773
3087008538,robust_control_aware,strong,0.01,0.018079516056519,0.0486294991115004,0.95,0.0,0.4175,187.9848987847968
3087008538,robust_control_aware,strong,0.014,0.0195240726240151,0.0450518999160735,0.9575,0.0,0.5125,192.80897511290493
3087008538,robust_control_aware,strong,0.018,0.023192578091804,0.0588509730370788,0.915,0.0,0.53,192.29372289400123
3087008538,robust_control_aware,strong,0.02,0.0263995043435431,0.0726610596824652,0.9,0.0,0.485,195.8083692350355
3087008538,robust_control_aware,strong,0.022,0.0299311416084709,0.0946963996390768,0.8725,0.0025,0.5175,195.99916605958583
3087008538,robust_control_aware,strong,0.026,0.0350479549774944,0.117367428153857,0.815,0.0025,0.505,197.27332964846795
3087008538,robust_control_aware,strong,0.03,0.0392840400696774,0.1138180139818626,0.7625,0.0,0.515,202.995580826402
3087008538,robust_control_aware,strong,0.036,0.062935109352713,0.1578665328973308,0.515,0.0125,0.515,204.2580280004563
3008578821,boundary_aware,moderate,0.01,0.0128422694741403,0.0318589478137234,0.99,0.0,0.4325,176.55255779000146
3008578821,boundary_aware,moderate,0.014,0.0154235950066042,0.0375099713326161,0.98,0.0,0.4775,187.17972751775423
3008578821,boundary_aware,moderate,0.018,0.0197540924418651,0.0449505330899545,0.97,0.0,0.5125,191.5612929164355
3008578821,boundary_aware,moderate,0.02,0.0205173545645886,0.0458853560230871,0.965,0.0,0.5175,190.92886304100728
3008578821,boundary_aware,moderate,0.022,0.0228759324095091,0.052032688139778,0.9375,0.0,0.52,193.56409645164592
3008578821,boundary_aware,moderate,0.026,0.024931894785641,0.0568824384954133,0.9275,0.0,0.5275,196.06300473356424
3008578821,boundary_aware,moderate,0.03,0.0322671937884839,0.0720504573929861,0.8325,0.0,0.575,200.0251395100861
3008578821,boundary_aware,moderate,0.036,0.0378528202448012,0.0839964881476244,0.74,0.0025,0.54,201.41225644961253
3008578821,boundary_aware,strong,0.01,0.0160210691923849,0.0399085161217338,0.975,0.0,0.4425,178.89168450099856
3008578821,boundary_aware,strong,0.014,0.0198292271805129,0.0527824334742617,0.935,0.0,0.445,177.90348131765802
3008578821,boundary_aware,strong,0.018,0.0216275245736226,0.0494025517506653,0.95,0.0,0.45,185.2281012623789
3008578821,boundary_aware,strong,0.02,0.0257374934341346,0.0632019973573381,0.9025,0.0,0.465,188.24831429112368
3008578821,boundary_aware,strong,0.022,0.0259022554014062,0.0618741559406016,0.9075,0.0,0.4675,186.40598517713408
3008578821,boundary_aware,strong,0.026,0.0321712193912322,0.0777968133088684,0.8225,0.0,0.47,191.12155656260032
3008578821,boundary_aware,strong,0.03,0.0369960446595382,0.0848525511169942,0.77,0.0,0.4675,195.36167345394935
3008578821,boundary_aware,strong,0.036,0.0465486773743491,0.1050381576796315,0.6275,0.0,0.495,199.73427331095812
3008578821,robust_control_aware,moderate,0.01,0.0138477833490797,0.0283656945473435,0.99,0.0,0.4475,185.00859936742728
3008578821,robust_control_aware,moderate,0.014,0.0152111506275895,0.0313792066268611,0.9925,0.0,0.52,188.8462670504296
3008578821,robust_control_aware,moderate,0.018,0.0164169674182724,0.0325593936536369,0.99,0.0,0.6575,189.78928957250508
3008578821,robust_control_aware,moderate,0.02,0.0183033563650044,0.0377180639172208,0.9775,0.0,0.635,188.84540505297443
3008578821,robust_control_aware,moderate,0.022,0.0185054859629324,0.0389577490807236,0.985,0.0,0.61,191.65660891618293
3008578821,robust_control_aware,moderate,0.026,0.0201061916377889,0.0388126932896482,0.9725,0.0,0.585,191.0615868556993
3008578821,robust_control_aware,moderate,0.03,0.0224267456657992,0.0438798965042839,0.96,0.0,0.515,192.98853560034564
3008578821,robust_control_aware,moderate,0.036,0.0269243665132738,0.0600684181661719,0.9175,0.0,0.4825,195.9184033299038
3008578821,robust_control_aware,strong,0.01,0.014993683163944,0.0386503084678307,0.97,0.0,0.4325,181.1760016387072
3008578821,robust_control_aware,strong,0.014,0.0152895800811495,0.0352011744486993,0.9825,0.0,0.495,188.6999708254358
3008578821,robust_control_aware,strong,0.018,0.0197622733138908,0.0531098369953806,0.9475,0.0,0.56,187.0260328046295
3008578821,robust_control_aware,strong,0.02,0.0206785556814592,0.0532165584242881,0.935,0.0,0.5375,189.81352371239652
3008578821,robust_control_aware,strong,0.022,0.0212352567464669,0.0465726892697161,0.955,0.0,0.5325,192.9047655796703
3008578821,robust_control_aware,strong,0.026,0.0253487524973528,0.0680730845885655,0.9075,0.0,0.5225,193.1664783578325
3008578821,robust_control_aware,strong,0.03,0.0281044790238505,0.0740563029376203,0.88,0.0,0.5175,194.22183724203904
3008578821,robust_control_aware,strong,0.036,0.0363068854148871,0.1063476446823796,0.7825,0.0,0.4525,197.51476602819287
3015764885,boundary_aware,moderate,0.01,0.013369744127517,0.0332523621379491,0.9825,0.0,0.4675,181.05463727022857
3015764885,boundary_aware,moderate,0.014,0.0172002408530976,0.0431528034782916,0.9675,0.0,0.495,184.4460775223328
3015764885,boundary_aware,moderate,0.018,0.0203679636589529,0.0475049440795974,0.96,0.0,0.5525,186.43205571785995
3015764885,boundary_aware,moderate,0.02,0.0210746354421138,0.0481248847931638,0.9575,0.0,0.565,187.8164305645657
3015764885,boundary_aware,moderate,0.022,0.0236838782372013,0.0563145504675212,0.93,0.0,0.5325,188.58533819004504
3015764885,boundary_aware,moderate,0.026,0.027365564362496,0.0643561654837061,0.895,0.0,0.545,193.2149894421176
3015764885,boundary_aware,moderate,0.03,0.0287894582587742,0.0649403858101927,0.8575,0.0,0.5425,194.17729582635707
3015764885,boundary_aware,moderate,0.036,0.0372081767528129,0.0860310855251477,0.755,0.0025,0.57,198.27793055439213
3015764885,boundary_aware,strong,0.01,0.0177267166242353,0.0452178610660634,0.96,0.0,0.45,174.7258816641089
3015764885,boundary_aware,strong,0.014,0.0198629085397875,0.0512578568058071,0.945,0.0,0.435,178.13237721512945
3015764885,boundary_aware,strong,0.018,0.0230690022591765,0.0555176228208124,0.9275,0.0,0.4775,182.62408247518323
3015764885,boundary_aware,strong,0.02,0.0263424022368516,0.0617100015750326,0.8925,0.0,0.485,184.63716120435063
3015764885,boundary_aware,strong,0.022,0.0254963684596323,0.0631743588142317,0.895,0.0,0.4875,183.0008794978829
3015764885,boundary_aware,strong,0.026,0.0303372317543784,0.0745619595759144,0.855,0.0,0.5075,187.2029397101546
3015764885,boundary_aware,strong,0.03,0.0333439431162196,0.0791134157585584,0.7925,0.0,0.5275,191.53267150147207
3015764885,boundary_aware,strong,0.036,0.0410544755568941,0.1021688485238813,0.7175,0.0025,0.4875,192.53614882056263
3015764885,robust_control_aware,moderate,0.01,0.0147740435289626,0.0318962319748736,0.9875,0.0,0.4625,180.63732021195997
3015764885,robust_control_aware,moderate,0.014,0.016509212556592,0.0331210980155766,0.9775,0.0,0.5425,183.4519377533704
3015764885,robust_control_aware,moderate,0.018,0.0182553423863154,0.0371120618783608,0.975,0.0,0.6125,188.41564319316285
3015764885,robust_control_aware,moderate,0.02,0.0190678914720654,0.0392210125972481,0.9675,0.0,0.635,185.03877090430768
3015764885,robust_control_aware,moderate,0.022,0.0192113664479267,0.0391534349051878,0.975,0.0,0.6325,184.2173206420196
3015764885,robust_control_aware,moderate,0.026,0.0207359499318174,0.0417273669325173,0.97,0.0,0.5675,188.53696975995655
3015764885,robust_control_aware,moderate,0.03,0.024441607210807,0.0521145546550379,0.94,0.0,0.54,188.94995598388132
3015764885,robust_control_aware,moderate,0.036,0.0296887458299234,0.0819488086263777,0.8925,0.005,0.4375,191.39548316912212
3015764885,robust_control_aware,strong,0.01,0.0160352039723104,0.0450442157321106,0.96,0.0,0.465,173.154571343135
3015764885,robust_control_aware,strong,0.014,0.017207347898573,0.04140566425499,0.975,0.0,0.505,185.5422615113565
3015764885,robust_control_aware,strong,0.018,0.0216208193491322,0.0549125754973317,0.94,0.0,0.52,183.6581626207716
3015764885,robust_control_aware,strong,0.02,0.0234517596185343,0.0626032369885456,0.93,0.0,0.5475,187.83444325004467
3015764885,robust_control_aware,strong,0.022,0.0219708625424965,0.0610763921244133,0.935,0.0,0.5675,186.8703090796052
3015764885,robust_control_aware,strong,0.026,0.0227411559173157,0.0581817649773257,0.93,0.0,0.5375,190.27974980717812
3015764885,robust_control_aware,strong,0.03,0.0274534020360228,0.0722858551295057,0.8775,0.0,0.52,191.6688585220261
3015764885,robust_control_aware,strong,0.036,0.0356620167252456,0.105785491420005,0.8175,0.005,0.455,195.5107717515937
3233603356,boundary_aware,moderate,0.01,0.016976007861016,0.0410906328833409,0.98,0.0,0.46,180.33986538941767
3233603356,boundary_aware,moderate,0.014,0.0212556418319666,0.0503438395372797,0.9475,0.0,0.485,182.50370379126923
3233603356,boundary_aware,moderate,0.018,0.0234054425218756,0.0519343409445079,0.945,0.0,0.515,188.498385066866
3233603356,boundary_aware,moderate,0.02,0.0266091952965546,0.0590717331378831,0.8975,0.0,0.5025,187.69477560011296
3233603356,boundary_aware,moderate,0.022,0.0281342889958328,0.0669910132117872,0.8725,0.0,0.48,189.32166689820195
3233603356,boundary_aware,moderate,0.026,0.0350861769962517,0.076490273438787,0.7775,0.0,0.5175,194.384604005768
3233603356,boundary_aware,moderate,0.03,0.042177012290676,0.0974667435714246,0.7,0.0,0.55,194.5945015516054
3233603356,boundary_aware,moderate,0.036,0.0508770178740763,0.1143800056099012,0.6025,0.0025,0.54,199.3049193829536
3233603356,boundary_aware,strong,0.01,0.0286007331728077,0.0740253511765106,0.865,0.0,0.4225,182.5711507392026
3233603356,boundary_aware,strong,0.014,0.0340500534294006,0.0839594484442415,0.7875,0.0,0.44,186.47102752013973
3233603356,boundary_aware,strong,0.018,0.0450539994974273,0.1114434351003619,0.655,0.0,0.4325,187.18710326137293
3233603356,boundary_aware,strong,0.02,0.0456035969139618,0.1033286601797495,0.6525,0.0,0.4025,190.22902895457412
3233603356,boundary_aware,strong,0.022,0.0481448006669915,0.1107965460470415,0.6275,0.005,0.4425,191.87023789991616
3233603356,boundary_aware,strong,0.026,0.0554323611114976,0.1224397029478623,0.54,0.0025,0.4525,194.1783268765336
3233603356,boundary_aware,strong,0.03,0.0636995416423751,0.1441125855403855,0.45,0.0125,0.4525,197.52995331627767
3233603356,boundary_aware,strong,0.036,0.0881277097134466,0.2016713900197401,0.265,0.0525,0.4475,203.84339507794763
3233603356,robust_control_aware,moderate,0.01,0.016023327727986,0.0369556148689574,0.98,0.0,0.4675,177.97256318976264
3233603356,robust_control_aware,moderate,0.014,0.0182456272732557,0.0376148632785777,0.9675,0.0,0.5525,186.01713949080607
3233603356,robust_control_aware,moderate,0.018,0.020124476020046,0.0412327383973588,0.975,0.0,0.5275,183.75310050023208
3233603356,robust_control_aware,moderate,0.02,0.0214523528164745,0.0462357193658167,0.96,0.0,0.6075,185.89633819469145
3233603356,robust_control_aware,moderate,0.022,0.0245419057174261,0.0546717276366148,0.94,0.005,0.6225,189.3426719857384
3233603356,robust_control_aware,moderate,0.026,0.0250001738746071,0.0569201165886277,0.94,0.0,0.595,189.3660966060648
3233603356,robust_control_aware,moderate,0.03,0.0279629040620037,0.0701457510763123,0.895,0.0,0.585,191.42995540064487
3233603356,robust_control_aware,moderate,0.036,0.0423835826280342,0.1216920889119482,0.7325,0.0,0.595,196.47751643854963
3233603356,robust_control_aware,strong,0.01,0.0237687774325013,0.0650957798355423,0.9025,0.0,0.4325,186.40285406292003
3233603356,robust_control_aware,strong,0.014,0.0299581006841357,0.0814097441790711,0.84,0.0025,0.4425,185.03122738527537
3233603356,robust_control_aware,strong,0.018,0.0418533020614753,0.1134773967755791,0.73,0.005,0.4725,189.00404781570847
3233603356,robust_control_aware,strong,0.02,0.0415200500488469,0.1182686890934873,0.7225,0.005,0.4975,190.6886988029719
3233603356,robust_control_aware,strong,0.022,0.0485850076611732,0.1311589300077231,0.64,0.005,0.4775,189.70589575407445
3233603356,robust_control_aware,strong,0.026,0.0591905051028232,0.1384215173561217,0.525,0.0075,0.49,190.56752276843383
3233603356,robust_control_aware,strong,0.03,0.0768326742086738,0.1877744308527434,0.395,0.035,0.4675,192.1415719436564
3233603356,robust_control_aware,strong,0.036,0.0895116608021889,0.1991896856183259,0.3075,0.05,0.465,195.15309988439677
3430742932,boundary_aware,moderate,0.01,0.015633794527364,0.0396057165618968,0.9825,0.0,0.4425,176.82581584437614
3430742932,boundary_aware,moderate,0.014,0.0194764082540139,0.0509489409825168,0.94,0.0,0.49,181.38672017589795
3430742932,boundary_aware,moderate,0.018,0.0243946159246231,0.0592899418210973,0.92,0.0,0.475,182.31565053081687
3430742932,boundary_aware,moderate,0.02,0.0252863979525515,0.061075916799885,0.9125,0.0,0.4975,188.52970602076687
3430742932,boundary_aware,moderate,0.022,0.0282647691465015,0.0619475311361436,0.88,0.0,0.5,190.86642075639668
3430742932,boundary_aware,moderate,0.026,0.0312097750087708,0.0700303633790542,0.8575,0.0,0.5475,191.95556125893705
3430742932,boundary_aware,moderate,0.03,0.0371038438987175,0.0838739325985286,0.7675,0.0,0.5475,195.9780609616746
3430742932,boundary_aware,moderate,0.036,0.0446815814792051,0.1000933348477156,0.6525,0.0,0.555,199.1579005410317
3430742932,boundary_aware,strong,0.01,0.0248051641264764,0.0656281869231195,0.8925,0.0,0.4025,173.32082029727866
3430742932,boundary_aware,strong,0.014,0.0286555543598601,0.0698958955712878,0.8625,0.0,0.435,183.6764899533965
3430742932,boundary_aware,strong,0.018,0.0357504881389537,0.0922222984765556,0.79,0.0025,0.3975,181.10291284594308
3430742932,boundary_aware,strong,0.02,0.0381982071309163,0.0918527731977114,0.735,0.0,0.42,184.76447543191364
3430742932,boundary_aware,strong,0.022,0.0432315459157186,0.1108970061686254,0.6875,0.0025,0.44,187.16256899315084
3430742932,boundary_aware,strong,0.026,0.0475170086939085,0.1129010214086075,0.64,0.0025,0.4625,191.82484291662308
3430742932,boundary_aware,strong,0.03,0.0523251999796452,0.124818288147041,0.585,0.005,0.4575,193.90169479855567
3430742932,boundary_aware,strong,0.036,0.0635737146547119,0.1454667315575272,0.4425,0.0125,0.475,198.17842341762795
3430742932,robust_control_aware,moderate,0.01,0.0161210195661177,0.0357964419365784,0.97,0.0,0.4475,173.71934708915222
3430742932,robust_control_aware,moderate,0.014,0.0182843852075774,0.0410125469388834,0.9675,0.0,0.5,179.15299269423062
3430742932,robust_control_aware,moderate,0.018,0.0196634799384395,0.0418082170055434,0.965,0.0,0.585,179.03221520674097
3430742932,robust_control_aware,moderate,0.02,0.0207188715362461,0.0465330232733014,0.9625,0.0,0.5125,178.82058883923187
3430742932,robust_control_aware,moderate,0.022,0.0215016162379253,0.0445454611822172,0.9625,0.0,0.5575,183.5695312493715
3430742932,robust_control_aware,moderate,0.026,0.0241116523020762,0.0508155329734632,0.945,0.0,0.6,185.63516640785852
3430742932,robust_control_aware,moderate,0.03,0.0282323701839621,0.0674505331092015,0.9075,0.0,0.5625,190.49393685788505
3430742932,robust_control_aware,moderate,0.036,0.0343971753579196,0.1004500825688812,0.8325,0.0025,0.5225,190.37701724915453
3430742932,robust_control_aware,strong,0.01,0.01810728540443,0.0482271309694681,0.955,0.0,0.4225,168.11146458072704
3430742932,robust_control_aware,strong,0.014,0.0234392988768444,0.0622005969420858,0.9175,0.0,0.4675,182.57305485219484
3430742932,robust_control_aware,strong,0.018,0.0261228877594754,0.0735299210428461,0.9,0.0,0.4925,183.7475185992033
3430742932,robust_control_aware,strong,0.02,0.0320781251172391,0.0995992490127595,0.845,0.0025,0.5375,186.72110947815628
3430742932,robust_control_aware,strong,0.022,0.0333071296147804,0.1057230890087576,0.83,0.0025,0.5025,186.390761521637
3430742932,robust_control_aware,strong,0.026,0.036649436600341,0.105421947437193,0.79,0.0,0.5125,187.48608208617145
3430742932,robust_control_aware,strong,0.03,0.0464868447814856,0.131133287433556,0.6825,0.0025,0.4975,190.7943297540469
3430742932,robust_control_aware,strong,0.036,0.0643406079496993,0.1707144237621727,0.5425,0.0175,0.4825,193.9841607039337
3740935724,boundary_aware,moderate,0.01,0.0133479407776496,0.0323012202855654,0.9875,0.0,0.4675,181.5265218061224
3740935724,boundary_aware,moderate,0.014,0.0165688269958447,0.0378357290541533,0.9775,0.0,0.4925,186.3185627225093
3740935724,boundary_aware,moderate,0.018,0.0206699619126797,0.0465614785297759,0.955,0.0,0.4875,192.03897829211152
3740935724,boundary_aware,moderate,0.02,0.021194775223034,0.050995432022706,0.945,0.0,0.5125,192.17381119212868
3740935724,boundary_aware,moderate,0.022,0.0239032514164084,0.0551889203989739,0.93,0.0,0.49,194.9474576064848
3740935724,boundary_aware,moderate,0.026,0.0291627542565217,0.0675217005424056,0.8625,0.0,0.545,198.20051003190656
3740935724,boundary_aware,moderate,0.03,0.0341101483192344,0.074743650830713,0.7875,0.0,0.5575,198.12885793070137
3740935724,boundary_aware,moderate,0.036,0.0431332688915347,0.0949895852731479,0.6775,0.0,0.525,202.9107055113409
3740935724,boundary_aware,strong,0.01,0.0188167787309699,0.0471708229733603,0.9575,0.0,0.395,183.92524651698216
3740935724,boundary_aware,strong,0.014,0.0222022597405917,0.0520179689694706,0.94,0.0,0.425,184.55978896661105
3740935724,boundary_aware,strong,0.018,0.0280737281557343,0.0627257723137815,0.88,0.0,0.4425,190.3845594988314
3740935724,boundary_aware,strong,0.02,0.0279224373297215,0.0599853060402979,0.87,0.0,0.455,187.42583108491763
3740935724,boundary_aware,strong,0.022,0.0303036725605708,0.0714266560495298,0.8425,0.0,0.4725,191.4889430699489
3740935724,boundary_aware,strong,0.026,0.0361931400313395,0.0755127604765405,0.7725,0.0,0.475,192.9843465957738
3740935724,boundary_aware,strong,0.03,0.0426647064272614,0.0966534474089397,0.6725,0.0,0.4825,195.8033602888528
3740935724,boundary_aware,strong,0.036,0.0548356825989089,0.122720727008353,0.5325,0.0025,0.4825,197.83693397490225
3740935724,robust_control_aware,moderate,0.01,0.0139542960120075,0.0296744304396948,0.995,0.0,0.505,188.21827714437825
3740935724,robust_control_aware,moderate,0.014,0.0165725086997747,0.0313751836269092,0.9925,0.0,0.53,186.87162153837264
3740935724,robust_control_aware,moderate,0.018,0.0170172386325938,0.0318947563926937,0.99,0.0,0.5825,188.11272837694548
3740935724,robust_control_aware,moderate,0.02,0.019048619380289,0.0374463355790165,0.9775,0.0,0.5975,188.09700761763224
3740935724,robust_control_aware,moderate,0.022,0.0200096048388084,0.0376967803995454,0.9725,0.0,0.605,188.8877504495505
3740935724,robust_control_aware,moderate,0.026,0.020739711421527,0.0410633600548655,0.9825,0.0,0.5675,192.3471555096663
3740935724,robust_control_aware,moderate,0.03,0.0219198269948772,0.0439883829279146,0.9625,0.0,0.5125,191.78557083704945
3740935724,robust_control_aware,moderate,0.036,0.0257661732477456,0.0553219995495408,0.9325,0.0,0.45,191.7777857299051
3740935724,robust_control_aware,strong,0.01,0.0150978578522931,0.0350734014253589,0.985,0.0,0.4675,179.79652334146925
3740935724,robust_control_aware,strong,0.014,0.0169693940854078,0.0395745025562858,0.975,0.0,0.51,185.45257399725216
3740935724,robust_control_aware,strong,0.018,0.0186685718980088,0.0446964986803048,0.9625,0.0,0.5275,189.97113221144653
3740935724,robust_control_aware,strong,0.02,0.0199283053113355,0.0448934854802282,0.9625,0.0,0.5325,187.8702122704216
3740935724,robust_control_aware,strong,0.022,0.0199115811343039,0.0453213340472274,0.97,0.0,0.545,188.0450275104632
3740935724,robust_control_aware,strong,0.026,0.0241164730697202,0.0523796483604789,0.9375,0.0,0.5125,191.45034257573445
3740935724,robust_control_aware,strong,0.03,0.0325149371712392,0.08984486583375,0.8325,0.005,0.525,192.4152517156272
3740935724,robust_control_aware,strong,0.036,0.0344197847775545,0.095172184950673,0.8025,0.0,0.45,192.31892330908912
3791664053,boundary_aware,moderate,0.01,0.011887996035353,0.0296039060800631,0.995,0.0,0.485,185.36506796085936
3791664053,boundary_aware,moderate,0.014,0.0149700944556885,0.0355533109934529,0.9875,0.0,0.5,190.88766857142548
3791664053,boundary_aware,moderate,0.018,0.0165046055236664,0.0376624242422558,0.995,0.0,0.54,192.30117571282267
3791664053,boundary_aware,moderate,0.02,0.0191281920823771,0.0425117288926721,0.9725,0.0,0.535,194.166092006558
3791664053,boundary_aware,moderate,0.022,0.0210373213553204,0.0501818107965012,0.9475,0.0,0.5475,195.85992670201904
3791664053,boundary_aware,moderate,0.026,0.0251023828615962,0.0555119586563103,0.9175,0.0,0.555,198.21127330432404
3791664053,boundary_aware,moderate,0.03,0.0282535980420049,0.0603801699053214,0.8775,0.0,0.52,198.68250921564444
3791664053,boundary_aware,moderate,0.036,0.0353281053759318,0.0769781373275481,0.7875,0.0,0.5725,205.8133350344309
3791664053,boundary_aware,strong,0.01,0.015786239981598,0.0397192936270934,0.9775,0.0,0.4375,179.71895480433204
3791664053,boundary_aware,strong,0.014,0.0180215674624219,0.0439677156251609,0.97,0.0,0.455,181.3725695672378
3791664053,boundary_aware,strong,0.018,0.0200897352909193,0.0444149160366432,0.9675,0.0,0.46,185.8876482232534
3791664053,boundary_aware,strong,0.02,0.0213441551688689,0.0488093281406662,0.95,0.0,0.4675,185.5831819947148
3791664053,boundary_aware,strong,0.022,0.023693685749903,0.0565195220700665,0.93,0.0,0.4725,185.42540419478712
3791664053,boundary_aware,strong,0.026,0.0277357587520052,0.0628985808919899,0.8825,0.0,0.48,192.73915860419729
3791664053,boundary_aware,strong,0.03,0.0302275147143429,0.0688238673753984,0.835,0.0,0.5125,190.33183075835063
3791664053,boundary_aware,strong,0.036,0.0338456168389745,0.0710078129605171,0.78,0.0,0.5,198.28549008858752
3791664053,robust_control_aware,moderate,0.01,0.0138560502874761,0.0281803487091628,0.9975,0.0,0.48,190.2652507628103
3791664053,robust_control_aware,moderate,0.014,0.0153445825144837,0.0307886731842074,0.9875,0.0,0.585,192.6529391150089
3791664053,robust_control_aware,moderate,0.018,0.0165243974402959,0.0321087769420951,0.9925,0.0,0.62,189.79476028112845
3791664053,robust_control_aware,moderate,0.02,0.0172376156785325,0.0333943480764789,0.9925,0.0,0.615,188.99353658977049
3791664053,robust_control_aware,moderate,0.022,0.0184317967562949,0.0358570538303094,0.9825,0.0,0.585,191.69165231664115
3791664053,robust_control_aware,moderate,0.026,0.0201365496514234,0.0380331316381426,0.9875,0.0,0.55,193.92063320798732
3791664053,robust_control_aware,moderate,0.03,0.0212084075907563,0.042319429162787,0.975,0.0,0.48,195.24498732121376
3791664053,robust_control_aware,moderate,0.036,0.0260234340084714,0.0533722461889056,0.935,0.0025,0.3925,196.13304135538877
3791664053,robust_control_aware,strong,0.01,0.0117584585974491,0.0308119464176973,0.9925,0.0,0.4975,179.39161420545975
3791664053,robust_control_aware,strong,0.014,0.0149401239151194,0.0331421196967153,0.9725,0.0,0.5225,186.795695462912
3791664053,robust_control_aware,strong,0.018,0.0158260859153634,0.0364620950758691,0.985,0.0,0.53,189.2534712214517
3791664053,robust_control_aware,strong,0.02,0.0160301618202433,0.035383485212612,0.9825,0.0,0.56,189.3471802158151
3791664053,robust_control_aware,strong,0.022,0.0172286427625622,0.036766261551502,0.98,0.0,0.515,189.9381317926756
3791664053,robust_control_aware,strong,0.026,0.0207448265045409,0.0455511622030407,0.9575,0.0,0.5175,192.68809828508236
3791664053,robust_control_aware,strong,0.03,0.023777599006572,0.0615314871577336,0.92,0.0,0.4875,195.83467137672315
3791664053,robust_control_aware,strong,0.036,0.0307670750361589,0.0942539308364125,0.855,0.0,0.415,193.24595920582695
3601623917,boundary_aware,moderate,0.01,0.0131727948921363,0.0353163336759199,0.985,0.0,0.495,179.5153972421099
3601623917,boundary_aware,moderate,0.014,0.0167280369354831,0.0395689124752865,0.98,0.0,0.525,185.12804360706224
3601623917,boundary_aware,moderate,0.018,0.0206260375487653,0.0503211409889518,0.9475,0.0,0.505,189.52778077853043
3601623917,boundary_aware,moderate,0.02,0.0226827415715847,0.0507148854090544,0.9475,0.0,0.535,188.90012709304187
3601623917,boundary_aware,moderate,0.022,0.0225423127252726,0.0497994807090077,0.95,0.0,0.5125,187.50454430787045
3601623917,boundary_aware,moderate,0.026,0.0262765932464558,0.0574227318599704,0.8875,0.0,0.555,194.099228298932
3601623917,boundary_aware,moderate,0.03,0.0326353129834191,0.0719594368996056,0.815,0.0,0.555,194.295839756576
3601623917,boundary_aware,moderate,0.036,0.0387929293277019,0.0809733159093783,0.72,0.0,0.5475,196.4175298111572
3601623917,boundary_aware,strong,0.01,0.018772709381424,0.0507432460874629,0.9475,0.0,0.4275,172.9657543355872
3601623917,boundary_aware,strong,0.014,0.0228072242349272,0.0539832038671204,0.9325,0.0,0.44,179.85581224374818
3601623917,boundary_aware,strong,0.018,0.0273354823497555,0.0609710288941967,0.885,0.0,0.4625,181.03377810614413
3601623917,boundary_aware,strong,0.02,0.0273764334106913,0.0634362166808085,0.89,0.0,0.475,184.6454464651368
3601623917,boundary_aware,strong,0.022,0.0289944488852952,0.0651566842702698,0.875,0.0,0.4675,184.91701811708265
3601623917,boundary_aware,strong,0.026,0.0321987297590938,0.0698426030780562,0.825,0.0,0.485,189.09188409517856
3601623917,boundary_aware,strong,0.03,0.0397679441671177,0.0912128934333845,0.705,0.0,0.47,189.2231985366153
3601623917,boundary_aware,strong,0.036,0.0481337925018772,0.113217056235532,0.625,0.005,0.5075,195.37272564728556
3601623917,robust_control_aware,moderate,0.01,0.0149681775911554,0.0306278881713256,0.99,0.0,0.495,186.3489048741374
3601623917,robust_control_aware,moderate,0.014,0.0163124201440168,0.0300601760420594,0.985,0.0,0.5125,186.41741487089143
3601623917,robust_control_aware,moderate,0.018,0.0187136014089627,0.0395664793695738,0.9675,0.0,0.64,183.7398693928993
3601623917,robust_control_aware,moderate,0.02,0.0193821010544147,0.0400754723337891,0.9725,0.0,0.585,186.6346740795008
3601623917,robust_control_aware,moderate,0.022,0.0203311487865298,0.0383825765998931,0.9725,0.0,0.6225,188.5351122471012
3601623917,robust_control_aware,moderate,0.026,0.0216359832331752,0.0414644072727953,0.97,0.0,0.5775,191.9610857564089
3601623917,robust_control_aware,moderate,0.03,0.0232550918997125,0.0454961239781891,0.97,0.0,0.51,190.64334162364864
3601623917,robust_control_aware,moderate,0.036,0.0285780335216714,0.0716787225619821,0.8925,0.0,0.4825,194.6509973441951
3601623917,robust_control_aware,strong,0.01,0.0171186835923229,0.0418580803988995,0.9625,0.0,0.485,185.25335842318933
3601623917,robust_control_aware,strong,0.014,0.0211816242861487,0.0513639611016769,0.945,0.0,0.52,188.45016258089305
3601623917,robust_control_aware,strong,0.018,0.0233702150897946,0.060654328099887,0.9325,0.0025,0.5225,190.55890980896285
3601623917,robust_control_aware,strong,0.02,0.0217550808425816,0.0543531467919818,0.94,0.0,0.5825,191.0144704207299
3601623917,robust_control_aware,strong,0.022,0.0286685808789615,0.0764609934443902,0.8725,0.005,0.53,191.0552539075024
3601623917,robust_control_aware,strong,0.026,0.0282431952548472,0.0742478584943477,0.8775,0.0025,0.515,192.1226498625548
3601623917,robust_control_aware,strong,0.03,0.0372457381189127,0.1019074042061235,0.78,0.0075,0.545,193.1431007618293
3601623917,robust_control_aware,strong,0.036,0.0457089617392576,0.1255955502682577,0.6725,0.0,0.5125,194.99460280581255
3997385386,boundary_aware,moderate,0.01,0.0129954362469502,0.0318673132128834,0.9975,0.0,0.4375,184.75554431118007
3997385386,boundary_aware,moderate,0.014,0.0165237207397209,0.0372080315821331,0.99,0.0,0.4625,185.30563883620903
3997385386,boundary_aware,moderate,0.018,0.0203906670526375,0.0459028528977111,0.96,0.0,0.49,193.68726869743705
3997385386,boundary_aware,moderate,0.02,0.0225541857446376,0.0503305142030408,0.945,0.0,0.515,191.93005089798984
3997385386,boundary_aware,moderate,0.022,0.0237246302496169,0.054251096493367,0.9275,0.0,0.5275,192.4337850074701
3997385386,boundary_aware,moderate,0.026,0.0277491422608097,0.0593630920621622,0.8875,0.0,0.515,195.02946378624156
3997385386,boundary_aware,moderate,0.03,0.0327129283470165,0.0721174925008534,0.8175,0.0,0.5425,201.29255286677477
3997385386,boundary_aware,moderate,0.036,0.041782673708586,0.0904512889508722,0.675,0.0,0.505,202.9690198289572
3997385386,boundary_aware,strong,0.01,0.0187614938076036,0.0496475455454025,0.95,0.0,0.42,177.37707162224325
3997385386,boundary_aware,strong,0.014,0.0213190257719629,0.0501071302028661,0.9475,0.0,0.41,182.7681430826212
3997385386,boundary_aware,strong,0.018,0.0259361224631332,0.0653238435188742,0.885,0.0,0.435,185.0758990063403
3997385386,boundary_aware,strong,0.02,0.0272034358096206,0.0632359693490065,0.8775,0.0,0.455,188.90830470827973
3997385386,boundary_aware,strong,0.022,0.0292313436363569,0.066497790081223,0.855,0.0,0.465,191.19775048683772
3997385386,boundary_aware,strong,0.026,0.0326036888265145,0.0771049065364261,0.8275,0.0,0.455,192.6860843751076
3997385386,boundary_aware,strong,0.03,0.0396114323201201,0.0905208262147311,0.7125,0.0,0.4975,192.6740184368872
3997385386,boundary_aware,strong,0.036,0.0481212378025953,0.1185624604676755,0.6125,0.0,0.49,199.14819547969705
3997385386,robust_control_aware,moderate,0.01,0.0141976099233893,0.0270533211927704,0.995,0.0,0.465,181.22874353454765
3997385386,robust_control_aware,moderate,0.014,0.0168299945320415,0.0318297365265463,0.9875,0.0,0.4925,188.9877669244532
3997385386,robust_control_aware,moderate,0.018,0.0179945845301071,0.033225413626512,0.9875,0.0,0.605,188.95386082308357
3997385386,robust_control_aware,moderate,0.02,0.0184107368540357,0.0352360432377674,0.985,0.0,0.6075,190.1845546228513
3997385386,robust_control_aware,moderate,0.022,0.0199001959216789,0.0397831991141789,0.9775,0.0,0.5975,191.55563785694616
3997385386,robust_control_aware,moderate,0.026,0.0216760312295171,0.0433947372221978,0.965,0.0,0.5725,193.26395673261536
3997385386,robust_control_aware,moderate,0.03,0.0236960969087731,0.050166625309101,0.9475,0.0,0.48,191.31006744664504
3997385386,robust_control_aware,moderate,0.036,0.0297221114542101,0.0819287873689841,0.8775,0.0,0.4375,195.00209889540724
3997385386,robust_control_aware,strong,0.01,0.0178939100162515,0.0457502902593265,0.96,0.0,0.4575,181.6564734864055
3997385386,robust_control_aware,strong,0.014,0.0185451050368422,0.0448826071235802,0.96,0.0,0.48,185.60569570475977
3997385386,robust_control_aware,strong,0.018,0.0211288018670058,0.0512841774965797,0.945,0.0,0.5175,190.6320537020018
3997385386,robust_control_aware,strong,0.02,0.0258232792956971,0.0699903059770017,0.8975,0.0,0.4875,189.60703705933344
3997385386,robust_control_aware,strong,0.022,0.0255102302341189,0.0610920819741398,0.9125,0.0,0.505,193.3272795571758
3997385386,robust_control_aware,strong,0.026,0.0343505194283317,0.0989025090834218,0.7875,0.0,0.5175,199.05727391668475
3997385386,robust_control_aware,strong,0.03,0.0420478434249892,0.1178564080274886,0.7175,0.0,0.465,198.16406628772316
3997385386,robust_control_aware,strong,0.036,0.0510674305327791,0.1422950259939342,0.63,0.0075,0.4675,197.4559799171501
3315063384,boundary_aware,moderate,0.01,0.0127545449672703,0.03199452544047,0.9925,0.0,0.4675,180.55150403441647
3315063384,boundary_aware,moderate,0.014,0.0174763924128541,0.0417351093888983,0.9775,0.0,0.475,185.22775310897265
3315063384,boundary_aware,moderate,0.018,0.0204924816746842,0.0482221331129431,0.9525,0.0,0.5325,187.13140145130475
3315063384,boundary_aware,moderate,0.02,0.0235077096528607,0.0536042357386989,0.9325,0.0,0.5475,190.1056056975157
3315063384,boundary_aware,moderate,0.022,0.0244388063902161,0.0553691524529511,0.915,0.0,0.5325,192.9115966037513
3315063384,boundary_aware,moderate,0.026,0.0275860676763043,0.0612664859267033,0.895,0.0,0.56,189.9810062533992
3315063384,boundary_aware,moderate,0.03,0.0336376214298732,0.0716465672577936,0.81,0.0,0.5525,195.08164690035133
3315063384,boundary_aware,moderate,0.036,0.0419158592467498,0.0918019878453546,0.7025,0.0,0.5525,198.3528749902224
3315063384,boundary_aware,strong,0.01,0.0223603556176197,0.0536627640053887,0.925,0.0,0.42,178.2051107980543
3315063384,boundary_aware,strong,0.014,0.0250469332889604,0.0621390175958861,0.9,0.0,0.455,184.83686609640463
3315063384,boundary_aware,strong,0.018,0.0301043245403488,0.0694700448893278,0.8325,0.0,0.47,186.91027741770063
3315063384,boundary_aware,strong,0.02,0.0308717814855786,0.0704142397861677,0.8275,0.0,0.4625,188.4850047938301
3315063384,boundary_aware,strong,0.022,0.0325501011032931,0.0746317383316641,0.8025,0.0,0.4575,188.967080477546
3315063384,boundary_aware,strong,0.026,0.0379001817962217,0.0899005629083638,0.735,0.0,0.485,190.34602940941195
3315063384,boundary_aware,strong,0.03,0.0479555443057577,0.1123034886521772,0.6125,0.0025,0.4825,193.0627489583305
3315063384,boundary_aware,strong,0.036,0.0590801417532861,0.1357697138245131,0.4875,0.005,0.47,195.60794072514256
3315063384,robust_control_aware,moderate,0.01,0.0146383777158772,0.031495750106257,0.985,0.0,0.475,181.72647711693105
3315063384,robust_control_aware,moderate,0.014,0.0159302694790382,0.0336258188588732,0.9875,0.0,0.535,188.5045390258305
3315063384,robust_control_aware,moderate,0.018,0.0184622180101208,0.0383370307222785,0.975,0.0,0.5975,186.223762908933
3315063384,robust_control_aware,moderate,0.02,0.0188662668012421,0.0373739822882613,0.98,0.0,0.605,187.98199441412635
3315063384,robust_control_aware,moderate,0.022,0.0192567588303359,0.0401055344581124,0.975,0.0,0.5825,187.11026193793936
3315063384,robust_control_aware,moderate,0.026,0.0226508266301597,0.0486916190417586,0.955,0.0,0.6375,189.04438467648563
3315063384,robust_control_aware,moderate,0.03,0.0229946210480196,0.050175007431809,0.9475,0.0,0.4925,189.98035710217223
3315063384,robust_control_aware,moderate,0.036,0.0291669755807572,0.0726204454092089,0.9025,0.0,0.48,193.8877511382881
3315063384,robust_control_aware,strong,0.01,0.0155046106536045,0.038310093827662,0.9825,0.0,0.4975,183.8382941463313
3315063384,robust_control_aware,strong,0.014,0.0187407256920152,0.0470998652140335,0.955,0.0,0.5225,187.20733890397213
3315063384,robust_control_aware,strong,0.018,0.0223289268671572,0.0667915109349449,0.9125,0.0,0.53,185.80797850133297
3315063384,robust_control_aware,strong,0.02,0.0217731857247002,0.0561159894327069,0.9375,0.0,0.5625,186.86119539803693
3315063384,robust_control_aware,strong,0.022,0.0231602363705854,0.0556038611093712,0.9325,0.0,0.5825,189.58031365821205
3315063384,robust_control_aware,strong,0.026,0.0299277258032464,0.0889183088547117,0.85,0.0025,0.515,189.4316175565725
3315063384,robust_control_aware,strong,0.03,0.0348280897528791,0.1050335018893242,0.8025,0.0025,0.4925,191.9083953390578
3315063384,robust_control_aware,strong,0.036,0.0440120834320424,0.1229874793302365,0.705,0.0025,0.4875,197.490876252463
3334509926,boundary_aware,moderate,0.01,0.0148192879063211,0.0383883505027315,0.9875,0.0,0.4525,183.4894809479955
3334509926,boundary_aware,moderate,0.014,0.0195303881710252,0.0455246319272227,0.9575,0.0,0.475,188.83905634469164
3334509926,boundary_aware,moderate,0.018,0.0234288019245305,0.0558051174180407,0.935,0.0,0.4975,191.16606216633875
3334509926,boundary_aware,moderate,0.02,0.0244652132992308,0.0533056132485294,0.9275,0.0,0.4825,191.00130332580096
3334509926,boundary_aware,moderate,0.022,0.0258704578897629,0.0575682531637952,0.91,0.0,0.5,192.38083934241476
3334509926,boundary_aware,moderate,0.026,0.0333835424232912,0.0758133131489981,0.8075,0.0,0.495,197.39471245800064
3334509926,boundary_aware,moderate,0.03,0.0375539207666366,0.0834511489166004,0.7475,0.0,0.4925,197.412716713016
3334509926,boundary_aware,moderate,0.036,0.0467519527670629,0.1017109782484253,0.62,0.0,0.5375,201.663057872107
3334509926,boundary_aware,strong,0.01,0.0279687996381734,0.0691315178108474,0.86,0.0,0.3825,181.15094412006687
3334509926,boundary_aware,strong,0.014,0.0320075826517015,0.080710787816058,0.805,0.0,0.4175,182.182488818966
3334509926,boundary_aware,strong,0.018,0.0349401485673727,0.0790249719226525,0.785,0.0,0.4075,189.0150111712459
3334509926,boundary_aware,strong,0.02,0.0359841187728207,0.0802295245653943,0.7725,0.0,0.3975,189.52478410725053
3334509926,boundary_aware,strong,0.022,0.0418148240209423,0.0994545067148547,0.69,0.0,0.4275,188.7159994503005
3334509926,boundary_aware,strong,0.026,0.0484873949674467,0.1152156507724304,0.6025,0.005,0.43,194.49012725951692
3334509926,boundary_aware,strong,0.03,0.0536325226857335,0.1207573497408761,0.5475,0.0025,0.4475,193.74577769114808
3334509926,boundary_aware,strong,0.036,0.0705566967730272,0.1564241773072385,0.385,0.0175,0.445,200.3951390825166
3334509926,robust_control_aware,moderate,0.01,0.0155983083866493,0.0312297598420892,0.995,0.0,0.4725,188.8930961946142
3334509926,robust_control_aware,moderate,0.014,0.0174589821137059,0.0367369120658633,0.985,0.0,0.495,189.43358787577068
3334509926,robust_control_aware,moderate,0.018,0.0191666848705972,0.0375231602746639,0.975,0.0,0.55,190.9125723168396
3334509926,robust_control_aware,moderate,0.02,0.0202475101889449,0.0410153212849648,0.9725,0.0,0.6175,190.3389548209481
3334509926,robust_control_aware,moderate,0.022,0.0214287597535547,0.0421894315176098,0.9725,0.0,0.65,192.0349481912774
3334509926,robust_control_aware,moderate,0.026,0.0229079861236703,0.0446266289293661,0.97,0.0,0.58,192.35428223716676
3334509926,robust_control_aware,moderate,0.03,0.0260657752900412,0.0523783570278965,0.9375,0.0,0.5625,195.75871229391345
3334509926,robust_control_aware,moderate,0.036,0.0363283411152208,0.1058339525570795,0.8125,0.0025,0.51,199.42550255994064
3334509926,robust_control_aware,strong,0.01,0.0291982809567433,0.0982479691591842,0.835,0.0,0.4275,181.32123208187903
3334509926,robust_control_aware,strong,0.014,0.0340874421410043,0.1040873324867055,0.7875,0.0,0.425,186.61336543508253
3334509926,robust_control_aware,strong,0.018,0.0344873892939653,0.102156591312261,0.7975,0.0,0.4825,192.27880494047656
3334509926,robust_control_aware,strong,0.02,0.0340995779870318,0.0924462435649277,0.8075,0.0025,0.4675,194.3332501616482
3334509926,robust_control_aware,strong,0.022,0.0454463533072513,0.1249040064569115,0.67,0.0,0.4975,192.00524285398063
3334509926,robust_control_aware,strong,0.026,0.0500283583882435,0.1342336660869408,0.625,0.005,0.4775,196.7184397686028
3334509926,robust_control_aware,strong,0.03,0.0634168689940956,0.1417367436665033,0.475,0.0025,0.495,194.67214985825416
3334509926,robust_control_aware,strong,0.036,0.073151038828554,0.1773772887121933,0.445,0.025,0.485,199.66202988332049
3048398703,boundary_aware,moderate,0.01,0.0142370465062247,0.0331929404337166,0.9825,0.0,0.495,188.7416024284369
3048398703,boundary_aware,moderate,0.014,0.0168251626133743,0.0383942953947047,0.985,0.0,0.49,191.4251253896429
3048398703,boundary_aware,moderate,0.018,0.0210353193913574,0.0505290430224292,0.945,0.0,0.4875,195.7254252466385
3048398703,boundary_aware,moderate,0.02,0.023026361251077,0.0577080437007803,0.935,0.0025,0.545,195.26028695879523
3048398703,boundary_aware,moderate,0.022,0.0265299349700847,0.0641709128865125,0.8925,0.0025,0.495,199.24754523168835
3048398703,boundary_aware,moderate,0.026,0.029481394586405,0.0711452551446808,0.87,0.0,0.5425,201.20974481458384
3048398703,boundary_aware,moderate,0.03,0.0351481607217379,0.0742041364620758,0.78,0.0025,0.5625,206.99045445947056
3048398703,boundary_aware,moderate,0.036,0.0442952693483931,0.0933321609975242,0.655,0.0025,0.5475,208.65449359869652
3048398703,boundary_aware,strong,0.01,0.0232378883184586,0.0608758888170081,0.925,0.0025,0.4325,185.07830125007004
3048398703,boundary_aware,strong,0.014,0.0286188144681703,0.069728936933929,0.8675,0.005,0.44,189.0296633955408
3048398703,boundary_aware,strong,0.018,0.0331359649928383,0.0826077626370509,0.8175,0.0025,0.415,192.72589989874845
3048398703,boundary_aware,strong,0.02,0.0362510756571633,0.0890667840179653,0.7625,0.0025,0.4225,192.0281110016785
3048398703,boundary_aware,strong,0.022,0.0355617821684131,0.0873266868097237,0.76,0.0025,0.4675,194.1335960100244
3048398703,boundary_aware,strong,0.026,0.0464494616163963,0.1152932928159203,0.6425,0.005,0.455,201.32315892773045
3048398703,boundary_aware,strong,0.03,0.0513400240740596,0.1289523700537614,0.6125,0.005,0.47,203.65689271642964
3048398703,boundary_aware,strong,0.036,0.0646377261779882,0.1424105717199744,0.445,0.01,0.4675,211.1538127511223
3048398703,robust_control_aware,moderate,0.01,0.0147891160429843,0.0311918306434281,0.9825,0.0,0.4625,185.8463868758658
3048398703,robust_control_aware,moderate,0.014,0.0170452553458558,0.0394872066365672,0.98,0.0,0.53,188.1724801836692
3048398703,robust_control_aware,moderate,0.018,0.0176802151451672,0.034404576237296,0.98,0.0,0.5925,191.8335891781477
3048398703,robust_control_aware,moderate,0.02,0.019626964031235,0.0382925606225629,0.97,0.0,0.605,194.43214099464063
3048398703,robust_control_aware,moderate,0.022,0.0195857797970122,0.0380427497009115,0.9775,0.0,0.5975,191.2824382666303
3048398703,robust_control_aware,moderate,0.026,0.0223962021561035,0.0439505831758274,0.9625,0.0,0.5325,195.1452518043011
3048398703,robust_control_aware,moderate,0.03,0.0255499241288486,0.0610581097614148,0.94,0.0025,0.5075,193.64556468063304
3048398703,robust_control_aware,moderate,0.036,0.0402314934647002,0.1223401472833723,0.8,0.02,0.4475,202.18189624093088
3048398703,robust_control_aware,strong,0.01,0.0178646148893321,0.0474365692574634,0.96,0.0,0.4325,188.95757532152112
3048398703,robust_control_aware,strong,0.014,0.020147236427822,0.0546716184671994,0.9425,0.0,0.49,192.2778318321938
3048398703,robust_control_aware,strong,0.018,0.0253311858633501,0.0632599144324597,0.915,0.005,0.4925,193.293866608034
3048398703,robust_control_aware,strong,0.02,0.0331793089850167,0.1029720592289474,0.83,0.01,0.5425,191.23949621032816
3048398703,robust_control_aware,strong,0.022,0.0301797264073819,0.0781161134064743,0.875,0.005,0.5275,196.9024174040906
3048398703,robust_control_aware,strong,0.026,0.0358192547757871,0.1053379729261054,0.8,0.0025,0.545,199.40429675987173
3048398703,robust_control_aware,strong,0.03,0.0452441605240136,0.1317148307143494,0.715,0.0125,0.5375,202.43723106438887
3048398703,robust_control_aware,strong,0.036,0.0562930674199658,0.1527630789869958,0.5875,0.01,0.4925,200.92708201550275
3355552449,boundary_aware,moderate,0.01,0.0151818720602545,0.0388853656862771,0.9775,0.0,0.4875,179.05676954088247
3355552449,boundary_aware,moderate,0.014,0.0181393830974559,0.0440905647483769,0.9575,0.0,0.495,179.5785356824807
3355552449,boundary_aware,moderate,0.018,0.0211764514146387,0.0479453622240034,0.955,0.0,0.49,183.61207694964563
3355552449,boundary_aware,moderate,0.02,0.0234590825034269,0.0546607797429946,0.93,0.0,0.5525,187.85414898654105
3355552449,boundary_aware,moderate,0.022,0.0273253783529314,0.0611945717321161,0.885,0.0,0.52,189.57940824118316
3355552449,boundary_aware,moderate,0.026,0.0300139033194126,0.0676542979408633,0.8575,0.0,0.5375,189.47910003830023
3355552449,boundary_aware,moderate,0.03,0.0361383241015727,0.0825501942489952,0.775,0.0,0.5675,194.42611899435957
3355552449,boundary_aware,moderate,0.036,0.0440563855778427,0.0964668044925777,0.6475,0.0025,0.5275,195.23154559970013
3355552449,boundary_aware,strong,0.01,0.024711253475554,0.0597961338313037,0.895,0.0,0.43,173.65678765666058
3355552449,boundary_aware,strong,0.014,0.0325028069621021,0.0842206505994398,0.7925,0.0,0.435,177.69296666618135
3355552449,boundary_aware,strong,0.018,0.0347914010456908,0.0872378243463425,0.7875,0.0,0.435,182.08301731824028
3355552449,boundary_aware,strong,0.02,0.0394646628252818,0.0980391230566723,0.7275,0.0,0.4625,184.2654891036987
3355552449,boundary_aware,strong,0.022,0.0401226426986627,0.09518809302351,0.7125,0.0025,0.4525,184.60610272693728
3355552449,boundary_aware,strong,0.026,0.0438912739243146,0.1018010498744948,0.6775,0.0,0.4725,184.36168614567825
3355552449,boundary_aware,strong,0.03,0.0506417078075035,0.1176170212460024,0.595,0.005,0.4675,188.13305021203948
3355552449,boundary_aware,strong,0.036,0.0586654606323601,0.1336271140673148,0.4975,0.005,0.4675,190.5747177638721
3355552449,robust_control_aware,moderate,0.01,0.0153169795350371,0.0345161758044989,0.985,0.0,0.4925,185.31563373176775
3355552449,robust_control_aware,moderate,0.014,0.017185933945218,0.0342780277874238,0.9825,0.0,0.5475,181.7930645339074
3355552449,robust_control_aware,moderate,0.018,0.0190688019294458,0.0382349989049752,0.975,0.0,0.59,184.65513294594416
3355552449,robust_control_aware,moderate,0.02,0.0205446330836927,0.0416671213605347,0.975,0.0,0.605,188.4045550564121
3355552449,robust_control_aware,moderate,0.022,0.0208971530717756,0.0400127684007315,0.965,0.0,0.6025,186.27732549507945
3355552449,robust_control_aware,moderate,0.026,0.0229173972239954,0.0445287977672905,0.9575,0.0,0.62,186.63566000688007
3355552449,robust_control_aware,moderate,0.03,0.0247944455400398,0.052065842131291,0.94,0.0,0.5325,189.66835192495384
3355552449,robust_control_aware,moderate,0.036,0.0308072027773905,0.078877960516087,0.88,0.0,0.4775,190.4030038532958
3355552449,robust_control_aware,strong,0.01,0.0199061415510536,0.0560616839707274,0.935,0.0,0.4675,176.28730946644717
3355552449,robust_control_aware,strong,0.014,0.0204489923017992,0.045205331462067,0.9525,0.0,0.485,178.63203814253018
3355552449,robust_control_aware,strong,0.018,0.0302203195917038,0.0920034814996611,0.86,0.0,0.5175,186.18494907769195
3355552449,robust_control_aware,strong,0.02,0.0269540082628612,0.0719984841684175,0.8875,0.0,0.5,185.71381584019417
3355552449,robust_control_aware,strong,0.022,0.0325620295009357,0.0832458211076138,0.8325,0.01,0.5475,187.72212613575223
3355552449,robust_control_aware,strong,0.026,0.0400605139620177,0.1192479693454414,0.76,0.01,0.5175,184.66613268490883
3355552449,robust_control_aware,strong,0.03,0.0449369256527669,0.1306451308387589,0.69,0.01,0.5075,188.59327781743576
3355552449,robust_control_aware,strong,0.036,0.0624612941029179,0.1900664696685938,0.575,0.0425,0.4925,191.3161713250748
3284110371,boundary_aware,moderate,0.01,0.0131484164940886,0.0374028409855219,0.985,0.0,0.475,176.43364581880988
3284110371,boundary_aware,moderate,0.014,0.0179619925873909,0.0432691123896709,0.9725,0.0,0.4875,183.4907316688926
3284110371,boundary_aware,moderate,0.018,0.0206067214221108,0.0477256268072803,0.955,0.0,0.49,187.93499441705933
3284110371,boundary_aware,moderate,0.02,0.0213159082507966,0.0519908852018999,0.9425,0.0,0.535,188.66661960921087
3284110371,boundary_aware,moderate,0.022,0.023388048799652,0.0545737260272171,0.925,0.0,0.545,190.33123960251945
3284110371,boundary_aware,moderate,0.026,0.0274727088952761,0.0643579011314417,0.885,0.0,0.55,195.85805746695075
3284110371,boundary_aware,moderate,0.03,0.0307817917562265,0.0695784094537035,0.8375,0.0,0.555,197.69296233491517
3284110371,boundary_aware,moderate,0.036,0.0383686690364892,0.0895878261824463,0.7425,0.0025,0.5425,199.7562098134696
3284110371,boundary_aware,strong,0.01,0.0186149995595604,0.0494964875192999,0.9525,0.0,0.395,180.2331550162264
3284110371,boundary_aware,strong,0.014,0.023148356365023,0.061116555591457,0.905,0.0,0.4275,187.4466323886922
3284110371,boundary_aware,strong,0.018,0.0265500152903787,0.0632417323182451,0.88,0.0025,0.405,185.1091555039832
3284110371,boundary_aware,strong,0.02,0.0276630120480531,0.0627049369956123,0.86,0.0,0.43,188.93672352690083
3284110371,boundary_aware,strong,0.022,0.0297726023476119,0.077241348619177,0.85,0.0025,0.45,192.3648876749616
3284110371,boundary_aware,strong,0.026,0.0336802916914804,0.0795558521907724,0.7925,0.0025,0.47,191.65908951346773
3284110371,boundary_aware,strong,0.03,0.0388851320872464,0.0937250989051038,0.7175,0.0025,0.4525,198.73872520317792
3284110371,boundary_aware,strong,0.036,0.0471387378064388,0.1094112141068876,0.6425,0.0025,0.4475,196.23955865797132
3284110371,robust_control_aware,moderate,0.01,0.0143553410687991,0.0309296336368803,0.99,0.0,0.4925,183.3606575940595
3284110371,robust_control_aware,moderate,0.014,0.0159025881325669,0.0328011046228602,0.9825,0.0,0.535,186.3624424107552
3284110371,robust_control_aware,moderate,0.018,0.0180595934150071,0.0349343922326403,0.985,0.0,0.6025,189.71583685145907
3284110371,robust_control_aware,moderate,0.02,0.0188623755505007,0.0351812461024408,0.98,0.0,0.5925,188.47630479557463
3284110371,robust_control_aware,moderate,0.022,0.0190499549033219,0.0375433198300592,0.98,0.0,0.5875,189.11614970639783
3284110371,robust_control_aware,moderate,0.026,0.0210297798556531,0.0403511500139688,0.975,0.0,0.56,190.44126306612128
3284110371,robust_control_aware,moderate,0.03,0.022620846132243,0.046346603667004,0.9625,0.0,0.5125,190.93199357032125
3284110371,robust_control_aware,moderate,0.036,0.0271007868516339,0.0669904479250251,0.92,0.0,0.4225,194.88659431639232
3284110371,robust_control_aware,strong,0.01,0.0149834748289287,0.0397371816670187,0.9775,0.0,0.435,183.54044671606783
3284110371,robust_control_aware,strong,0.014,0.0164147192515826,0.0390425437908957,0.9725,0.0,0.4675,184.3153051052884
3284110371,robust_control_aware,strong,0.018,0.0205464782019373,0.0521946771363884,0.945,0.0025,0.4925,189.5555453257597
3284110371,robust_control_aware,strong,0.02,0.020556010363987,0.0516539920028751,0.9425,0.0,0.555,194.5404652866627
3284110371,robust_control_aware,strong,0.022,0.0234517846377878,0.0576924908410546,0.925,0.0025,0.55,193.33692783396225
3284110371,robust_control_aware,strong,0.026,0.0242545723646873,0.0595976818524895,0.915,0.0,0.515,195.3199657378647
3284110371,robust_control_aware,strong,0.03,0.0296420940300106,0.0740358576188459,0.8675,0.0,0.515,198.5652388125349
3284110371,robust_control_aware,strong,0.036,0.0416762484440694,0.1149717591499839,0.75,0.0125,0.4575,199.5144684282027
3098044051,boundary_aware,moderate,0.01,0.0132054103536343,0.0338159570023981,0.9925,0.0,0.4925,180.75132633628328
3098044051,boundary_aware,moderate,0.014,0.0176855339613416,0.0430041371664553,0.97,0.0,0.4825,189.0062147827355
3098044051,boundary_aware,moderate,0.018,0.0197828519451863,0.0460430764059432,0.9675,0.0,0.525,191.87194850546487
3098044051,boundary_aware,moderate,0.02,0.0220525207589844,0.0505288840252097,0.9425,0.0,0.5125,194.91305028523144
3098044051,boundary_aware,moderate,0.022,0.0248218076916287,0.0596278799317835,0.9225,0.0,0.535,194.3813970424321
3098044051,boundary_aware,moderate,0.026,0.0283783239752088,0.06660960736031,0.8725,0.0,0.5175,195.84965514247696
3098044051,boundary_aware,moderate,0.03,0.0347259968161683,0.0757304937938914,0.765,0.0,0.54,203.59002553999687
3098044051,boundary_aware,moderate,0.036,0.0434137777907549,0.1007059237818143,0.6775,0.0,0.535,203.33682716536296
3098044051,boundary_aware,strong,0.01,0.0178799442742171,0.0463003474145336,0.955,0.0,0.4075,177.33011070042147
3098044051,boundary_aware,strong,0.014,0.0221595536201585,0.0558088083251905,0.925,0.0,0.4475,179.8219258770573
3098044051,boundary_aware,strong,0.018,0.0257290481909992,0.0633566786884621,0.91,0.0,0.4625,187.6615951049049
3098044051,boundary_aware,strong,0.02,0.027648392194043,0.0676744301088727,0.8825,0.0,0.4725,188.5640977724384
3098044051,boundary_aware,strong,0.022,0.0299949666566393,0.072165109193293,0.86,0.0,0.48,189.5887022065901
3098044051,boundary_aware,strong,0.026,0.0346529398560747,0.0796701825948459,0.7875,0.0,0.4925,194.43035182514092
3098044051,boundary_aware,strong,0.03,0.0386563715425029,0.0923470750004548,0.74,0.0,0.505,195.478094931667
3098044051,boundary_aware,strong,0.036,0.0466526113383079,0.1049195121753504,0.635,0.0025,0.5075,197.3726610122771
3098044051,robust_control_aware,moderate,0.01,0.0138823147063617,0.0296834574896375,0.9925,0.0,0.47,187.19391771274007
3098044051,robust_control_aware,moderate,0.014,0.0154502828266582,0.0325202583973696,0.985,0.0,0.5575,188.78487359167383
3098044051,robust_control_aware,moderate,0.018,0.0181384601359926,0.0348470371268216,0.9825,0.0,0.5975,192.7894051864634
3098044051,robust_control_aware,moderate,0.02,0.0181269689663285,0.0370760377360864,0.985,0.0,0.63,190.04479855542425
3098044051,robust_control_aware,moderate,0.022,0.0189161003868675,0.0372335497097638,0.985,0.0,0.64,190.00503518936884
3098044051,robust_control_aware,moderate,0.026,0.0211135496622485,0.0426785606764358,0.97,0.0,0.55,193.9540963371046
3098044051,robust_control_aware,moderate,0.03,0.0208332831576388,0.0420239869857214,0.975,0.0,0.49,195.55199973921995
3098044051,robust_control_aware,moderate,0.036,0.0276781769850431,0.0731866049571767,0.8925,0.0,0.4375,196.3043389601977
3098044051,robust_control_aware,strong,0.01,0.0146392319870999,0.0321633437619609,0.975,0.0,0.46,184.3372474343141
3098044051,robust_control_aware,strong,0.014,0.0171084445743798,0.0402150423704933,0.9675,0.0,0.4925,185.73034426098792
3098044051,robust_control_aware,strong,0.018,0.0191562404610006,0.0468739612954523,0.955,0.0,0.5575,189.968325207071
3098044051,robust_control_aware,strong,0.02,0.0200229776041895,0.0422521377277301,0.96,0.0025,0.5325,187.4965058251167
3098044051,robust_control_aware,strong,0.022,0.0207861665924821,0.0508839289328099,0.9475,0.0,0.52,193.4905316446916
3098044051,robust_control_aware,strong,0.026,0.0226571196945792,0.0578049554833139,0.935,0.0,0.5,192.64645745590047
3098044051,robust_control_aware,strong,0.03,0.0226484243875267,0.0597567965023425,0.935,0.0,0.445,192.951141920646
3098044051,robust_control_aware,strong,0.036,0.0297661408528076,0.0738574007903687,0.8675,0.0025,0.4525,199.56242723893007
3411252841,boundary_aware,moderate,0.01,0.0144836982315716,0.0362050911254209,0.9825,0.0,0.47,177.88664518437676
3411252841,boundary_aware,moderate,0.014,0.018469355012487,0.0459132626168666,0.96,0.0,0.4875,185.43002261184031
3411252841,boundary_aware,moderate,0.018,0.0223338048916899,0.0526400166032974,0.935,0.0,0.48,187.47925920204028
3411252841,boundary_aware,moderate,0.02,0.0250836286072154,0.0571525152054682,0.9125,0.0,0.53,191.41789254966773
3411252841,boundary_aware,moderate,0.022,0.0252437405000472,0.0585872267576165,0.9175,0.0,0.52,192.4235890469572
3411252841,boundary_aware,moderate,0.026,0.0299012092350174,0.0679013176053961,0.865,0.0,0.5575,196.44099728945417
3411252841,boundary_aware,moderate,0.03,0.0343114780009641,0.0761067597388501,0.7975,0.0,0.54,198.02936349150173
3411252841,boundary_aware,moderate,0.036,0.0439875360126878,0.1031497672276987,0.6825,0.0,0.5675,203.21282659647
3411252841,boundary_aware,strong,0.01,0.0230406649769989,0.0615171190811477,0.9075,0.0,0.4025,177.66012406515932
3411252841,boundary_aware,strong,0.014,0.026551759107018,0.0658627623709459,0.8675,0.0,0.405,177.1499591437643
3411252841,boundary_aware,strong,0.018,0.0306672507773101,0.0769267019711513,0.8275,0.0,0.45,181.3058237608412
3411252841,boundary_aware,strong,0.02,0.0331090148800824,0.0800856832622442,0.7925,0.0,0.4675,185.7205773940915
3411252841,boundary_aware,strong,0.022,0.0375592944274133,0.0918405661616494,0.74,0.0025,0.445,188.0001169665402
3411252841,boundary_aware,strong,0.026,0.0402764857706714,0.0972868659387676,0.72,0.0025,0.46,189.94377243372767
3411252841,boundary_aware,strong,0.03,0.0488934103594031,0.1162636302491537,0.615,0.0025,0.4525,192.9319701897957
3411252841,boundary_aware,strong,0.036,0.0557234728442246,0.1253748727773558,0.5075,0.0025,0.4975,197.70203120441272
3411252841,robust_control_aware,moderate,0.01,0.015387672902548,0.0338939450237536,0.9825,0.0,0.4575,184.44462842588155
3411252841,robust_control_aware,moderate,0.014,0.0165000566584602,0.0341085931840518,0.9825,0.0,0.5375,185.3840166909064
3411252841,robust_control_aware,moderate,0.018,0.0192146791167165,0.039357997009507,0.97,0.0,0.5925,184.9006729596596
3411252841,robust_control_aware,moderate,0.02,0.0191561590839869,0.0361815143426,0.9725,0.0,0.5775,191.14663619547545
3411252841,robust_control_aware,moderate,0.022,0.0204474159285705,0.0389485004320103,0.9775,0.0,0.625,189.14120686087065
3411252841,robust_control_aware,moderate,0.026,0.0225719926149963,0.0437992891028701,0.9575,0.0,0.6025,193.452652920676
3411252841,robust_control_aware,moderate,0.03,0.0257514409440363,0.0622672771117547,0.9225,0.0,0.5375,192.48361657871476
3411252841,robust_control_aware,moderate,0.036,0.0315949687714944,0.0939139484010486,0.8675,0.0,0.44,195.43830202285164
3411252841,robust_control_aware,strong,0.01,0.018085706564531,0.0546225764738628,0.9475,0.0,0.455,182.7046803224198
3411252841,robust_control_aware,strong,0.014,0.0206228639653478,0.0482345496662639,0.9525,0.0,0.505,185.1804778519947
3411252841,robust_control_aware,strong,0.018,0.0227524821843072,0.0642447080088612,0.925,0.0,0.535,187.78709428365545
3411252841,robust_control_aware,strong,0.02,0.0263662819881255,0.0735386859726148,0.8775,0.0,0.48,186.7974973685308
3411252841,robust_control_aware,strong,0.022,0.0282260465359874,0.0786597574151655,0.87,0.0,0.5325,187.83246436739367
3411252841,robust_control_aware,strong,0.026,0.030263526301123,0.0923252925709041,0.8575,0.0025,0.5625,191.6750714497404
3411252841,robust_control_aware,strong,0.03,0.0368939703795679,0.1023986823480053,0.7875,0.0,0.56,194.0164100788413
3411252841,robust_control_aware,strong,0.036,0.0526807385591639,0.1381458508511989,0.6,0.0025,0.4975,195.8579225095855
3276966135,boundary_aware,moderate,0.01,0.0132486256453777,0.0338572990677102,0.9875,0.0,0.475,179.68070380707928
3276966135,boundary_aware,moderate,0.014,0.0166919092271886,0.040360806687234,0.98,0.0,0.4875,183.44842068786969
3276966135,boundary_aware,moderate,0.018,0.0202381082757079,0.0470882176718654,0.95,0.0,0.54,189.30507099484737
3276966135,boundary_aware,moderate,0.02,0.0219065000794913,0.0504860562719075,0.9475,0.0,0.4975,187.6800546009395
3276966135,boundary_aware,moderate,0.022,0.0229753634386573,0.0535697020186996,0.93,0.0,0.535,193.17663538606428
3276966135,boundary_aware,moderate,0.026,0.0276764058018132,0.0670282190779459,0.875,0.0,0.525,194.98609057358067
3276966135,boundary_aware,moderate,0.03,0.0334803766696619,0.0756238904639421,0.815,0.0,0.545,196.18478470216985
3276966135,boundary_aware,moderate,0.036,0.0378364785035728,0.0842380356561631,0.7425,0.0,0.5575,202.26272631035988
3276966135,boundary_aware,strong,0.01,0.0186385310145798,0.0474824070752223,0.96,0.0,0.45,177.9116648499686
3276966135,boundary_aware,strong,0.014,0.0223221745520562,0.0562965346270397,0.9275,0.0,0.4525,181.0113874540212
3276966135,boundary_aware,strong,0.018,0.0253753275841944,0.0652012894380851,0.89,0.0,0.48,186.35893215298236
3276966135,boundary_aware,strong,0.02,0.0279245769942508,0.0714925324460828,0.8725,0.0,0.485,188.42471816182447
3276966135,boundary_aware,strong,0.022,0.0295161378717826,0.0736113230329255,0.86,0.0,0.4925,191.07399089123655
3276966135,boundary_aware,strong,0.026,0.0338167669189633,0.0804659419303777,0.805,0.0,0.4925,187.8367626432561
3276966135,boundary_aware,strong,0.03,0.0392509644436414,0.0862927445756541,0.7175,0.0,0.45,193.4068390197617
3276966135,boundary_aware,strong,0.036,0.0491007128939172,0.1162598506650264,0.595,0.0,0.49,196.0202736125578
3276966135,robust_control_aware,moderate,0.01,0.0138307198145062,0.0277978204453523,0.99,0.0,0.49,185.6390956737748
3276966135,robust_control_aware,moderate,0.014,0.0161119537921826,0.03403801724478,0.99,0.0,0.58,189.23851775659125
3276966135,robust_control_aware,moderate,0.018,0.0175775667045704,0.0367222368057404,0.9825,0.0,0.5675,191.86235961412396
3276966135,robust_control_aware,moderate,0.02,0.0191273771027498,0.036027894641619,0.9825,0.0,0.625,188.68591993964253
3276966135,robust_control_aware,moderate,0.022,0.019159390467227,0.0393023704240285,0.9875,0.0,0.55,187.95676625581152
3276966135,robust_control_aware,moderate,0.026,0.0208494449524891,0.0414857308475453,0.9775,0.0,0.56,190.95547234381695
3276966135,robust_control_aware,moderate,0.03,0.0221075403082189,0.0457154278082254,0.965,0.0,0.5175,193.80908980136843
3276966135,robust_control_aware,moderate,0.036,0.0266204553675729,0.0620411972843409,0.925,0.0,0.4575,196.86644860039328
3276966135,robust_control_aware,strong,0.01,0.0143868808431586,0.0377473605884152,0.985,0.0,0.48,176.59240396852624
3276966135,robust_control_aware,strong,0.014,0.0185413800596344,0.0440480318650769,0.9675,0.0,0.5175,184.33870363579535
3276966135,robust_control_aware,strong,0.018,0.0190320447063948,0.0473686458306903,0.96,0.0,0.5525,185.18515751688744
3276966135,robust_control_aware,strong,0.02,0.0204676520723777,0.0502651234194623,0.95,0.0,0.525,185.47929517660708
3276966135,robust_control_aware,strong,0.022,0.0235347473947034,0.072964096983887,0.905,0.0,0.51,185.52627996636087
3276966135,robust_control_aware,strong,0.026,0.0249068012210093,0.0580927495583045,0.925,0.0,0.5525,192.40774378951025
3276966135,robust_control_aware,strong,0.03,0.0307005848487933,0.0889644237193043,0.85,0.0025,0.51,194.6070564951829
3276966135,robust_control_aware,strong,0.036,0.0397300606763002,0.1037060073820802,0.73,0.0,0.525,196.51233919256305
3406612460,boundary_aware,moderate,0.01,0.0137943221256707,0.0348988285636666,0.9875,0.0,0.4425,184.25632196048127
3406612460,boundary_aware,moderate,0.014,0.0160445233472753,0.0395980079496433,0.9775,0.0,0.4875,187.7269661833529
3406612460,boundary_aware,moderate,0.018,0.0181063106486376,0.0401870522137002,0.9775,0.0,0.525,191.45774713285547
3406612460,boundary_aware,moderate,0.02,0.0217269002835255,0.0481755343383541,0.955,0.0,0.48,191.0302878157561
3406612460,boundary_aware,moderate,0.022,0.0219070704813181,0.0468106132149393,0.96,0.0,0.525,194.31760867909065
3406612460,boundary_aware,moderate,0.026,0.0262178396869582,0.0578206400771969,0.9175,0.0,0.55,195.5439267774686
3406612460,boundary_aware,moderate,0.03,0.0294698258277334,0.0615501356438304,0.875,0.0,0.5375,197.87800992196887
3406612460,boundary_aware,moderate,0.036,0.0354712851345126,0.080006842820425,0.785,0.0,0.55,202.25825953535104
3406612460,boundary_aware,strong,0.01,0.018000812466712,0.0466016955261736,0.955,0.0,0.385,180.9172413451088
3406612460,boundary_aware,strong,0.014,0.0184205123516337,0.0471053574998378,0.96,0.0,0.445,183.7018986563476
3406612460,boundary_aware,strong,0.018,0.0219558115440238,0.0539449780078604,0.9325,0.0,0.4575,187.40962723821565
3406612460,boundary_aware,strong,0.02,0.0220226840808948,0.0545105522859496,0.935,0.0,0.495,187.34655140078945
3406612460,boundary_aware,strong,0.022,0.0256360591924955,0.0648101102361202,0.915,0.0,0.495,187.37818847173804
3406612460,boundary_aware,strong,0.026,0.026470936186779,0.065801957700508,0.9025,0.0,0.46,190.5563465188111
3406612460,boundary_aware,strong,0.03,0.0300384666448426,0.0700859802211271,0.86,0.0,0.4725,193.53277746619997
3406612460,boundary_aware,strong,0.036,0.038061925361119,0.0901162405123833,0.7575,0.0,0.4425,195.8325484400825
3406612460,robust_control_aware,moderate,0.01,0.0142710349068635,0.0293741127462678,0.995,0.0,0.4575,181.5056414522745
3406612460,robust_control_aware,moderate,0.014,0.0151861602218006,0.0312608980900661,0.99,0.0,0.5125,186.9404107460766
3406612460,robust_control_aware,moderate,0.018,0.0173767409464282,0.0340754279843487,0.98,0.0,0.5825,190.4201435414647
3406612460,robust_control_aware,moderate,0.02,0.0186506279557453,0.0350568985576488,0.9775,0.0,0.5925,190.24319218444856
3406612460,robust_control_aware,moderate,0.022,0.0182825836373045,0.0351839713717293,0.9775,0.0,0.585,188.0883636406096
3406612460,robust_control_aware,moderate,0.026,0.0195645158507092,0.0377647907045081,0.9775,0.0,0.55,191.19183885800825
3406612460,robust_control_aware,moderate,0.03,0.0209818460957937,0.0395122377480711,0.98,0.0,0.4675,190.5334145859128
3406612460,robust_control_aware,moderate,0.036,0.0249916910151545,0.0563988409353351,0.93,0.0,0.4125,196.0814293209134
3406612460,robust_control_aware,strong,0.01,0.0137822855989444,0.0342111073869799,0.985,0.0,0.435,182.83313689871383
3406612460,robust_control_aware,strong,0.014,0.0143915965505516,0.032314883990069,0.985,0.0,0.4975,185.0390404293657
3406612460,robust_control_aware,strong,0.018,0.0163766486780299,0.0349673432725924,0.985,0.0,0.52,186.12576331679148
3406612460,robust_control_aware,strong,0.02,0.0181852959856378,0.040484838989373,0.9725,0.0,0.5225,189.7417013251088
3406612460,robust_control_aware,strong,0.022,0.0175161616223921,0.0371912118173782,0.985,0.0,0.5725,187.5500475594402
3406612460,robust_control_aware,strong,0.026,0.0191162966500475,0.0427221495127078,0.9725,0.0,0.505,189.35293003693505
3406612460,robust_control_aware,strong,0.03,0.0248469530590958,0.0658457959125823,0.9025,0.0,0.47,191.88625212241087
3406612460,robust_control_aware,strong,0.036,0.0286848109189763,0.0803095942021015,0.8775,0.0,0.365,193.3406378522278
3050864945,boundary_aware,moderate,0.01,0.014985123493518,0.0410758688733289,0.98,0.0,0.4625,174.15644750225567
3050864945,boundary_aware,moderate,0.014,0.0170711096100316,0.040541931266343,0.98,0.0,0.5025,178.01403072156882
3050864945,boundary_aware,moderate,0.018,0.0212434021569704,0.0479822432568088,0.9575,0.0,0.505,181.51558085193025
3050864945,boundary_aware,moderate,0.02,0.0226305350700687,0.0497561458826641,0.95,0.0,0.525,184.71229237286465
3050864945,boundary_aware,moderate,0.022,0.0258885158127947,0.059106557540914,0.915,0.0,0.5125,190.44934687469157
3050864945,boundary_aware,moderate,0.026,0.0301521753046725,0.0672013802812157,0.84,0.0,0.5225,190.1269321577562
3050864945,boundary_aware,moderate,0.03,0.034453489308263,0.0793210216207197,0.7925,0.0025,0.535,194.07447439572047
3050864945,boundary_aware,moderate,0.036,0.0440598893444131,0.0992149656543948,0.66,0.0025,0.515,198.9595506469412
3050864945,boundary_aware,strong,0.01,0.0203166643631564,0.0486883112450406,0.9525,0.0,0.415,175.91531998703073
3050864945,boundary_aware,strong,0.014,0.0240595493549727,0.0591392232715076,0.9025,0.0,0.4275,176.22482141698214
3050864945,boundary_aware,strong,0.018,0.0265900995484032,0.0629071312609054,0.9025,0.0,0.455,179.8242075335654
3050864945,boundary_aware,strong,0.02,0.0294460796376908,0.0678798872596233,0.86,0.0,0.4475,181.5845823083667
3050864945,boundary_aware,strong,0.022,0.0335165142537086,0.0783416036273334,0.81,0.0025,0.4875,183.547650768798
3050864945,boundary_aware,strong,0.026,0.0360249964522433,0.0792935611150932,0.755,0.0,0.485,186.5154215405214
3050864945,boundary_aware,strong,0.03,0.0418205934447662,0.0981463177209017,0.7,0.0,0.4625,190.90252220983197
3050864945,boundary_aware,strong,0.036,0.0489796051259559,0.1069228756610922,0.6025,0.0025,0.5,191.80396679468652
3050864945,robust_control_aware,moderate,0.01,0.0149273561800216,0.0313852055357686,0.9825,0.0,0.4425,180.32729833348623
3050864945,robust_control_aware,moderate,0.014,0.0173754543308724,0.0333496482486173,0.9725,0.0,0.5175,184.5894883022312
3050864945,robust_control_aware,moderate,0.018,0.0176156862477903,0.0343309345203909,0.9775,0.0,0.5775,182.892170896996
3050864945,robust_control_aware,moderate,0.02,0.0186919558333036,0.0376461328253316,0.98,0.0,0.605,185.2648941950121
3050864945,robust_control_aware,moderate,0.022,0.0191141471823597,0.0365887208396934,0.965,0.0,0.6025,182.4111689938883
3050864945,robust_control_aware,moderate,0.026,0.0211790095720955,0.0402280325678013,0.97,0.0,0.5775,186.456493238877
3050864945,robust_control_aware,moderate,0.03,0.0234478068010439,0.0517624360659499,0.9475,0.0,0.49,189.32739068255592
3050864945,robust_control_aware,moderate,0.036,0.026580689266707,0.0601748371392227,0.92,0.0,0.4475,189.4453310098059
3050864945,robust_control_aware,strong,0.01,0.0150478681989265,0.0353425588682495,0.9775,0.0,0.475,176.7469434787451
3050864945,robust_control_aware,strong,0.014,0.0168878668989761,0.0358540961774073,0.98,0.0,0.495,175.98866091741144
3050864945,robust_control_aware,strong,0.018,0.0189571144128338,0.0443626041369676,0.9575,0.0,0.5075,182.55710117289183
3050864945,robust_control_aware,strong,0.02,0.0198088564019046,0.0484339930153264,0.96,0.0,0.54,182.46485760110605
3050864945,robust_control_aware,strong,0.022,0.0210719645108484,0.0517294461838831,0.94,0.0,0.49,185.28871578495733
3050864945,robust_control_aware,strong,0.026,0.0218493419918661,0.0482212200134145,0.9575,0.0,0.49,184.319673396094
3050864945,robust_control_aware,strong,0.03,0.0257840001514858,0.0639120125329563,0.9175,0.0,0.465,189.4730575924114
3050864945,robust_control_aware,strong,0.036,0.030472980170174,0.0728375174218216,0.85,0.0,0.445,188.9892050162033
3849917754,boundary_aware,moderate,0.01,0.0148214110527839,0.0388614928753204,0.9825,0.0,0.48,188.7921543587466
3849917754,boundary_aware,moderate,0.014,0.0173670156562768,0.0399023443690137,0.985,0.0,0.495,187.5944997772749
3849917754,boundary_aware,moderate,0.018,0.0219534847399819,0.0530515078001396,0.94,0.0,0.505,191.86236069415503
3849917754,boundary_aware,moderate,0.02,0.0230312776621885,0.0541515885260223,0.9225,0.0,0.5175,192.84013247641548
3849917754,boundary_aware,moderate,0.022,0.0237928632442442,0.0550929848756941,0.925,0.0,0.54,193.1316435001856
3849917754,boundary_aware,moderate,0.026,0.0303490325815438,0.0713438018136859,0.86,0.0,0.5475,198.73330932276872
3849917754,boundary_aware,moderate,0.03,0.0339294024583556,0.0768039476179454,0.7875,0.0,0.5575,200.1046669586985
3849917754,boundary_aware,moderate,0.036,0.0429245942037383,0.09476912608899,0.66,0.0,0.5925,203.41671236651484
3849917754,boundary_aware,strong,0.01,0.022065948224275,0.0580441882578508,0.9225,0.0,0.4225,186.19856115556524
3849917754,boundary_aware,strong,0.014,0.0265008971436444,0.0658795210338908,0.88,0.0,0.4525,190.391061341796
3849917754,boundary_aware,strong,0.018,0.0316955608978024,0.0723034525440977,0.8125,0.0,0.4475,193.4552391572444
3849917754,boundary_aware,strong,0.02,0.0323367029512212,0.0772750844052545,0.805,0.0,0.455,192.2415698007084
3849917754,boundary_aware,strong,0.022,0.0362747549073402,0.0853380628050629,0.7575,0.0,0.46,194.4655123210653
3849917754,boundary_aware,strong,0.026,0.0411294423501606,0.0928350567527908,0.6975,0.0025,0.46,198.21109904484788
3849917754,boundary_aware,strong,0.03,0.0481899654718858,0.1167620885085324,0.625,0.0025,0.47,198.43279580050785
3849917754,boundary_aware,strong,0.036,0.0582576872119174,0.1324514807132295,0.52,0.01,0.4975,199.40619269284304
3849917754,robust_control_aware,moderate,0.01,0.0149539335186768,0.0303253142584566,0.9875,0.0,0.455,187.3824303743364
3849917754,robust_control_aware,moderate,0.014,0.0172342176656588,0.0333109494516636,0.9775,0.0,0.535,189.872029692841
3849917754,robust_control_aware,moderate,0.018,0.0186177924558277,0.036049036190091,0.9775,0.0,0.6375,187.7196241924135
3849917754,robust_control_aware,moderate,0.02,0.0193839775576358,0.0374834670793394,0.98,0.0,0.65,189.6392801669676
3849917754,robust_control_aware,moderate,0.022,0.0192083073664605,0.0373631693411414,0.9725,0.0,0.6225,191.3792888544128
3849917754,robust_control_aware,moderate,0.026,0.0223221197120031,0.0448595763046815,0.9625,0.0,0.6275,192.18201775977545
3849917754,robust_control_aware,moderate,0.03,0.0273341012371335,0.0711065239211951,0.8975,0.0,0.5675,193.6260325286385
3849917754,robust_control_aware,moderate,0.036,0.0294050260399276,0.0746388003750182,0.89,0.0,0.4875,195.3355496861386
3849917754,robust_control_aware,strong,0.01,0.0188361069407134,0.0500090762226292,0.95,0.0,0.4675,184.60106079517928
3849917754,robust_control_aware,strong,0.014,0.0236635906246383,0.0749704319749504,0.9075,0.0,0.465,188.5140810004108
3849917754,robust_control_aware,strong,0.018,0.0244159528080527,0.0664769133445417,0.9125,0.0,0.5525,191.2377096488828
3849917754,robust_control_aware,strong,0.02,0.0305284927155247,0.0944385427654522,0.8325,0.0,0.56,190.8869955618085
3849917754,robust_control_aware,strong,0.022,0.0346199313361112,0.1075873173532768,0.8075,0.01,0.54,195.5319964991723
3849917754,robust_control_aware,strong,0.026,0.0385547088636361,0.1075812190354035,0.74,0.0,0.555,195.4137235503973
3849917754,robust_control_aware,strong,0.03,0.0425995788595517,0.1199630101943918,0.715,0.0,0.565,197.20296892417448
3849917754,robust_control_aware,strong,0.036,0.0562300169834153,0.1453310653703343,0.565,0.0075,0.4925,198.6643118853859
3835095777,boundary_aware,moderate,0.01,0.0152894102747428,0.0371319079413903,0.9825,0.0025,0.425,176.4097452593869
3835095777,boundary_aware,moderate,0.014,0.016736326572435,0.0384555002193144,0.975,0.0025,0.4825,180.57262450392608
3835095777,boundary_aware,moderate,0.018,0.0206131702641355,0.0496166397411354,0.9525,0.0,0.4925,184.8002937429676
3835095777,boundary_aware,moderate,0.02,0.0235744221539061,0.0565280839244189,0.9175,0.0,0.505,188.1417988817001
3835095777,boundary_aware,moderate,0.022,0.0252987427361431,0.0582605380890503,0.9225,0.0,0.5125,188.35419432405905
3835095777,boundary_aware,moderate,0.026,0.0300538606415924,0.0685946358428183,0.8525,0.0,0.55,192.46891277906775
3835095777,boundary_aware,moderate,0.03,0.0339887808477592,0.0792753067057764,0.785,0.0,0.51,198.0433303852068
3835095777,boundary_aware,moderate,0.036,0.0404098331897033,0.0855608727365256,0.7325,0.0025,0.5475,197.6004918284608
3835095777,boundary_aware,strong,0.01,0.021161888542688,0.0556927980033078,0.93,0.0,0.3925,174.7958896898277
3835095777,boundary_aware,strong,0.014,0.0237355824130778,0.060186487461853,0.9125,0.0025,0.405,178.30213262854426
3835095777,boundary_aware,strong,0.018,0.02969274073068,0.073206067329394,0.855,0.0025,0.4425,183.3139764705571
3835095777,boundary_aware,strong,0.02,0.0328155433858603,0.0859128937841657,0.81,0.0,0.43,183.05424435809823
3835095777,boundary_aware,strong,0.022,0.0334092395075074,0.0806439217110284,0.785,0.0,0.4375,184.43486490009667
3835095777,boundary_aware,strong,0.026,0.0400914713746051,0.0965280751597712,0.7375,0.0025,0.4425,184.85860981143864
3835095777,boundary_aware,strong,0.03,0.0432894524752294,0.0982570695845503,0.66,0.0025,0.4775,189.5234600492354
3835095777,boundary_aware,strong,0.036,0.0550879132368698,0.1327280311769973,0.5475,0.0,0.465,190.58525172867613
3835095777,robust_control_aware,moderate,0.01,0.0154629644947512,0.0331123022277071,0.975,0.0,0.455,183.40101308219272
3835095777,robust_control_aware,moderate,0.014,0.0170372921412155,0.0355628128191677,0.985,0.0,0.5475,180.59471802071624
3835095777,robust_control_aware,moderate,0.018,0.0186307735018357,0.0391587109622266,0.97,0.0,0.6,187.57230660706
3835095777,robust_control_aware,moderate,0.02,0.0195152160279885,0.0394099070365359,0.9725,0.0,0.63,185.64884725148715
3835095777,robust_control_aware,moderate,0.022,0.0202265686645785,0.0440348331150049,0.9625,0.0,0.59,185.8582361597102
3835095777,robust_control_aware,moderate,0.026,0.0220629252802794,0.0488478171632614,0.95,0.0,0.5425,187.07518854211648
3835095777,robust_control_aware,moderate,0.03,0.0255524509877678,0.0595333332486732,0.93,0.0,0.5125,190.41414490099467
3835095777,robust_control_aware,moderate,0.036,0.0346303739884793,0.0981568297774605,0.7925,0.0,0.4925,194.44698551439384
3835095777,robust_control_aware,strong,0.01,0.018318992161786,0.0476340123382024,0.9525,0.0025,0.4375,178.80035555793523
3835095777,robust_control_aware,strong,0.014,0.0204560867315285,0.0520320903546566,0.9475,0.0,0.4675,176.96244473035364
3835095777,robust_control_aware,strong,0.018,0.0276472032304007,0.0845385379100477,0.875,0.0,0.4675,181.4985068958917
3835095777,robust_control_aware,strong,0.02,0.0263414978123857,0.0815387698654005,0.9025,0.0025,0.5325,190.57203959496772
3835095777,robust_control_aware,strong,0.022,0.0313719654218863,0.0942628347373809,0.8375,0.0025,0.4825,187.39092173439929
3835095777,robust_control_aware,strong,0.026,0.0390665015486453,0.1167043019638617,0.7525,0.005,0.47,189.5176350315219
3835095777,robust_control_aware,strong,0.03,0.0443144058407985,0.121518804045524,0.6825,0.005,0.425,189.07421769672516
3835095777,robust_control_aware,strong,0.036,0.0597083340397385,0.1472056527722076,0.54,0.015,0.47,191.4738913817808
3927768750,boundary_aware,moderate,0.01,0.0138461616714706,0.0363254901300114,0.9825,0.0,0.465,176.0698513476177
3927768750,boundary_aware,moderate,0.014,0.0161660715506972,0.0401900997136583,0.98,0.0,0.5075,178.46600836866082
3927768750,boundary_aware,moderate,0.018,0.0205706729988048,0.0492699610234233,0.9525,0.0,0.47,184.7714043901704
3927768750,boundary_aware,moderate,0.02,0.0215039101576423,0.0512260624541035,0.9425,0.0,0.5225,182.146006537874
3927768750,boundary_aware,moderate,0.022,0.0249373746723744,0.0582485974556375,0.9125,0.0,0.5,186.4604691334613
3927768750,boundary_aware,moderate,0.026,0.0286903962742463,0.0658489021623088,0.87,0.0,0.5,187.84461525355405
3927768750,boundary_aware,moderate,0.03,0.034536888267185,0.0808155890824292,0.795,0.0,0.5375,193.73506911836225
3927768750,boundary_aware,moderate,0.036,0.0408704970249361,0.0938824277226585,0.7075,0.0,0.5575,196.24956747424093
3927768750,boundary_aware,strong,0.01,0.0188977895903694,0.04522870461636,0.9525,0.0,0.43,169.58497896426928
3927768750,boundary_aware,strong,0.014,0.0244341840096436,0.0641030416642574,0.89,0.0,0.4325,173.50514709382364
3927768750,boundary_aware,strong,0.018,0.0271608582700986,0.0683688816918725,0.86,0.0,0.4525,175.3248041837577
3927768750,boundary_aware,strong,0.02,0.030374490352817,0.0756294194400364,0.8475,0.0,0.435,176.4819836768006
3927768750,boundary_aware,strong,0.022,0.0319084480545853,0.076998557784855,0.84,0.0,0.465,176.61555951118564
3927768750,boundary_aware,strong,0.026,0.0355684279742738,0.0785938872677844,0.7625,0.0,0.4675,184.6383207494172
3927768750,boundary_aware,strong,0.03,0.0415402045557323,0.0938450522559131,0.715,0.0,0.475,186.2480249497069
3927768750,boundary_aware,strong,0.036,0.052751912174476,0.1241212851819132,0.575,0.005,0.4725,189.42741218202812
3927768750,robust_control_aware,moderate,0.01,0.014899155098424,0.0318721193843237,0.98,0.0,0.46,181.4843701106537
3927768750,robust_control_aware,moderate,0.014,0.0159427119192004,0.0328546100796285,0.99,0.0,0.5325,183.26055363617863
3927768750,robust_control_aware,moderate,0.018,0.0184044444184286,0.0394579915053756,0.975,0.0,0.5475,185.55677953723347
3927768750,robust_control_aware,moderate,0.02,0.0196310989577657,0.0407011711499951,0.96,0.0,0.61,183.9949701910544
3927768750,robust_control_aware,moderate,0.022,0.0197897684805577,0.0381964519105701,0.9775,0.0,0.6275,187.5584961546398
3927768750,robust_control_aware,moderate,0.026,0.0214936959379686,0.0416831549260428,0.9725,0.0,0.59,189.22813248271416
3927768750,robust_control_aware,moderate,0.03,0.0251399404764153,0.0561445586995861,0.9375,0.0,0.5375,189.39425213527036
3927768750,robust_control_aware,moderate,0.036,0.0300942422553182,0.0812160865082191,0.8825,0.0,0.4975,191.1463352112464
3927768750,robust_control_aware,strong,0.01,0.0161349457914803,0.0392821732414375,0.98,0.0,0.46,177.3780068085984
3927768750,robust_control_aware,strong,0.014,0.0201035683732396,0.0507989664495417,0.945,0.0,0.475,177.46892877315457
3927768750,robust_control_aware,strong,0.018,0.0238969553736201,0.0597382117169542,0.915,0.0,0.525,180.9179569346395
3927768750,robust_control_aware,strong,0.02,0.0284328799376971,0.0732566939911969,0.8575,0.0,0.51,181.18031160711132
3927768750,robust_control_aware,strong,0.022,0.0292310029576799,0.0804444280455202,0.865,0.0,0.5325,184.34193411297576
3927768750,robust_control_aware,strong,0.026,0.0361507098098058,0.0986205926915827,0.785,0.0025,0.5325,185.8705364427504
3927768750,robust_control_aware,strong,0.03,0.0420557368767365,0.1113252307786098,0.705,0.0,0.4975,185.48233193945984
3927768750,robust_control_aware,strong,0.036,0.0507609312736338,0.134676312498547,0.615,0.0025,0.5,192.06972427491831
3869966726,boundary_aware,moderate,0.01,0.0151085904591563,0.0355260163420937,0.98,0.0,0.465,173.74220408103352
3869966726,boundary_aware,moderate,0.014,0.0194727520034165,0.050577913195616,0.945,0.0,0.46,179.08251253747792
3869966726,boundary_aware,moderate,0.018,0.0215494876591755,0.0522405143444006,0.9425,0.0,0.5175,181.75110926535643
3869966726,boundary_aware,moderate,0.02,0.0235830325426317,0.0541622022350279,0.9375,0.0,0.53,185.3089572781601
3869966726,boundary_aware,moderate,0.022,0.0247487065701465,0.0574737017633484,0.9175,0.0,0.54,186.18313458295387
3869966726,boundary_aware,moderate,0.026,0.0293394572571006,0.0663011693772039,0.8675,0.0,0.52,187.72072846686785
3869966726,boundary_aware,moderate,0.03,0.0340445100970589,0.0747001665278339,0.8125,0.0,0.5425,191.62177593098545
3869966726,boundary_aware,moderate,0.036,0.0421782845999446,0.0908891041689821,0.6875,0.0,0.56,196.23627515277465
3869966726,boundary_aware,strong,0.01,0.0242675709481458,0.0564957645790963,0.9125,0.0,0.41,166.62963553485991
3869966726,boundary_aware,strong,0.014,0.0260599861299171,0.0665341315897036,0.9,0.0,0.4275,168.70512937305386
3869966726,boundary_aware,strong,0.018,0.0304398543273884,0.0682990852833052,0.865,0.0,0.43,175.26014344863808
3869966726,boundary_aware,strong,0.02,0.0337696993101249,0.0836059446657834,0.7975,0.0,0.445,174.31334628633044
3869966726,boundary_aware,strong,0.022,0.0375033056009727,0.0858377071466326,0.7575,0.0,0.46,183.4345827836279
3869966726,boundary_aware,strong,0.026,0.0430024319863261,0.1023898644789528,0.6775,0.0,0.47,183.70188925661284
3869966726,boundary_aware,strong,0.03,0.044136635797255,0.0976237215484514,0.64,0.0,0.44,187.05189359472615
3869966726,boundary_aware,strong,0.036,0.0522569301584387,0.1127806340554499,0.5425,0.005,0.5125,191.51760762593057
3869966726,robust_control_aware,moderate,0.01,0.0153942269082373,0.0326480435885006,0.9825,0.0,0.49,179.57717410989977
3869966726,robust_control_aware,moderate,0.014,0.0174854926347611,0.0355206745855284,0.9825,0.0,0.5525,183.73311666687707
3869966726,robust_control_aware,moderate,0.018,0.0197255619690892,0.0390196102257241,0.975,0.0,0.645,184.992935167861
3869966726,robust_control_aware,moderate,0.02,0.0189310808458467,0.0377552563432695,0.9825,0.0,0.5675,178.51450728391632
3869966726,robust_control_aware,moderate,0.022,0.0201863740845321,0.0423166682134082,0.97,0.0,0.6075,178.13523991702152
3869966726,robust_control_aware,moderate,0.026,0.0238226653643383,0.0582719995760082,0.93,0.0,0.5875,182.04318077157612
3869966726,robust_control_aware,moderate,0.03,0.0257706779588581,0.06672396928034,0.9225,0.0,0.505,186.8885877998518
3869966726,robust_control_aware,moderate,0.036,0.0331460230741795,0.1001452628882945,0.87,0.0,0.4825,186.75745344678077
3869966726,robust_control_aware,strong,0.01,0.0184075222393778,0.0508219856569183,0.945,0.0,0.465,173.90184999980383
3869966726,robust_control_aware,strong,0.014,0.0251586991305472,0.0916385102973384,0.885,0.0025,0.485,175.47845615781
3869966726,robust_control_aware,strong,0.018,0.0241397567361402,0.0702622816130442,0.9175,0.0,0.5375,181.2872382955331
3869966726,robust_control_aware,strong,0.02,0.0275552446111235,0.0884589206615727,0.875,0.0025,0.5525,184.05529562540332
3869966726,robust_control_aware,strong,0.022,0.0323226414920547,0.1058458733045002,0.8275,0.0075,0.5125,184.4877394415638
3869966726,robust_control_aware,strong,0.026,0.0375997755364834,0.1126500089977524,0.775,0.0075,0.5425,180.6557221345009
3869966726,robust_control_aware,strong,0.03,0.0436333125826102,0.1329780513189819,0.73,0.01,0.5425,182.9452809433675
3869966726,robust_control_aware,strong,0.036,0.0519941549515577,0.1592654063599227,0.66,0.025,0.455,185.2827586330054
3708585858,boundary_aware,moderate,0.01,0.0139359993766124,0.0330904002588327,0.99,0.0,0.465,184.28683502518996
3708585858,boundary_aware,moderate,0.014,0.0178700793610037,0.0411473962114601,0.9875,0.0,0.48,191.71371795349813
3708585858,boundary_aware,moderate,0.018,0.0203691247336229,0.0485255219405506,0.955,0.0,0.535,196.4048733937764
3708585858,boundary_aware,moderate,0.02,0.0233088330870133,0.0548860187370673,0.9425,0.0,0.505,195.48825826521383
3708585858,boundary_aware,moderate,0.022,0.0242721396091461,0.0534451515725016,0.94,0.0,0.5275,198.32324131565952
3708585858,boundary_aware,moderate,0.026,0.0291395830776361,0.0662709128263767,0.8575,0.0,0.525,200.62781496532085
3708585858,boundary_aware,moderate,0.03,0.0329006912773885,0.0724595210074676,0.8375,0.0,0.545,200.84648975919723
3708585858,boundary_aware,moderate,0.036,0.0435507520355338,0.0991999408119851,0.68,0.0,0.5525,208.088869906246
3708585858,boundary_aware,strong,0.01,0.0221408397598214,0.0561833544615924,0.9275,0.0,0.4175,183.27873225395456
3708585858,boundary_aware,strong,0.014,0.0252511555466655,0.057519035000053,0.895,0.0,0.4475,187.44499109953955
3708585858,boundary_aware,strong,0.018,0.0307676593914655,0.0745112317915843,0.825,0.0,0.45,190.06267232112305
3708585858,boundary_aware,strong,0.02,0.0326790348677993,0.0801352663777508,0.805,0.0,0.4625,189.86880558945415
3708585858,boundary_aware,strong,0.022,0.0338681793196014,0.0804441656587609,0.79,0.0,0.4825,195.19982009779545
3708585858,boundary_aware,strong,0.026,0.0378409592004526,0.087953629052339,0.7425,0.0,0.495,195.6762303800513
3708585858,boundary_aware,strong,0.03,0.0441694504486778,0.0976432373789667,0.6525,0.0,0.4475,199.1193677501616
3708585858,boundary_aware,strong,0.036,0.0517505812494882,0.1186877494797914,0.58,0.0,0.4975,202.29920921490012
3708585858,robust_control_aware,moderate,0.01,0.0161587791769181,0.0338372927230561,0.985,0.0,0.4525,189.41096576029528
3708585858,robust_control_aware,moderate,0.014,0.0168439956053363,0.0358509044659401,0.99,0.0,0.555,190.2263729341616
3708585858,robust_control_aware,moderate,0.018,0.0175946603531027,0.0346701513325107,0.985,0.0,0.6125,192.87598073171256
3708585858,robust_control_aware,moderate,0.02,0.0190853420120419,0.0383679879744506,0.9775,0.0,0.6125,192.1277462502921
3708585858,robust_control_aware,moderate,0.022,0.0206984647942864,0.0418349641562949,0.975,0.0,0.6075,196.0390422282863
3708585858,robust_control_aware,moderate,0.026,0.0229603813421626,0.0481977874355448,0.95,0.0,0.6425,197.33807672698947
3708585858,robust_control_aware,moderate,0.03,0.0247580685293195,0.0510320382247361,0.9475,0.0,0.5625,196.6833403931645
3708585858,robust_control_aware,moderate,0.036,0.0341335863854943,0.0999000149967665,0.8325,0.0,0.52,202.23186078991688
3708585858,robust_control_aware,strong,0.01,0.0199716229130402,0.0502868151011257,0.9475,0.0,0.44,191.82673632476255
3708585858,robust_control_aware,strong,0.014,0.0238364640111395,0.0733954606874946,0.9025,0.0,0.4725,190.019283949295
3708585858,robust_control_aware,strong,0.018,0.0278492046865468,0.0812397029913373,0.8625,0.0,0.5075,193.43807853070277
3708585858,robust_control_aware,strong,0.02,0.0300534458215845,0.078913818323728,0.85,0.0,0.49,195.7315036986952
3708585858,robust_control_aware,strong,0.022,0.0314622580487678,0.0916142103682726,0.84,0.0,0.51,195.83790603187745
3708585858,robust_control_aware,strong,0.026,0.0404389932161684,0.1208013165605481,0.74,0.0025,0.49,199.27030970544808
3708585858,robust_control_aware,strong,0.03,0.0494148553265215,0.1338027546915827,0.6425,0.01,0.5275,197.80136144849013
3708585858,robust_control_aware,strong,0.036,0.0586599203835477,0.1494247128391749,0.5675,0.01,0.51,200.03888205205624
3853703150,boundary_aware,moderate,0.01,0.0138824733891785,0.0364325753669833,0.9825,0.0,0.45,181.82594647242848
3853703150,boundary_aware,moderate,0.014,0.015563094766311,0.0373250587431656,0.9875,0.0,0.5125,181.73584612179263
3853703150,boundary_aware,moderate,0.018,0.019424732089751,0.0467364627426726,0.9575,0.0,0.5275,186.60173550506383
3853703150,boundary_aware,moderate,0.02,0.0214648362162445,0.0515930690147814,0.9425,0.0,0.5125,185.55587639622263
3853703150,boundary_aware,moderate,0.022,0.0227563283839446,0.0525007668642462,0.9375,0.0,0.5575,189.1966728964723
3853703150,boundary_aware,moderate,0.026,0.0275058325015977,0.059707135238238,0.8925,0.0,0.51,190.3045952578869
3853703150,boundary_aware,moderate,0.03,0.0319262612272521,0.0760489551657104,0.835,0.0,0.57,192.27267892799108
3853703150,boundary_aware,moderate,0.036,0.038574901401673,0.0856769377999193,0.73,0.0,0.575,197.13767143200653
3853703150,boundary_aware,strong,0.01,0.0170653388069061,0.0504036436710228,0.9475,0.0,0.4125,174.66951592171915
3853703150,boundary_aware,strong,0.014,0.018388576441805,0.0467115447686162,0.9625,0.0,0.45,178.79410095950516
3853703150,boundary_aware,strong,0.018,0.0226489383668594,0.0562140572476822,0.9225,0.0,0.4725,183.05432192500928
3853703150,boundary_aware,strong,0.02,0.0236203320716493,0.0577835933380618,0.915,0.0,0.4575,180.8816105648906
3853703150,boundary_aware,strong,0.022,0.0257558101394313,0.0630447849506779,0.8975,0.0,0.4825,184.57198986598567
3853703150,boundary_aware,strong,0.026,0.0275622721689347,0.0666917557456833,0.8825,0.0,0.5025,185.13887890506248
3853703150,boundary_aware,strong,0.03,0.0339457078154915,0.0809603262428401,0.8025,0.0,0.4825,188.8511637923738
3853703150,boundary_aware,strong,0.036,0.038653336710169,0.0963507180338644,0.745,0.0,0.4625,192.1637038985623
3853703150,robust_control_aware,moderate,0.01,0.0149158537020893,0.0330739319910561,0.9875,0.0,0.455,180.12116091572972
3853703150,robust_control_aware,moderate,0.014,0.0172447024506824,0.0379244809602396,0.9775,0.0,0.5225,178.33303365919133
3853703150,robust_control_aware,moderate,0.018,0.0181141417603148,0.0363246167223595,0.9725,0.0,0.5775,183.53359680145516
3853703150,robust_control_aware,moderate,0.02,0.0183713455955925,0.0379171399595228,0.9875,0.0,0.5825,185.7096799217311
3853703150,robust_control_aware,moderate,0.022,0.0197313080497326,0.0398598602290874,0.98,0.0,0.5875,184.59870886797495
3853703150,robust_control_aware,moderate,0.026,0.0213227702648765,0.0422302519467415,0.975,0.0,0.5825,186.7338577875031
3853703150,robust_control_aware,moderate,0.03,0.0228720246641941,0.0475962115261438,0.9525,0.0,0.52,186.90081865758603
3853703150,robust_control_aware,moderate,0.036,0.0263322350403342,0.0619314207722423,0.915,0.0,0.405,188.64234444558824
3853703150,robust_control_aware,strong,0.01,0.0152320882034937,0.0375990501643384,0.9725,0.0,0.4575,178.26921249472986
3853703150,robust_control_aware,strong,0.014,0.0177986857748093,0.0435213688132102,0.9625,0.0,0.51,181.96462197103065
3853703150,robust_control_aware,strong,0.018,0.0202067021794611,0.0475111980308453,0.955,0.0,0.505,184.34251622393305
3853703150,robust_control_aware,strong,0.02,0.0197472325280507,0.0433352338696321,0.9675,0.0,0.5375,184.44394700698163
3853703150,robust_control_aware,strong,0.022,0.0207996956007603,0.0553235142010524,0.94,0.0,0.5625,183.09880024817585
3853703150,robust_control_aware,strong,0.026,0.0225263809829803,0.0565554071754848,0.93,0.0,0.52,184.364108569386
3853703150,robust_control_aware,strong,0.03,0.0252226413844012,0.0603219036454254,0.9225,0.0025,0.4675,186.38753671342684
3853703150,robust_control_aware,strong,0.036,0.0319025269005132,0.0943950184534771,0.83,0.0,0.4425,190.50259465456907
3825432642,boundary_aware,moderate,0.01,0.0130478635029317,0.0320501684928671,0.9925,0.0,0.45,178.88828511514023
3825432642,boundary_aware,moderate,0.014,0.0161555295181417,0.0393951321934964,0.985,0.0,0.52,187.6941872215284
3825432642,boundary_aware,moderate,0.018,0.0206637949695107,0.0517712976036557,0.94,0.0,0.54,190.13936324785456
3825432642,boundary_aware,moderate,0.02,0.0217774213136798,0.0507055160198896,0.945,0.0,0.525,192.03520770163263
3825432642,boundary_aware,moderate,0.022,0.0233992365328783,0.0503864945438352,0.94,0.0,0.5625,192.0008700169177
3825432642,boundary_aware,moderate,0.026,0.0279490040027578,0.0620523193227057,0.885,0.0,0.6325,193.01089158407584
3825432642,boundary_aware,moderate,0.03,0.0315485056923274,0.067824068950587,0.84,0.0,0.5675,197.5774695601304
3825432642,boundary_aware,moderate,0.036,0.0394161280723797,0.0900325343428519,0.72,0.0,0.5875,201.10656014726288
3825432642,boundary_aware,strong,0.01,0.0186881644798816,0.0482406294816801,0.9575,0.0,0.4425,178.69838945931664
3825432642,boundary_aware,strong,0.014,0.0220607807081327,0.0544540921855737,0.9325,0.0,0.4675,184.50245548394972
3825432642,boundary_aware,strong,0.018,0.0248147978265368,0.0605484016870834,0.91,0.0,0.4625,184.5418295552693
3825432642,boundary_aware,strong,0.02,0.0270267003592835,0.0637567569017128,0.8825,0.0,0.4825,187.47107796343056
3825432642,boundary_aware,strong,0.022,0.0312020884646884,0.0741907120583317,0.825,0.0,0.48,187.48468723880447
3825432642,boundary_aware,strong,0.026,0.0322165019378211,0.073689859163173,0.8025,0.0,0.5075,189.23905603836465
3825432642,boundary_aware,strong,0.03,0.0377331006859918,0.092271963357926,0.745,0.0,0.4975,193.9229840302581
3825432642,boundary_aware,strong,0.036,0.0455394919465205,0.1056443689230641,0.655,0.0,0.46,198.82869224831347
3825432642,robust_control_aware,moderate,0.01,0.0145087442209959,0.0334163072290828,0.9825,0.0,0.5125,186.26519770201503
3825432642,robust_control_aware,moderate,0.014,0.0169123262979674,0.0339484667119588,0.9775,0.0,0.5325,187.95145618278573
3825432642,robust_control_aware,moderate,0.018,0.0185106764678398,0.0368755143178462,0.9825,0.0,0.595,188.2980818167492
3825432642,robust_control_aware,moderate,0.02,0.0186257347391621,0.038290062414257,0.98,0.0,0.665,187.9430189241756
3825432642,robust_control_aware,moderate,0.022,0.0197802434540833,0.0416290069104237,0.97,0.0,0.6025,191.2413738964683
3825432642,robust_control_aware,moderate,0.026,0.0217226197318804,0.0435967793692979,0.9575,0.0,0.555,189.2324736406103
3825432642,robust_control_aware,moderate,0.03,0.0238620964849012,0.0493885964852267,0.95,0.0,0.5225,191.04745126892655
3825432642,robust_control_aware,moderate,0.036,0.0280777442756064,0.0716879670734748,0.885,0.0,0.4625,194.81330157190973
3825432642,robust_control_aware,strong,0.01,0.0151013073710271,0.0340134337381371,0.98,0.0,0.435,182.49113058774657
3825432642,robust_control_aware,strong,0.014,0.0187213545731385,0.0429168820634579,0.965,0.0,0.4725,185.71316698520923
3825432642,robust_control_aware,strong,0.018,0.0199376917909128,0.0465933113520061,0.9575,0.0,0.54,190.86632731278812
3825432642,robust_control_aware,strong,0.02,0.0213502892978509,0.0493103535143591,0.955,0.0,0.5625,189.8690707920381
3825432642,robust_control_aware,strong,0.022,0.0226483654138826,0.0533778208224078,0.935,0.0,0.5925,190.58867362218436
3825432642,robust_control_aware,strong,0.026,0.0252286954727185,0.0698819954096455,0.9,0.0,0.54,192.4118563664969
3825432642,robust_control_aware,strong,0.03,0.0280594873993529,0.0768392941136985,0.8875,0.0,0.485,192.81101397715184
3825432642,robust_control_aware,strong,0.036,0.0413670453129601,0.1145244710355988,0.7375,0.005,0.4825,196.57533708668808
3146805131,boundary_aware,moderate,0.01,0.0135014273585348,0.0335026723322966,0.9925,0.0,0.485,177.52095503581324
3146805131,boundary_aware,moderate,0.014,0.0168883258319493,0.0401212416827742,0.98,0.0,0.5,181.70371178690385
3146805131,boundary_aware,moderate,0.018,0.0204815795802514,0.0465108454247804,0.9625,0.0,0.5075,186.6186078145745
3146805131,boundary_aware,moderate,0.02,0.0227948054830085,0.0505255406539541,0.945,0.0,0.5325,187.09401113082984
3146805131,boundary_aware,moderate,0.022,0.0230747764473764,0.0518853746083161,0.94,0.0,0.58,189.56598439852928
3146805131,boundary_aware,moderate,0.026,0.0274843002349066,0.0619226949038702,0.9,0.0,0.54,193.25117755216115
3146805131,boundary_aware,moderate,0.03,0.0330020380170267,0.0730079525330772,0.8225,0.0,0.535,196.7102145686015
3146805131,boundary_aware,moderate,0.036,0.0377422661479739,0.0831287677110869,0.7525,0.0,0.57,198.7131473786825
3146805131,boundary_aware,strong,0.01,0.019086818693914,0.0455047507959662,0.96,0.0,0.425,179.40805690847537
3146805131,boundary_aware,strong,0.014,0.0237649375370627,0.0552814886549393,0.91,0.0,0.45,184.9823870822021
3146805131,boundary_aware,strong,0.018,0.0271113221345002,0.0626190238052485,0.88,0.0,0.4825,184.6993723243731
3146805131,boundary_aware,strong,0.02,0.0280241113801264,0.064145682853699,0.865,0.0,0.485,187.6936587771877
3146805131,boundary_aware,strong,0.022,0.0277212343160195,0.0629600611781905,0.875,0.0,0.4875,184.98833121372928
3146805131,boundary_aware,strong,0.026,0.0330555769097252,0.0753553172376738,0.8,0.0,0.495,191.0887434106268
3146805131,boundary_aware,strong,0.03,0.0370545652521954,0.0848038126143625,0.745,0.0,0.4875,194.6855378942729
3146805131,boundary_aware,strong,0.036,0.0426344622250372,0.0950495824999409,0.675,0.0,0.5,197.12908478548383
3146805131,robust_control_aware,moderate,0.01,0.0142334352975682,0.0315851107262272,0.9875,0.0,0.5075,182.39045406011047
3146805131,robust_control_aware,moderate,0.014,0.015814716745971,0.0332463806221447,0.985,0.0,0.565,186.3107296948291
3146805131,robust_control_aware,moderate,0.018,0.017703454527641,0.0363139298781069,0.9775,0.0,0.5675,182.8692470053012
3146805131,robust_control_aware,moderate,0.02,0.0176764521444316,0.035467726327964,0.9875,0.0,0.595,181.7322197763073
3146805131,robust_control_aware,moderate,0.022,0.0180703454344574,0.0377939805947197,0.985,0.0,0.65,187.2327812295265
3146805131,robust_control_aware,moderate,0.026,0.0203878142656997,0.0411473442184639,0.965,0.0,0.55,187.71025667153785
3146805131,robust_control_aware,moderate,0.03,0.0222791002465259,0.0422938621435188,0.96,0.0,0.5,189.88939327483496
3146805131,robust_control_aware,moderate,0.036,0.0245529829676718,0.0540644051590549,0.9375,0.0,0.395,189.97860845747755
3146805131,robust_control_aware,strong,0.01,0.0132048574754088,0.0311972997627832,0.975,0.0,0.4675,168.7021995149219
3146805131,robust_control_aware,strong,0.014,0.0160098039244417,0.0386709419166951,0.98,0.0,0.54,179.84912425537505
3146805131,robust_control_aware,strong,0.018,0.0180323111250862,0.0399980548302697,0.98,0.0,0.57,188.1546032091069
3146805131,robust_control_aware,strong,0.02,0.0185734294904847,0.0413122248482418,0.9675,0.0,0.575,186.6548843934181
3146805131,robust_control_aware,strong,0.022,0.0192911003161954,0.045612003642162,0.9625,0.0,0.575,186.66240193838183
3146805131,robust_control_aware,strong,0.026,0.0210290554937794,0.0522546058308455,0.94,0.0,0.5225,187.93506259344
3146805131,robust_control_aware,strong,0.03,0.0216705202832417,0.0477409765600528,0.9575,0.0,0.44,189.15327646851568
3146805131,robust_control_aware,strong,0.036,0.0246369296888939,0.0530034725540503,0.94,0.0,0.4275,190.03816424162235
3224262746,boundary_aware,moderate,0.01,0.0136399672875289,0.032918755867301,0.99,0.0,0.465,191.6977364720192
3224262746,boundary_aware,moderate,0.014,0.0164184576824596,0.03867141357516,0.985,0.0,0.5025,195.19222341782225
3224262746,boundary_aware,moderate,0.018,0.0198025965218929,0.0450717367455018,0.97,0.0,0.5325,199.9053673310565
3224262746,boundary_aware,moderate,0.02,0.0217464535585354,0.0508576844272378,0.945,0.0,0.5075,198.3167914373716
3224262746,boundary_aware,moderate,0.022,0.0233007912529507,0.0506601310140534,0.9475,0.0,0.525,198.50793986752035
3224262746,boundary_aware,moderate,0.026,0.0273369916238806,0.0621962713511403,0.8725,0.0,0.545,204.05634680090856
3224262746,boundary_aware,moderate,0.03,0.0333148338524722,0.076487873383449,0.825,0.0,0.5475,205.64857606317813
3224262746,boundary_aware,moderate,0.036,0.041542197698973,0.0916409331751098,0.7025,0.0025,0.585,211.6742551286702
3224262746,boundary_aware,strong,0.01,0.0193683898657045,0.0503201718152709,0.945,0.0,0.415,187.66310894354444
3224262746,boundary_aware,strong,0.014,0.0245510187553735,0.0584440111797389,0.9075,0.0,0.4225,188.2971980566166
3224262746,boundary_aware,strong,0.018,0.0258343390134793,0.061617569520447,0.885,0.0,0.4425,193.9125263698155
3224262746,boundary_aware,strong,0.02,0.0306291563734425,0.0723221442309361,0.845,0.0,0.44,193.3181287782969
3224262746,boundary_aware,strong,0.022,0.0325105776463765,0.0742505301600734,0.815,0.0,0.4625,197.60778503183656
3224262746,boundary_aware,strong,0.026,0.0365082965039675,0.0772247912552923,0.755,0.0,0.4725,198.60760278789883
3224262746,boundary_aware,strong,0.03,0.0401564654523832,0.0956804343368414,0.7225,0.0025,0.4525,202.7684546654305
3224262746,boundary_aware,strong,0.036,0.0486679591584077,0.1147405126558884,0.6275,0.0025,0.4975,204.9021702225366
3224262746,robust_control_aware,moderate,0.01,0.0133723996811654,0.026116381622566,0.9925,0.0,0.4675,193.07336151034775
3224262746,robust_control_aware,moderate,0.014,0.0158466962289318,0.0312021335364619,0.9925,0.0,0.5475,193.11781522605023
3224262746,robust_control_aware,moderate,0.018,0.0177247771105798,0.032970898443338,0.99,0.0,0.6175,193.1344370672272
3224262746,robust_control_aware,moderate,0.02,0.0173641256362388,0.0346203069078287,0.9875,0.0,0.615,194.2758329719819
3224262746,robust_control_aware,moderate,0.022,0.0188833318479389,0.0350483725623175,0.9875,0.0,0.6325,194.76529268714523
3224262746,robust_control_aware,moderate,0.026,0.0207887449696837,0.0424233816442098,0.9725,0.0,0.6075,195.52106332416844
3224262746,robust_control_aware,moderate,0.03,0.0231101040320422,0.0469565011084786,0.955,0.0,0.5325,200.56309146349744
3224262746,robust_control_aware,moderate,0.036,0.0261628022160654,0.0588573810221657,0.9225,0.0,0.4475,201.0862205481309
3224262746,robust_control_aware,strong,0.01,0.016824415605789,0.0416063579667816,0.9575,0.0,0.4475,182.1742156441865
3224262746,robust_control_aware,strong,0.014,0.0187732435785379,0.0455288943806413,0.965,0.0,0.48,190.9022731933593
3224262746,robust_control_aware,strong,0.018,0.0199230629145073,0.0437496745312858,0.9575,0.0,0.53,197.50712179921032
3224262746,robust_control_aware,strong,0.02,0.0197831786182731,0.0446849808814908,0.955,0.0,0.5725,195.1395685917926
3224262746,robust_control_aware,strong,0.022,0.0240077214007873,0.0624351225813959,0.9025,0.0,0.54,196.65629467994927
3224262746,robust_control_aware,strong,0.026,0.025716072657111,0.0630725130613891,0.8825,0.0,0.525,199.26980170837032
3224262746,robust_control_aware,strong,0.03,0.0327935808695973,0.0997483407170976,0.8375,0.0025,0.5025,202.37487385136237
3224262746,robust_control_aware,strong,0.036,0.042303271660027,0.1260781915130064,0.725,0.0075,0.4875,204.48281773062868
3376123110,boundary_aware,moderate,0.01,0.0131181191744817,0.0323418593712125,0.9925,0.0,0.4975,183.47324115259852
3376123110,boundary_aware,moderate,0.014,0.0166519879049713,0.0402917535344619,0.985,0.0,0.495,186.87639783393428
3376123110,boundary_aware,moderate,0.018,0.018434611861957,0.0446030805407645,0.97,0.0,0.5275,189.67635990994373
3376123110,boundary_aware,moderate,0.02,0.0211347734939694,0.0470448827115723,0.9525,0.0,0.5425,190.22590047299056
3376123110,boundary_aware,moderate,0.022,0.0215719019807582,0.0512580809079607,0.94,0.0,0.5525,191.0001160492849
3376123110,boundary_aware,moderate,0.026,0.0260122838126185,0.0569760494238331,0.9225,0.0,0.54,192.1576802568704
3376123110,boundary_aware,moderate,0.03,0.02895302109306,0.0675509112401168,0.8875,0.0,0.5425,195.2168220933287
3376123110,boundary_aware,moderate,0.036,0.0342069622800133,0.0785939176564705,0.805,0.0,0.53,198.75828669441904
3376123110,boundary_aware,strong,0.01,0.0178627583652934,0.0474749427506182,0.9575,0.0,0.4425,176.01589383704163
3376123110,boundary_aware,strong,0.014,0.0204884365758281,0.0516851053690331,0.945,0.0,0.43,180.00052140112223
3376123110,boundary_aware,strong,0.018,0.02398431564274,0.056539165672425,0.9175,0.0,0.46,183.24185673894112
3376123110,boundary_aware,strong,0.02,0.0239518759499534,0.0544873703243919,0.93,0.0,0.465,184.75563525360843
3376123110,boundary_aware,strong,0.022,0.0254804263039454,0.0572125185695691,0.905,0.0,0.4825,185.89849074505784
3376123110,boundary_aware,strong,0.026,0.0294813107992178,0.0653746647249161,0.855,0.0,0.485,185.27246067814576
3376123110,boundary_aware,strong,0.03,0.0326881802271416,0.0731911817566531,0.8175,0.0,0.5025,188.6942246872848
3376123110,boundary_aware,strong,0.036,0.0363508680225088,0.0759136462414423,0.7675,0.0,0.505,192.95503823939907
3376123110,robust_control_aware,moderate,0.01,0.0142818315219621,0.0288133082412138,0.985,0.0,0.4875,186.97516863592125
3376123110,robust_control_aware,moderate,0.014,0.0157773226498893,0.0331800603454764,0.9925,0.0,0.585,189.7150898756845
3376123110,robust_control_aware,moderate,0.018,0.0172827927205856,0.0345710287576556,0.985,0.0,0.615,188.00726850279253
3376123110,robust_control_aware,moderate,0.02,0.017654908139209,0.0350725891225346,0.9925,0.0,0.635,188.5526581392693
3376123110,robust_control_aware,moderate,0.022,0.0186354591734336,0.0385488314263849,0.9825,0.0,0.5875,191.6258552655332
3376123110,robust_control_aware,moderate,0.026,0.0203108512532355,0.0413162016746352,0.97,0.0,0.5575,187.36367973740147
3376123110,robust_control_aware,moderate,0.03,0.0234326250911173,0.0459927692434952,0.96,0.0,0.5475,191.7744837224543
3376123110,robust_control_aware,moderate,0.036,0.0272008612790691,0.0618864247667031,0.9075,0.0,0.4525,196.25011658579507
3376123110,robust_control_aware,strong,0.01,0.0168459651434499,0.0432274125471648,0.965,0.0,0.4775,183.73457656364891
3376123110,robust_control_aware,strong,0.014,0.0194305614240696,0.0488917823411131,0.9575,0.0,0.485,187.59073160119468
3376123110,robust_control_aware,strong,0.018,0.0236189579317436,0.0683486947686266,0.8975,0.0,0.5025,189.11904179386872
3376123110,robust_control_aware,strong,0.02,0.0247974379054877,0.0679844767182636,0.9025,0.0025,0.5475,188.1529123415964
3376123110,robust_control_aware,strong,0.022,0.0295007729889613,0.0883827651093415,0.8475,0.0,0.4975,188.44811073044497
3376123110,robust_control_aware,strong,0.026,0.0311131622334138,0.0900658053546291,0.8325,0.0,0.5225,189.26615920214743
3376123110,robust_control_aware,strong,0.03,0.0324800116267584,0.0885915509371052,0.8175,0.0,0.5,193.07258013439105
3376123110,robust_control_aware,strong,0.036,0.039784969531379,0.1220936020036836,0.765,0.005,0.4775,194.85090551252955
3468584905,boundary_aware,moderate,0.01,0.0134021459057422,0.0352736000198304,0.9925,0.0,0.4575,184.0612889539048
3468584905,boundary_aware,moderate,0.014,0.0161491638848151,0.0386586945382333,0.99,0.0,0.465,187.42204016015276
3468584905,boundary_aware,moderate,0.018,0.0212344479875168,0.0472041028664859,0.9575,0.0,0.4725,192.91921843658943
3468584905,boundary_aware,moderate,0.02,0.0223910594238423,0.0499735506659336,0.95,0.0,0.525,193.81234539184007
3468584905,boundary_aware,moderate,0.022,0.0242779336073214,0.0506751122390266,0.94,0.0,0.515,191.85040321923896
3468584905,boundary_aware,moderate,0.026,0.0306291196009333,0.0720679005562684,0.845,0.0,0.54,195.9144629251549
3468584905,boundary_aware,moderate,0.03,0.0346692663984265,0.0799047591046658,0.7875,0.0,0.5475,197.92345375334023
3468584905,boundary_aware,moderate,0.036,0.0452768415272474,0.0997839259972198,0.64,0.0,0.505,202.1121300525585
3468584905,boundary_aware,strong,0.01,0.0210183870009722,0.051117419302636,0.9425,0.0,0.4325,183.9585713500336
3468584905,boundary_aware,strong,0.014,0.0245338251786908,0.0616144637536498,0.91,0.0,0.415,185.11472691749796
3468584905,boundary_aware,strong,0.018,0.0321524804951912,0.0759284112413741,0.8175,0.0,0.4075,190.7604508572591
3468584905,boundary_aware,strong,0.02,0.0328094026023014,0.0783022815993948,0.795,0.0,0.45,196.9100815145548
3468584905,boundary_aware,strong,0.022,0.0350520874699154,0.0829574962636998,0.785,0.0,0.4375,193.69094564914164
3468584905,boundary_aware,strong,0.026,0.0418501365976677,0.0993789526028357,0.7075,0.0025,0.4675,194.724896867946
3468584905,boundary_aware,strong,0.03,0.0491189697767908,0.1200853215482692,0.6025,0.0025,0.4775,197.36778508109697
3468584905,boundary_aware,strong,0.036,0.0595169740814376,0.1282162403144551,0.48,0.005,0.48,200.63929190760444
3468584905,robust_control_aware,moderate,0.01,0.0143855454449906,0.0309386179654326,0.99,0.0,0.47,187.28072773205045
3468584905,robust_control_aware,moderate,0.014,0.0163876327215498,0.0343575185766325,0.99,0.0,0.5375,188.1801747711085
3468584905,robust_control_aware,moderate,0.018,0.0178491511875793,0.0354668427677216,0.99,0.0,0.5775,186.02703368354284
3468584905,robust_control_aware,moderate,0.02,0.0189244126317423,0.035998099703968,0.99,0.0,0.59,191.10785917981295
3468584905,robust_control_aware,moderate,0.022,0.0189555954462136,0.0353294087026877,0.9925,0.0,0.625,191.0767042195845
3468584905,robust_control_aware,moderate,0.026,0.021300866143379,0.0406835711303602,0.9725,0.0,0.6075,190.7480065983524
3468584905,robust_control_aware,moderate,0.03,0.0236994315920352,0.0471290670524002,0.9525,0.0,0.5175,192.17295900916852
3468584905,robust_control_aware,moderate,0.036,0.0275629618130631,0.0623069271148253,0.9075,0.0,0.46,197.25771062883587
3468584905,robust_control_aware,strong,0.01,0.0162178859825059,0.0398983413592606,0.9775,0.0,0.48,188.7223499955539
3468584905,robust_control_aware,strong,0.014,0.0182459619539447,0.0453841410380809,0.9725,0.0,0.485,190.4272352484176
3468584905,robust_control_aware,strong,0.018,0.0221380210073365,0.0538130188964285,0.935,0.0,0.555,192.4199399945604
3468584905,robust_control_aware,strong,0.02,0.0210191749885619,0.0453967714455744,0.9625,0.0,0.5025,193.5758827387919
3468584905,robust_control_aware,strong,0.022,0.0260432900266863,0.0685233548453634,0.89,0.0,0.5375,192.6097334256388
3468584905,robust_control_aware,strong,0.026,0.0330709344147339,0.0981578644765884,0.81,0.0,0.5525,196.31654999924112
3468584905,robust_control_aware,strong,0.03,0.0329928364447187,0.0896337319483357,0.815,0.0,0.5375,197.51408627689017
3468584905,robust_control_aware,strong,0.036,0.0581520603428429,0.1375559832973762,0.5225,0.005,0.4925,198.3861794608329
3844007312,boundary_aware,moderate,0.01,0.0115627630080243,0.028591765873452,0.995,0.0,0.505,187.56881942692576
3844007312,boundary_aware,moderate,0.014,0.014335649550923,0.038535149522094,0.9875,0.0,0.52,190.30498459870307
3844007312,boundary_aware,moderate,0.018,0.0179888667348753,0.0432700993863373,0.9675,0.0,0.5,194.86897154204263
3844007312,boundary_aware,moderate,0.02,0.0189116255497887,0.0458186167795999,0.97,0.0,0.525,197.104834113482
3844007312,boundary_aware,moderate,0.022,0.0210629646490091,0.0485304944815253,0.955,0.0,0.54,199.2581496560716
3844007312,boundary_aware,moderate,0.026,0.0241903698866051,0.0557660667663462,0.935,0.0,0.555,199.98522884078525
3844007312,boundary_aware,moderate,0.03,0.0276762213792444,0.060997052837359,0.875,0.0,0.54,203.74094813244284
3844007312,boundary_aware,moderate,0.036,0.0374770823487775,0.0864857495819092,0.75,0.0,0.535,207.35186661731112
3844007312,boundary_aware,strong,0.01,0.0132635310985489,0.0326217527737185,0.99,0.0,0.4125,187.58083626436547
3844007312,boundary_aware,strong,0.014,0.016192938727639,0.0406166330745724,0.9725,0.0,0.4625,192.37750199276408
3844007312,boundary_aware,strong,0.018,0.0172650019440186,0.0417607344801233,0.97,0.0,0.4775,193.3114418451124
3844007312,boundary_aware,strong,0.02,0.0212318204861047,0.0557003610551957,0.9225,0.0,0.495,194.25836128403824
3844007312,boundary_aware,strong,0.022,0.0205799910952836,0.051857593934885,0.945,0.0,0.485,191.39048623948875
3844007312,boundary_aware,strong,0.026,0.0241700221161033,0.0591507821739062,0.91,0.0,0.48,200.02916659036765
3844007312,boundary_aware,strong,0.03,0.0299136883911919,0.0724075010250231,0.8425,0.0,0.46,199.5639069896098
3844007312,boundary_aware,strong,0.036,0.0324378966363099,0.0799542482090718,0.805,0.0,0.455,201.0592509238921
3844007312,robust_control_aware,moderate,0.01,0.0143641129729938,0.0298977104521526,0.99,0.0,0.455,195.56455007963189
3844007312,robust_control_aware,moderate,0.014,0.0149872029882075,0.03070191276175,0.99,0.0,0.56,194.8211033399698
3844007312,robust_control_aware,moderate,0.018,0.0165544297406565,0.0334780220066351,0.9875,0.0,0.6,196.17159009248587
3844007312,robust_control_aware,moderate,0.02,0.0171202124487901,0.0343322569819959,0.985,0.0,0.6025,197.3586687742775
3844007312,robust_control_aware,moderate,0.022,0.0170913815920621,0.0328378364036445,0.995,0.0,0.6,197.1391623320147
3844007312,robust_control_aware,moderate,0.026,0.0193340975731174,0.0371352642055156,0.9825,0.0,0.57,195.81117886809372
3844007312,robust_control_aware,moderate,0.03,0.0219442814643005,0.045048403896727,0.965,0.0,0.515,197.68977514604472
3844007312,robust_control_aware,moderate,0.036,0.0257121883948617,0.0540874624815957,0.94,0.0025,0.38,197.49456096053927
3844007312,robust_control_aware,strong,0.01,0.0140017570544576,0.0348649010573948,0.9825,0.0,0.4675,193.0743205448626
3844007312,robust_control_aware,strong,0.014,0.015917856304465,0.0357754385754268,0.9825,0.0,0.5275,194.5633911831264
3844007312,robust_control_aware,strong,0.018,0.0168456211265504,0.0376747178307589,0.98,0.0,0.5425,194.97162356510776
3844007312,robust_control_aware,strong,0.02,0.0173145139250002,0.0384781689294967,0.99,0.0,0.55,197.96897993955457
3844007312,robust_control_aware,strong,0.022,0.0188088067322671,0.040176386024688,0.97,0.0,0.57,198.7842171756244
3844007312,robust_control_aware,strong,0.026,0.0209019903953355,0.0555149963772405,0.945,0.0,0.49,198.3841279017764
3844007312,robust_control_aware,strong,0.03,0.0211512891937122,0.0442887733795981,0.9575,0.0,0.4725,197.3761882696392
3844007312,robust_control_aware,strong,0.036,0.0263537396438686,0.0621982339538263,0.9125,0.0025,0.4325,201.4207519390216
3575360530,boundary_aware,moderate,0.01,0.0145879826163892,0.0365468862080469,0.9925,0.0,0.4375,181.9703645385515
3575360530,boundary_aware,moderate,0.014,0.0187470421453681,0.0413934467593199,0.985,0.0,0.475,190.6016977224276
3575360530,boundary_aware,moderate,0.018,0.0211864852158866,0.0489528096482878,0.9525,0.0,0.5275,192.2746761715
3575360530,boundary_aware,moderate,0.02,0.0251978960843382,0.0547690019163853,0.915,0.0,0.4925,195.00644266818887
3575360530,boundary_aware,moderate,0.022,0.0273180769390225,0.0591480437554174,0.9025,0.0,0.535,196.08571960105292
3575360530,boundary_aware,moderate,0.026,0.0293412824241293,0.0640531386600627,0.86,0.0,0.55,194.99014476299823
3575360530,boundary_aware,moderate,0.03,0.0369971876078542,0.0821582426713819,0.775,0.0,0.5375,201.6083394440533
3575360530,boundary_aware,moderate,0.036,0.0432813737193838,0.0942501084953564,0.68,0.0,0.575,203.31763671031888
3575360530,boundary_aware,strong,0.01,0.0230767564501211,0.0570068807487664,0.925,0.0,0.4275,185.907328544996
3575360530,boundary_aware,strong,0.014,0.0286498496032704,0.0661873868190564,0.87,0.0,0.4325,190.22461693814924
3575360530,boundary_aware,strong,0.018,0.035077651849134,0.0863018770778004,0.7675,0.0,0.4375,193.83692022432012
3575360530,boundary_aware,strong,0.02,0.0363954729275394,0.0851069018654889,0.765,0.0,0.4425,196.26094684543477
3575360530,boundary_aware,strong,0.022,0.0392760710996956,0.0923929387525094,0.7225,0.0,0.4625,192.16239548187988
3575360530,boundary_aware,strong,0.026,0.0470025917076363,0.101050009333345,0.6325,0.0025,0.455,198.5390007721079
3575360530,boundary_aware,strong,0.03,0.0526566319551759,0.1140523243763454,0.55,0.0025,0.4925,201.78418958563293
3575360530,boundary_aware,strong,0.036,0.0647803047361612,0.1420241522094298,0.435,0.0025,0.46,203.43143143693916
3575360530,robust_control_aware,moderate,0.01,0.0146896646813306,0.0318219015143698,0.9925,0.0,0.475,187.3485217949459
3575360530,robust_control_aware,moderate,0.014,0.016818246841937,0.0340237836548876,0.99,0.0,0.5175,187.82542657637708
3575360530,robust_control_aware,moderate,0.018,0.0185481140240677,0.0363214158171689,0.975,0.0,0.615,187.8113890984921
3575360530,robust_control_aware,moderate,0.02,0.0183129336673864,0.0369894922359337,0.9775,0.0,0.5925,185.88185533700567
3575360530,robust_control_aware,moderate,0.022,0.0189133628924583,0.0355226110670991,0.985,0.0,0.5925,190.13570471305
3575360530,robust_control_aware,moderate,0.026,0.020518457897847,0.0391172081337502,0.9725,0.0,0.6025,190.5953579941123
3575360530,robust_control_aware,moderate,0.03,0.0229780118492415,0.0456907551504324,0.9625,0.0,0.5375,194.16922533691476
3575360530,robust_control_aware,moderate,0.036,0.026405548277401,0.0580753709784696,0.9325,0.0,0.4725,196.7369371069544
3575360530,robust_control_aware,strong,0.01,0.0156156873534776,0.0370118363840694,0.9775,0.0,0.46,187.69520579010725
3575360530,robust_control_aware,strong,0.014,0.0184481888825564,0.0469371710450132,0.9575,0.0,0.5425,186.87472759161176
3575360530,robust_control_aware,strong,0.018,0.0198163096507181,0.048282181886313,0.95,0.0,0.555,186.4137046239623
3575360530,robust_control_aware,strong,0.02,0.0199521024485683,0.0480699534851985,0.955,0.0,0.55,189.23944516674985
3575360530,robust_control_aware,strong,0.022,0.0207931419190661,0.04823946356608,0.95,0.0,0.5275,193.0106189561577
3575360530,robust_control_aware,strong,0.026,0.0262849776323621,0.0762499536559328,0.9,0.0,0.54,192.9138557546632
3575360530,robust_control_aware,strong,0.03,0.0252905744010824,0.0581303956846099,0.9325,0.0,0.535,193.0332028721101
3575360530,robust_control_aware,strong,0.036,0.0353248850883812,0.1015338408226327,0.8025,0.0,0.4925,197.8133076255258
3239878194,boundary_aware,moderate,0.01,0.0131204182029672,0.0345701973373404,0.9925,0.0,0.475,180.68396402139075
3239878194,boundary_aware,moderate,0.014,0.017349630346802,0.0426766054265359,0.9775,0.0,0.5025,185.81927593551123
3239878194,boundary_aware,moderate,0.018,0.021157047400121,0.0522183713224955,0.945,0.0,0.5325,186.12772608758343
3239878194,boundary_aware,moderate,0.02,0.0224228881435768,0.0504453896469931,0.9475,0.0,0.5675,186.22143022926343
3239878194,boundary_aware,moderate,0.022,0.0258931199030979,0.0601766229027366,0.8925,0.0,0.535,191.1853110602487
3239878194,boundary_aware,moderate,0.026,0.0304110385943588,0.0664350955132952,0.8325,0.0,0.53,193.12188207344016
3239878194,boundary_aware,moderate,0.03,0.0361681813169034,0.0837148217877259,0.7675,0.0,0.5475,195.29900819079523
3239878194,boundary_aware,moderate,0.036,0.0433781711543835,0.1024305536197307,0.705,0.0025,0.5475,198.010729022636
3239878194,boundary_aware,strong,0.01,0.0204800882218688,0.0555627563699963,0.9375,0.0,0.4475,181.6468119872412
3239878194,boundary_aware,strong,0.014,0.0247607879015682,0.0656309925843624,0.895,0.0,0.445,186.15123916475545
3239878194,boundary_aware,strong,0.018,0.0332766253738177,0.0844186446815028,0.7875,0.0,0.4675,187.77737178765335
3239878194,boundary_aware,strong,0.02,0.0303131566167021,0.07492618604746,0.835,0.0,0.4675,186.5548632030909
3239878194,boundary_aware,strong,0.022,0.0352807079237216,0.0851746469333197,0.7775,0.0,0.4825,192.92719557896297
3239878194,boundary_aware,strong,0.026,0.0411806000446295,0.0985514432539544,0.7025,0.0025,0.475,193.44887212196284
3239878194,boundary_aware,strong,0.03,0.0500271853991696,0.1241520166606238,0.5925,0.0025,0.4675,195.22374567351952
3239878194,boundary_aware,strong,0.036,0.0629063947533286,0.1516441085253527,0.4675,0.0075,0.505,194.3489943516724
3239878194,robust_control_aware,moderate,0.01,0.0148359921480681,0.0330600133344974,0.98,0.0,0.445,178.84494358950033
3239878194,robust_control_aware,moderate,0.014,0.0174367104498448,0.0372656483283391,0.9725,0.0,0.5375,183.46316153276268
3239878194,robust_control_aware,moderate,0.018,0.0194313373914409,0.0410217530419274,0.965,0.0,0.5925,185.37996681372155
3239878194,robust_control_aware,moderate,0.02,0.021277111408883,0.0471607705982976,0.955,0.0,0.5675,187.9636045268659
3239878194,robust_control_aware,moderate,0.022,0.0214938536676361,0.0428672187230223,0.9625,0.0,0.6,186.22237568040637
3239878194,robust_control_aware,moderate,0.026,0.0240308642278271,0.0590315169818348,0.9375,0.0,0.655,187.84945583094293
3239878194,robust_control_aware,moderate,0.03,0.026214213419384,0.0618517961275116,0.92,0.0,0.565,189.79839021336497
3239878194,robust_control_aware,moderate,0.036,0.0423808811063465,0.1219162323815789,0.7375,0.0025,0.545,196.06093347617383
3239878194,robust_control_aware,strong,0.01,0.020913822649684,0.0615283791843727,0.9225,0.0,0.465,185.0911068768872
3239878194,robust_control_aware,strong,0.014,0.0235945856956368,0.0665031678978393,0.905,0.0,0.4825,185.80283296621877
3239878194,robust_control_aware,strong,0.018,0.0316489374460181,0.088761589801517,0.8075,0.0,0.4725,188.56945789050812
3239878194,robust_control_aware,strong,0.02,0.0355856999183966,0.1013918360200151,0.7575,0.0,0.47,188.06251670237836
3239878194,robust_control_aware,strong,0.022,0.0369567289778353,0.1053742468182247,0.7625,0.005,0.5,192.4291366139194
3239878194,robust_control_aware,strong,0.026,0.0498922652067683,0.1253245430635401,0.5975,0.0,0.4825,192.3039509425144
3239878194,robust_control_aware,strong,0.03,0.0562217931409748,0.1403554655627495,0.55,0.01,0.4825,194.41625321925807
3239878194,robust_control_aware,strong,0.036,0.0717701303414152,0.1589800375088473,0.3975,0.01,0.495,197.0902204044176
3784839779,boundary_aware,moderate,0.01,0.0140074718304329,0.0365179882451117,0.985,0.0,0.495,182.71878197739912
3784839779,boundary_aware,moderate,0.014,0.017170393615855,0.0411393411481548,0.98,0.0,0.5025,187.07267293739244
3784839779,boundary_aware,moderate,0.018,0.0194414129923369,0.0470224864499531,0.97,0.0,0.525,188.69513522238208
3784839779,boundary_aware,moderate,0.02,0.0218272603369294,0.0520883335893372,0.94,0.0,0.5175,190.8312201144711
3784839779,boundary_aware,moderate,0.022,0.0246610712444955,0.0592855058818474,0.9125,0.0,0.5275,192.75649404478503
3784839779,boundary_aware,moderate,0.026,0.0275019458694005,0.0647396198252862,0.8825,0.0,0.555,193.9762206787992
3784839779,boundary_aware,moderate,0.03,0.0337854800428653,0.0769356284312704,0.805,0.0,0.5875,200.7219635814275
3784839779,boundary_aware,moderate,0.036,0.0405907600976249,0.0909650489038312,0.7175,0.0,0.5725,200.7129461087648
3784839779,boundary_aware,strong,0.01,0.020982277443441,0.0551787922553398,0.9325,0.0,0.425,181.9852074697302
3784839779,boundary_aware,strong,0.014,0.0254108133776909,0.0584846338854885,0.9075,0.0,0.4175,183.7886503699985
3784839779,boundary_aware,strong,0.018,0.0291624399328847,0.0678490813947986,0.85,0.0,0.41,189.1806102047895
3784839779,boundary_aware,strong,0.02,0.0325873826386281,0.0787971505016784,0.8275,0.0,0.44,189.25934254227863
3784839779,boundary_aware,strong,0.022,0.0334715940940783,0.0765326926155929,0.795,0.0,0.435,191.0581867484424
3784839779,boundary_aware,strong,0.026,0.0379339197340461,0.0901993592786282,0.7575,0.0,0.4825,193.60480188803365
3784839779,boundary_aware,strong,0.03,0.0424204957675245,0.0954651717607835,0.6975,0.0,0.495,197.46730386611569
3784839779,boundary_aware,strong,0.036,0.0531822255449503,0.1169018976880001,0.5575,0.0025,0.5125,200.71821694915388
3784839779,robust_control_aware,moderate,0.01,0.0132986120987167,0.0269996574739242,0.985,0.0,0.5275,182.18514720068669
3784839779,robust_control_aware,moderate,0.014,0.0151999361037218,0.0305517784066479,0.99,0.0,0.5775,187.7828298008357
3784839779,robust_control_aware,moderate,0.018,0.0164542005477153,0.0321955264877652,0.9825,0.0,0.59,190.75790203964544
3784839779,robust_control_aware,moderate,0.02,0.0181235696998327,0.0354160326263316,0.98,0.0,0.5775,187.51437244851644
3784839779,robust_control_aware,moderate,0.022,0.0185143211132426,0.0392938106991087,0.975,0.0,0.565,190.98203377010117
3784839779,robust_control_aware,moderate,0.026,0.0200194155844698,0.0372621767484086,0.9725,0.0,0.55,192.4834519373761
3784839779,robust_control_aware,moderate,0.03,0.0213205024657177,0.0416265236099349,0.9775,0.0,0.47,189.8662213249204
3784839779,robust_control_aware,moderate,0.036,0.0258188509510414,0.0609353532128738,0.93,0.0,0.43,193.9325585164921
3784839779,robust_control_aware,strong,0.01,0.0126207320113238,0.0312177089905918,0.985,0.0,0.4625,181.95077387330872
3784839779,robust_control_aware,strong,0.014,0.0143799344466962,0.0347418294083818,0.985,0.0,0.5125,182.44921730323543
3784839779,robust_control_aware,strong,0.018,0.0180009589949196,0.0426940282627727,0.975,0.0,0.57,189.5874914501505
3784839779,robust_control_aware,strong,0.02,0.0185321899227289,0.0427147286060028,0.965,0.0025,0.5775,185.56611483849
3784839779,robust_control_aware,strong,0.022,0.0211986614494833,0.0510801648206284,0.9475,0.0025,0.5525,188.15111901010985
3784839779,robust_control_aware,strong,0.026,0.0215669967324126,0.0524736816227928,0.94,0.0,0.4975,188.56158385258607
3784839779,robust_control_aware,strong,0.03,0.0230841910246452,0.054939761320526,0.935,0.0,0.4475,191.18467624756445
3784839779,robust_control_aware,strong,0.036,0.0273883670054002,0.0763785627175866,0.88,0.0,0.37,194.33671141761323
3242517335,boundary_aware,moderate,0.01,0.0149899424693274,0.0422171263253169,0.97,0.0,0.4825,184.36298662210817
3242517335,boundary_aware,moderate,0.014,0.0179138028880138,0.0433230706709284,0.97,0.0,0.4625,189.1559833228341
3242517335,boundary_aware,moderate,0.018,0.0209345661082087,0.0509425575826239,0.9425,0.0,0.5225,191.6656419339611
3242517335,boundary_aware,moderate,0.02,0.0247171878094723,0.0571579907743431,0.9125,0.0,0.5175,191.7609392511687
3242517335,boundary_aware,moderate,0.022,0.0266102299017535,0.062413261263209,0.91,0.0,0.52,194.88940855054037
3242517335,boundary_aware,moderate,0.026,0.0321045335910441,0.0781717333463729,0.825,0.0,0.53,197.80651052100507
3242517335,boundary_aware,moderate,0.03,0.0358176793697389,0.0815562852309665,0.78,0.0,0.57,198.472052231548
3242517335,boundary_aware,moderate,0.036,0.0447147812787402,0.1032298683907294,0.6425,0.0,0.565,201.80048929066612
3242517335,boundary_aware,strong,0.01,0.0211101722443731,0.0590721008809726,0.925,0.0,0.425,181.80623402136848
3242517335,boundary_aware,strong,0.014,0.024423836583045,0.0608626533018315,0.905,0.0,0.4225,182.7792585614602
3242517335,boundary_aware,strong,0.018,0.0295669860263487,0.0716478064569168,0.855,0.0,0.4675,187.11564547565837
3242517335,boundary_aware,strong,0.02,0.0317587726515544,0.0803759432226031,0.82,0.0,0.4975,191.8722664127284
3242517335,boundary_aware,strong,0.022,0.0340287404341214,0.080058408933861,0.785,0.0,0.4825,190.64494280459016
3242517335,boundary_aware,strong,0.026,0.0403937753680094,0.0992029644353322,0.7225,0.0025,0.4475,190.9808278584229
3242517335,boundary_aware,strong,0.03,0.0449933805900802,0.1078495472697043,0.66,0.0025,0.4975,194.50919407614623
3242517335,boundary_aware,strong,0.036,0.0540518166402793,0.1344339742378432,0.5775,0.0075,0.535,199.32664141334996
3242517335,robust_control_aware,moderate,0.01,0.0157093482820323,0.0343549837398384,0.98,0.0,0.465,186.43487619619657
3242517335,robust_control_aware,moderate,0.014,0.0177248357826104,0.0360540133152225,0.985,0.0,0.5225,187.228266980221
3242517335,robust_control_aware,moderate,0.018,0.0187425111514477,0.0381040653297358,0.9725,0.0,0.6275,191.6345415338716
3242517335,robust_control_aware,moderate,0.02,0.0203105242844083,0.0430025324974612,0.965,0.0,0.605,186.69716315714123
3242517335,robust_control_aware,moderate,0.022,0.0208624004667279,0.0452114700970683,0.9675,0.0,0.6225,186.6384465209102
3242517335,robust_control_aware,moderate,0.026,0.0248718537375176,0.0560930341547151,0.9275,0.0025,0.62,193.56307802967547
3242517335,robust_control_aware,moderate,0.03,0.0245536076174981,0.0528610812724533,0.9425,0.0,0.59,192.56211227076267
3242517335,robust_control_aware,moderate,0.036,0.0309694692155052,0.0805319165553871,0.8625,0.0,0.49,195.07887934467809
3242517335,robust_control_aware,strong,0.01,0.0187054811379908,0.0527537829565758,0.9325,0.0,0.4375,177.3924175905714
3242517335,robust_control_aware,strong,0.014,0.0208228881800709,0.0562474147088993,0.94,0.0,0.5,183.9667659543011
3242517335,robust_control_aware,strong,0.018,0.0261305746776015,0.0659352497704605,0.8875,0.0,0.52,189.42479896992344
3242517335,robust_control_aware,strong,0.02,0.0278196563130409,0.0759622752079848,0.8775,0.0,0.5425,191.00126332087987
3242517335,robust_control_aware,strong,0.022,0.0292855840328684,0.0802386380424582,0.8575,0.0,0.535,192.666250311174
3242517335,robust_control_aware,strong,0.026,0.0307388903536925,0.0730239427695279,0.8425,0.0,0.5775,194.40886838299912
3242517335,robust_control_aware,strong,0.03,0.0415234123720924,0.1069278620442152,0.7075,0.0,0.5275,194.12368496219915
3242517335,robust_control_aware,strong,0.036,0.0607695692816884,0.1570638165171506,0.5225,0.0175,0.51,196.86607182396045
3359997285,boundary_aware,moderate,0.01,0.0125052143006134,0.0325217781751401,0.995,0.0,0.4625,185.11782428999064
3359997285,boundary_aware,moderate,0.014,0.0159176031009416,0.0420370013542237,0.97,0.0,0.5475,186.62046386085603
3359997285,boundary_aware,moderate,0.018,0.0191956083432289,0.0438879291013351,0.9625,0.0,0.495,186.99695337381576
3359997285,boundary_aware,moderate,0.02,0.0219049228401455,0.0583577020575462,0.9325,0.0,0.5275,190.70302681145907
3359997285,boundary_aware,moderate,0.022,0.0223799234818335,0.0512527153266599,0.935,0.0,0.5825,191.1783886331109
3359997285,boundary_aware,moderate,0.026,0.0272196741427698,0.0648949643957594,0.8975,0.0,0.5525,194.10953078992677
3359997285,boundary_aware,moderate,0.03,0.0316339160947173,0.0723659065768892,0.82,0.0,0.5625,197.02126780234
3359997285,boundary_aware,moderate,0.036,0.0378333508965536,0.0847375295735276,0.7475,0.0,0.58,198.99502518461287
3359997285,boundary_aware,strong,0.01,0.0191339335227918,0.0505628608856635,0.945,0.0,0.4325,174.74311380071657
3359997285,boundary_aware,strong,0.014,0.0238218968832893,0.0590741181723633,0.9125,0.0,0.4475,177.04475618092374
3359997285,boundary_aware,strong,0.018,0.0258351984320343,0.065747377668815,0.8875,0.0,0.4425,184.0814689407121
3359997285,boundary_aware,strong,0.02,0.0270661123383248,0.0693005901893922,0.8725,0.0,0.48,185.62614416861905
3359997285,boundary_aware,strong,0.022,0.0296927816919285,0.0718951678141989,0.8375,0.0,0.4625,186.38484832143016
3359997285,boundary_aware,strong,0.026,0.0327278826386651,0.0852268108031849,0.8075,0.0,0.485,189.8767606447534
3359997285,boundary_aware,strong,0.03,0.0361122625177064,0.0846026303484066,0.77,0.0025,0.5,191.79979523141844
3359997285,boundary_aware,strong,0.036,0.0444948948413699,0.1063324061059929,0.65,0.0,0.4825,190.09897537583316
3359997285,robust_control_aware,moderate,0.01,0.0144283100236863,0.0325358250827489,0.9875,0.0,0.4925,185.19097165231065
3359997285,robust_control_aware,moderate,0.014,0.0163343063331336,0.0334337332061896,0.9825,0.0,0.55,187.32885431630777
3359997285,robust_control_aware,moderate,0.018,0.0183729517550067,0.0388047915166399,0.975,0.0,0.605,190.03099041839383
3359997285,robust_control_aware,moderate,0.02,0.0190677920629987,0.037700827117443,0.9825,0.0,0.6225,191.3854128104163
3359997285,robust_control_aware,moderate,0.022,0.019906646922054,0.0397236275933257,0.9725,0.0,0.6325,189.46283384166097
3359997285,robust_control_aware,moderate,0.026,0.0214850405053221,0.046793398061844,0.955,0.0,0.5825,190.2878340080716
3359997285,robust_control_aware,moderate,0.03,0.0246170140446011,0.0593993149023854,0.9325,0.0,0.56,191.81722048728133
3359997285,robust_control_aware,moderate,0.036,0.028912127300398,0.073417492315806,0.8775,0.0,0.4925,194.67860752135124
3359997285,robust_control_aware,strong,0.01,0.0171664579189544,0.0444495622779575,0.955,0.0,0.4675,183.20765778431604
3359997285,robust_control_aware,strong,0.014,0.0215419296353294,0.0562079339751281,0.9425,0.0,0.515,188.57512742576387
3359997285,robust_control_aware,strong,0.018,0.0281036464945884,0.0858381560926475,0.865,0.0,0.5275,189.58667815056543
3359997285,robust_control_aware,strong,0.02,0.0252073922997783,0.0690980269771479,0.8975,0.0,0.5375,191.90305934637377
3359997285,robust_control_aware,strong,0.022,0.0269719598223048,0.0742173412372083,0.895,0.0,0.5525,191.99524370982465
3359997285,robust_control_aware,strong,0.026,0.0316606689800414,0.0929330986818007,0.85,0.0,0.535,191.08240499052076
3359997285,robust_control_aware,strong,0.03,0.0451781036530479,0.1301557992143412,0.705,0.01,0.5125,195.21772878058957
3359997285,robust_control_aware,strong,0.036,0.0579555540482957,0.142391977485854,0.54,0.01,0.4925,196.33636710146948
3688259442,boundary_aware,moderate,0.01,0.0144171617124604,0.0370685911089017,0.985,0.0,0.4925,180.02306029716186
3688259442,boundary_aware,moderate,0.014,0.0186090387760807,0.0458107281061931,0.9625,0.0,0.5025,188.0264424671077
3688259442,boundary_aware,moderate,0.018,0.0222765104643766,0.0535999309092108,0.94,0.0,0.535,192.9535702981069
3688259442,boundary_aware,moderate,0.02,0.0233060362973402,0.053804479675317,0.9275,0.0,0.5275,194.06141842677292
3688259442,boundary_aware,moderate,0.022,0.0261854076975231,0.0623117288856425,0.8925,0.0,0.5525,195.5280552328453
3688259442,boundary_aware,moderate,0.026,0.0300849533550005,0.0704782067025889,0.845,0.0,0.555,198.38925004251988
3688259442,boundary_aware,moderate,0.03,0.0352177099989247,0.0819316117916969,0.78,0.0,0.5525,198.1025666148124
3688259442,boundary_aware,moderate,0.036,0.0453478208924053,0.1026492207322123,0.66,0.0,0.5725,198.81122459680097
3688259442,boundary_aware,strong,0.01,0.0214098350261346,0.0585411944353741,0.905,0.0,0.445,181.28123170441785
3688259442,boundary_aware,strong,0.014,0.0265668596681903,0.0703390845830351,0.8725,0.0,0.465,187.10595853754825
3688259442,boundary_aware,strong,0.018,0.0329296810157134,0.0859352705092,0.8075,0.0,0.435,188.2887571187968
3688259442,boundary_aware,strong,0.02,0.0367318832557211,0.0937914599458498,0.7625,0.0,0.4475,188.85155920414368
3688259442,boundary_aware,strong,0.022,0.0380178278511443,0.0905013883939966,0.7325,0.0,0.4575,190.0015218691792
3688259442,boundary_aware,strong,0.026,0.044891621442258,0.1067226855504701,0.6625,0.0025,0.4675,192.9514494721685
3688259442,boundary_aware,strong,0.03,0.0527844786061429,0.1298359562885645,0.5775,0.01,0.4725,198.8712074374224
3688259442,boundary_aware,strong,0.036,0.0637398637454025,0.1585379262802568,0.485,0.02,0.4925,200.74894571315457
3688259442,robust_control_aware,moderate,0.01,0.0167075177804879,0.035383364198948,0.975,0.0,0.4525,187.3411643253209
3688259442,robust_control_aware,moderate,0.014,0.0171725116417475,0.0367952834413098,0.985,0.0,0.5425,187.12645573236605
3688259442,robust_control_aware,moderate,0.018,0.019819468745872,0.0401808902696015,0.9725,0.0,0.565,191.11685207679352
3688259442,robust_control_aware,moderate,0.02,0.0209700019160411,0.0434960542359692,0.96,0.0,0.605,192.41052164909857
3688259442,robust_control_aware,moderate,0.022,0.0226592859484661,0.0512990108758852,0.945,0.0,0.65,192.61885626263967
3688259442,robust_control_aware,moderate,0.026,0.0258370560679147,0.0683471457993627,0.92,0.0,0.54,193.5488652940678
3688259442,robust_control_aware,moderate,0.03,0.0277988061860147,0.0718732938913818,0.9125,0.0,0.61,195.4913176488528
3688259442,robust_control_aware,moderate,0.036,0.037566373550913,0.1049268254149159,0.7875,0.0,0.52,200.43132928770572
3688259442,robust_control_aware,strong,0.01,0.0235759936512057,0.0761964883869107,0.91,0.0,0.46,184.6046763457944
3688259442,robust_control_aware,strong,0.014,0.0307881012571247,0.0970171564992289,0.8475,0.005,0.4675,185.70269071526175
3688259442,robust_control_aware,strong,0.018,0.0294726121212345,0.0904164376707639,0.86,0.0025,0.5125,192.23770788276985
3688259442,robust_control_aware,strong,0.02,0.0374241059526826,0.1142267431451784,0.7825,0.005,0.5,195.05515353632785
3688259442,robust_control_aware,strong,0.022,0.0398231507126198,0.1097084030388373,0.7425,0.0,0.5125,194.885207592386
3688259442,robust_control_aware,strong,0.026,0.0547844194179765,0.1424474041663204,0.5825,0.015,0.51,195.47470317214365
3688259442,robust_control_aware,strong,0.03,0.0553064659894059,0.1407053387714604,0.5925,0.015,0.5,197.1687382749202
3688259442,robust_control_aware,strong,0.036,0.0759431950821357,0.1802790536465223,0.4275,0.0225,0.485,202.42946415590876
3192825773,boundary_aware,moderate,0.01,0.0136747317946644,0.0343865778937974,0.9775,0.0,0.46,183.0996402262806
3192825773,boundary_aware,moderate,0.014,0.0181551802755656,0.0428068913734124,0.965,0.0,0.505,188.87099120005308
3192825773,boundary_aware,moderate,0.018,0.0214644089360022,0.0512233893722108,0.945,0.0,0.495,191.88953982555296
3192825773,boundary_aware,moderate,0.02,0.0234834458481576,0.0560143783803963,0.9325,0.0,0.5125,194.8048432901076
3192825773,boundary_aware,moderate,0.022,0.0249529606381784,0.0598842114515979,0.9075,0.0,0.545,197.47106531607616
3192825773,boundary_aware,moderate,0.026,0.0298726074369782,0.0651544271994018,0.8575,0.0,0.5475,197.7647434501003
3192825773,boundary_aware,moderate,0.03,0.0337540223965,0.0785064637874971,0.82,0.0,0.595,201.4502611737036
3192825773,boundary_aware,moderate,0.036,0.0434034012118237,0.0994267720205792,0.6725,0.0,0.57,206.09706107165795
3192825773,boundary_aware,strong,0.01,0.022018751618814,0.0538330404814042,0.935,0.0,0.4075,176.29055447300243
3192825773,boundary_aware,strong,0.014,0.0261650325991361,0.063370654486234,0.8725,0.0,0.4525,182.2682760204063
3192825773,boundary_aware,strong,0.018,0.0307734750717442,0.0773748342372468,0.83,0.0,0.4675,189.26643469584425
3192825773,boundary_aware,strong,0.02,0.031749491906047,0.0771982290468711,0.8325,0.0,0.45,187.1416768106564
3192825773,boundary_aware,strong,0.022,0.0353755973428297,0.0819354316537588,0.78,0.0,0.46,191.5787114715144
3192825773,boundary_aware,strong,0.026,0.0396631356450209,0.0930308608631815,0.715,0.0,0.4675,195.1008251152756
3192825773,boundary_aware,strong,0.03,0.0452196138250792,0.1026291660812169,0.6475,0.0075,0.465,197.4830789186974
3192825773,boundary_aware,strong,0.036,0.0574047786062555,0.132716448216092,0.5025,0.0075,0.48,199.3020382330092
3192825773,robust_control_aware,moderate,0.01,0.0154568470630377,0.0336880763011302,0.98,0.0,0.445,182.79304956500744
3192825773,robust_control_aware,moderate,0.014,0.0168023560386091,0.0357500486271067,0.985,0.0,0.535,189.00861332512085
3192825773,robust_control_aware,moderate,0.018,0.0202242660801246,0.040795880186651,0.97,0.0,0.5875,192.07069451235984
3192825773,robust_control_aware,moderate,0.02,0.0201311636696688,0.0391589935442619,0.97,0.0,0.595,191.9243364921457
3192825773,robust_control_aware,moderate,0.022,0.0220728134531283,0.0516457562092479,0.9425,0.0,0.64,194.8948615028196
3192825773,robust_control_aware,moderate,0.026,0.0235233056500576,0.0532324622155647,0.9425,0.0,0.6175,196.0449932841269
3192825773,robust_control_aware,moderate,0.03,0.0291715801993006,0.0776570259096997,0.8825,0.0,0.6,196.12071662743264
3192825773,robust_control_aware,moderate,0.036,0.0444264627006427,0.122379646789333,0.7075,0.005,0.5525,201.1243278952009
3192825773,robust_control_aware,strong,0.01,0.0321606365766816,0.0984496261391203,0.79,0.0,0.42,183.41637136499105
3192825773,robust_control_aware,strong,0.014,0.0365018074618867,0.1142532704932869,0.765,0.0,0.46,187.8429214094028
3192825773,robust_control_aware,strong,0.018,0.0420700164485754,0.1165894815855118,0.71,0.0025,0.46,186.7272295631734
3192825773,robust_control_aware,strong,0.02,0.0535244434917533,0.1388477732886535,0.5775,0.01,0.4725,189.21993217335745
3192825773,robust_control_aware,strong,0.022,0.0623618331461862,0.1666959171414572,0.53,0.0225,0.4625,194.43911054811176
3192825773,robust_control_aware,strong,0.026,0.0797514798452306,0.1835505216755094,0.365,0.0275,0.4325,197.14873535904985
3192825773,robust_control_aware,strong,0.03,0.0840710250580821,0.1946484856095629,0.3375,0.0375,0.44,202.57430453810625
3192825773,robust_control_aware,strong,0.036,0.0989087740046419,0.2060990503499614,0.2425,0.065,0.4275,204.07110596038507
3001635530,boundary_aware,moderate,0.01,0.0140076049614443,0.0348352357663591,0.98,0.0,0.465,182.1295233633801
3001635530,boundary_aware,moderate,0.014,0.0165004123807685,0.0366333039503017,0.985,0.0,0.4925,188.1313404651359
3001635530,boundary_aware,moderate,0.018,0.0212819731077085,0.0467436785914255,0.9625,0.0,0.51,191.05857811636707
3001635530,boundary_aware,moderate,0.02,0.0218373938024976,0.0498528705127555,0.95,0.0,0.5475,188.29261332925176
3001635530,boundary_aware,moderate,0.022,0.0238653164762698,0.0544898433089006,0.9425,0.0,0.5325,191.9940279652956
3001635530,boundary_aware,moderate,0.026,0.0288029009342862,0.0661357996064578,0.8775,0.0,0.5425,194.3309720485439
3001635530,boundary_aware,moderate,0.03,0.0308120002340794,0.0664475693721729,0.845,0.0,0.5575,196.50306635974133
3001635530,boundary_aware,moderate,0.036,0.04062668538359,0.091552516978893,0.73,0.0025,0.5275,201.2189168859627
3001635530,boundary_aware,strong,0.01,0.0186246129865682,0.0529162702510865,0.9475,0.0,0.405,185.56497025771907
3001635530,boundary_aware,strong,0.014,0.0240084901464968,0.062246183819917,0.88,0.0,0.4325,186.00692220610813
3001635530,boundary_aware,strong,0.018,0.0297787161089515,0.0704350225121798,0.8575,0.0,0.43,184.06488550150996
3001635530,boundary_aware,strong,0.02,0.0304581472031774,0.0683888569998723,0.845,0.0,0.445,186.8163690647852
3001635530,boundary_aware,strong,0.022,0.0326623601665177,0.081388361703102,0.84,0.0025,0.465,189.0841755967465
3001635530,boundary_aware,strong,0.026,0.0378599723006344,0.0887741388502657,0.7475,0.0,0.46,191.33098977143047
3001635530,boundary_aware,strong,0.03,0.0418558489968062,0.0953808298489089,0.7,0.0025,0.4725,195.479987697593
3001635530,boundary_aware,strong,0.036,0.0527958238080665,0.1253383768701393,0.5675,0.0025,0.5075,199.00729726723767
3001635530,robust_control_aware,moderate,0.01,0.0141998549279995,0.0298744518905545,0.9875,0.0,0.485,183.02535279101576
3001635530,robust_control_aware,moderate,0.014,0.0162533475078975,0.0334839172712241,0.9775,0.0,0.5675,187.2776330791933
3001635530,robust_control_aware,moderate,0.018,0.0172643090995906,0.03384609338037,0.985,0.0,0.59,188.3356535239397
3001635530,robust_control_aware,moderate,0.02,0.018575347117109,0.0375108877828811,0.97,0.0,0.6125,185.41539588662263
3001635530,robust_control_aware,moderate,0.022,0.0194050632716002,0.0380131854901459,0.9725,0.0,0.585,184.8424436476907
3001635530,robust_control_aware,moderate,0.026,0.0208514591216359,0.039724205194286,0.975,0.0,0.5225,191.79400407889293
3001635530,robust_control_aware,moderate,0.03,0.0229080712341485,0.0459398070107503,0.96,0.0,0.4825,192.10652178462945
3001635530,robust_control_aware,moderate,0.036,0.0256385497339827,0.0570245292148964,0.9275,0.0,0.4675,191.7150656953521
3001635530,robust_control_aware,strong,0.01,0.0140587386253717,0.0338757184823969,0.9825,0.0,0.485,185.28224886591687
3001635530,robust_control_aware,strong,0.014,0.0165590498610385,0.0443555528538908,0.96,0.0,0.54,185.5574237331896
3001635530,robust_control_aware,strong,0.018,0.0181125112654158,0.0406908876269702,0.9725,0.0,0.55,187.9311126768011
3001635530,robust_control_aware,strong,0.02,0.0206063107546935,0.0457242184289237,0.9525,0.0,0.5175,188.0121098628288
3001635530,robust_control_aware,strong,0.022,0.0224025427146171,0.0639463553395385,0.9275,0.0,0.5675,187.85513922351657
3001635530,robust_control_aware,strong,0.026,0.0231361148942746,0.0587819276162442,0.9275,0.0,0.5075,190.5102472492948
3001635530,robust_control_aware,strong,0.03,0.0264149571201812,0.071066018134254,0.8875,0.0,0.4925,190.8705886180324
3001635530,robust_control_aware,strong,0.036,0.0299382107497066,0.0792667077798896,0.8725,0.0,0.4225,195.3576324931126
3230331442,boundary_aware,moderate,0.01,0.0156546871569823,0.0413266762202067,0.975,0.0,0.47,177.57409434868518
3230331442,boundary_aware,moderate,0.014,0.0187975660117053,0.0468379476413401,0.965,0.0,0.5,180.23167388734876
3230331442,boundary_aware,moderate,0.018,0.0223513183027024,0.0505626110506026,0.9475,0.0,0.505,187.26580259293104
3230331442,boundary_aware,moderate,0.02,0.0242170438580687,0.0584354073316467,0.9225,0.0,0.5475,186.7957501508064
3230331442,boundary_aware,moderate,0.022,0.0258079723930255,0.0600699841228071,0.9175,0.0,0.55,188.15617305680576
3230331442,boundary_aware,moderate,0.026,0.030427037339182,0.068956916690787,0.8425,0.0,0.53,187.61355007281568
3230331442,boundary_aware,moderate,0.03,0.0358416460981065,0.0847154862547911,0.7875,0.0025,0.545,196.182410914598
3230331442,boundary_aware,moderate,0.036,0.0440055535804951,0.0952008322195284,0.66,0.005,0.535,194.3205465849937
3230331442,boundary_aware,strong,0.01,0.0204823862293357,0.051059540260754,0.945,0.0,0.4325,170.7466292811689
3230331442,boundary_aware,strong,0.014,0.0235186568994614,0.0567239279909042,0.925,0.0,0.4325,175.2443242570842
3230331442,boundary_aware,strong,0.018,0.027278411378244,0.0686273242861017,0.8725,0.0,0.46,177.8174648863886
3230331442,boundary_aware,strong,0.02,0.0301291180558138,0.0738313209014404,0.845,0.0,0.475,180.1374086207533
3230331442,boundary_aware,strong,0.022,0.0308930675114942,0.0798029074544832,0.8475,0.0,0.5075,183.39360060628755
3230331442,boundary_aware,strong,0.026,0.0354751637918125,0.0919008157246344,0.7775,0.0,0.495,185.19923400133536
3230331442,boundary_aware,strong,0.03,0.040225207902298,0.0933332698466731,0.7,0.0,0.4875,187.42240459560415
3230331442,boundary_aware,strong,0.036,0.0534607854619386,0.1384364820626533,0.5825,0.0075,0.4875,192.056891873615
3230331442,robust_control_aware,moderate,0.01,0.0141777449013996,0.029982249615929,0.985,0.0,0.4875,175.647092257922
3230331442,robust_control_aware,moderate,0.014,0.0165559743661555,0.0361036627570061,0.975,0.0,0.55,179.5199825875617
3230331442,robust_control_aware,moderate,0.018,0.0185158135685554,0.0359678912772894,0.9675,0.0,0.61,178.48471614190936
3230331442,robust_control_aware,moderate,0.02,0.0199298436873142,0.0401065037433414,0.9625,0.0,0.655,181.92694460416783
3230331442,robust_control_aware,moderate,0.022,0.0198803045173241,0.0404615229848778,0.97,0.0,0.625,182.5314941722975
3230331442,robust_control_aware,moderate,0.026,0.021371609474835,0.0462193393406707,0.955,0.0,0.5875,185.18430993906887
3230331442,robust_control_aware,moderate,0.03,0.0231209639025282,0.0460232220959022,0.955,0.0,0.4825,185.2940605755269
3230331442,robust_control_aware,moderate,0.036,0.0304166968932384,0.084107006043122,0.875,0.0025,0.4425,185.87404020308688
3230331442,robust_control_aware,strong,0.01,0.0143208462684601,0.0370128091597493,0.9775,0.0,0.4825,170.39748063060017
3230331442,robust_control_aware,strong,0.014,0.0167782243926511,0.0444718475117607,0.9575,0.0,0.5375,179.15537440717728
3230331442,robust_control_aware,strong,0.018,0.0199271658823133,0.0486669187848478,0.9525,0.0,0.5425,180.40397338678983
3230331442,robust_control_aware,strong,0.02,0.019791561015086,0.0447931393417663,0.96,0.0,0.5625,181.31023586379447
3230331442,robust_control_aware,strong,0.022,0.020117007754651,0.0497018883128436,0.95,0.0,0.545,182.3520190839459
3230331442,robust_control_aware,strong,0.026,0.0237316662001483,0.058551607935664,0.92,0.0,0.545,184.73206039709797
3230331442,robust_control_aware,strong,0.03,0.033777660082647,0.1067840444870674,0.83,0.0075,0.4925,186.84302366001785
3230331442,robust_control_aware,strong,0.036,0.0308201870727274,0.0879333170908813,0.8675,0.0025,0.4525,188.7374273672358
3494738899,boundary_aware,moderate,0.01,0.0121797685393378,0.0299734863088046,1.0,0.0,0.4725,180.1927788060185
3494738899,boundary_aware,moderate,0.014,0.0164308761157554,0.0425137530102074,0.9825,0.0,0.4975,183.35650575251952
3494738899,boundary_aware,moderate,0.018,0.0204818595257815,0.0520414136475609,0.9425,0.0,0.4875,188.122901288273
3494738899,boundary_aware,moderate,0.02,0.021608276533175,0.0531516183555857,0.9475,0.0,0.53,191.7379249644161
3494738899,boundary_aware,moderate,0.022,0.0232397616235968,0.0557400806313934,0.925,0.0,0.5175,193.4888626562813
3494738899,boundary_aware,moderate,0.026,0.0287022947136461,0.0640774543611049,0.8775,0.0,0.545,197.1254376001032
3494738899,boundary_aware,moderate,0.03,0.0299611201608491,0.066799392786767,0.875,0.0,0.5475,197.60709480057128
3494738899,boundary_aware,moderate,0.036,0.0394869160404881,0.0882035527450164,0.72,0.0,0.5225,204.96546946622948
3494738899,boundary_aware,strong,0.01,0.0179927096098702,0.0457406226911626,0.965,0.0,0.425,175.7271189080445
3494738899,boundary_aware,strong,0.014,0.0238970607318785,0.0569984083485457,0.9,0.0,0.4,181.382671567544
3494738899,boundary_aware,strong,0.018,0.0255423305876559,0.0602370462696544,0.8925,0.0,0.4325,186.0821832913785
3494738899,boundary_aware,strong,0.02,0.0267882302787107,0.0634138487563571,0.88,0.0,0.44,186.60973337703643
3494738899,boundary_aware,strong,0.022,0.0288568861379134,0.0705397412787199,0.86,0.0,0.4325,187.78449729559375
3494738899,boundary_aware,strong,0.026,0.0341573109035957,0.0808801725570024,0.795,0.0,0.485,191.01548135486576
3494738899,boundary_aware,strong,0.03,0.0375488479537784,0.087808180360852,0.76,0.0,0.4725,194.78763509883711
3494738899,boundary_aware,strong,0.036,0.0473507808060016,0.1050854523954817,0.6275,0.0,0.495,200.67112648747568
3494738899,robust_control_aware,moderate,0.01,0.0139053314101113,0.0295765545464936,0.995,0.0,0.545,191.55041819620675
3494738899,robust_control_aware,moderate,0.014,0.0155488722514603,0.0325981548057048,0.98,0.0,0.5625,190.6321084073238
3494738899,robust_control_aware,moderate,0.018,0.0171787041880739,0.0342281144963692,0.985,0.0,0.5875,192.0813678408585
3494738899,robust_control_aware,moderate,0.02,0.0183010121724189,0.0385092436459004,0.985,0.0,0.64,191.8763992491853
3494738899,robust_control_aware,moderate,0.022,0.0193888623492559,0.0394762254934105,0.985,0.0,0.5975,190.9270337631014
3494738899,robust_control_aware,moderate,0.026,0.0206550746870191,0.0415688108965535,0.975,0.0,0.555,192.938722997519
3494738899,robust_control_aware,moderate,0.03,0.0218212164131411,0.0434906135040991,0.975,0.0,0.5275,192.11929132406232
3494738899,robust_control_aware,moderate,0.036,0.0276915169970309,0.066279715894731,0.9075,0.0,0.455,198.31520238112032
3494738899,robust_control_aware,strong,0.01,0.0167719140908514,0.0534433254855435,0.94,0.0,0.4525,172.34923461619084
3494738899,robust_control_aware,strong,0.014,0.0189638472969686,0.0550846018184174,0.9375,0.0,0.48,185.2014882628725
3494738899,robust_control_aware,strong,0.018,0.0277785776821366,0.0858038802927934,0.8625,0.0,0.4925,187.6963649936979
3494738899,robust_control_aware,strong,0.02,0.0233088111530287,0.0579606735571387,0.9325,0.0,0.535,195.75182771580225
3494738899,robust_control_aware,strong,0.022,0.0251582998877752,0.0766921789728215,0.9025,0.0,0.545,187.278406613972
3494738899,robust_control_aware,strong,0.026,0.0283816017981827,0.0846793983084271,0.8875,0.0,0.505,191.39930306335293
3494738899,robust_control_aware,strong,0.03,0.0312356873780702,0.0876487834130377,0.8425,0.0,0.4725,197.73780224820317
3494738899,robust_control_aware,strong,0.036,0.0390323449814502,0.114851729729158,0.7525,0.0,0.4375,195.3332693238544
3617973549,boundary_aware,moderate,0.01,0.0135827427804595,0.0311609501487592,0.9975,0.0,0.41,182.9645968392014
3617973549,boundary_aware,moderate,0.014,0.0163212254687752,0.0360064242071173,0.9825,0.0,0.4825,184.13563208601184
3617973549,boundary_aware,moderate,0.018,0.0197753836147934,0.0446044216189191,0.975,0.0,0.53,192.8068566963191
3617973549,boundary_aware,moderate,0.02,0.0211526303558821,0.0500343725492416,0.9475,0.0,0.5175,194.52847246638032
3617973549,boundary_aware,moderate,0.022,0.0232554716551544,0.0524206401434061,0.94,0.0,0.525,194.91413928549105
3617973549,boundary_aware,moderate,0.026,0.028194655902635,0.0618309699632527,0.8675,0.0,0.52,198.06265284400803
3617973549,boundary_aware,moderate,0.03,0.0319390531634795,0.0746391168612618,0.8375,0.0,0.575,201.441815133259
3617973549,boundary_aware,moderate,0.036,0.0393723193997003,0.0899825738006439,0.7275,0.0,0.5675,202.87324389279132
3617973549,boundary_aware,strong,0.01,0.0182242213183005,0.0447382703210819,0.965,0.0,0.42,175.91402833233488
3617973549,boundary_aware,strong,0.014,0.0214829880816372,0.0529815362891112,0.9375,0.0,0.415,185.69602271562843
3617973549,boundary_aware,strong,0.018,0.0269339193633104,0.0638957808858372,0.87,0.0,0.445,187.74362542277527
3617973549,boundary_aware,strong,0.02,0.0259561826086221,0.0593358740471964,0.895,0.0,0.49,192.05527982968653
3617973549,boundary_aware,strong,0.022,0.0323354094739386,0.0743596940126146,0.82,0.0,0.4625,193.21197053257208
3617973549,boundary_aware,strong,0.026,0.0351998880391303,0.0863063310333955,0.79,0.0,0.4775,190.98327868276385
3617973549,boundary_aware,strong,0.03,0.0412519567052781,0.0887358950980613,0.69,0.0,0.455,198.8745079535244
3617973549,boundary_aware,strong,0.036,0.0525283447218078,0.1283534113911316,0.565,0.0025,0.465,202.74148282534435
3617973549,robust_control_aware,moderate,0.01,0.0141997045999068,0.0286459662880621,0.995,0.0,0.49,189.51424532669944
3617973549,robust_control_aware,moderate,0.014,0.0158924333668115,0.0326920102801357,0.99,0.0,0.5,188.6050257345052
3617973549,robust_control_aware,moderate,0.018,0.0179696651444237,0.034029915530002,0.985,0.0,0.585,191.21232116315508
3617973549,robust_control_aware,moderate,0.02,0.0183146551735543,0.035741535811745,0.9875,0.0,0.61,191.62415063215047
3617973549,robust_control_aware,moderate,0.022,0.0191871427130198,0.0346629613356362,0.98,0.0,0.6175,191.7608987751821
3617973549,robust_control_aware,moderate,0.026,0.0203391828282475,0.0402271818343339,0.975,0.0,0.56,193.51008040850613
3617973549,robust_control_aware,moderate,0.03,0.0222123854966924,0.049026586596955,0.9575,0.0,0.4775,193.1580881401428
3617973549,robust_control_aware,moderate,0.036,0.0294928949171686,0.0780074963384787,0.905,0.0025,0.475,196.65300324216344
3617973549,robust_control_aware,strong,0.01,0.0142577153945434,0.0338731513326372,0.985,0.0,0.445,186.09818697076983
3617973549,robust_control_aware,strong,0.014,0.0165069725573156,0.0412644021487536,0.98,0.0,0.505,187.3008035652108
3617973549,robust_control_aware,strong,0.018,0.0192129523723472,0.044698125655278,0.965,0.0,0.5425,190.66851093889537
3617973549,robust_control_aware,strong,0.02,0.0200078455363708,0.0478501422111861,0.96,0.0,0.5425,194.99164266459465
3617973549,robust_control_aware,strong,0.022,0.0220835213322101,0.0496859005691021,0.95,0.0,0.56,195.1739687962417
3617973549,robust_control_aware,strong,0.026,0.0233357201105578,0.0518538550038141,0.945,0.0,0.555,195.77167031407416
3617973549,robust_control_aware,strong,0.03,0.0268744643743319,0.0614247633821114,0.9025,0.0,0.5275,196.93563714258
3617973549,robust_control_aware,strong,0.036,0.0366795701240723,0.1037108624236876,0.79,0.0,0.4625,198.6828010423822
3796736710,boundary_aware,moderate,0.01,0.0137413452121695,0.0326178950114639,0.985,0.0,0.4575,177.50528090456547
3796736710,boundary_aware,moderate,0.014,0.017832484015498,0.0440586476479844,0.9675,0.0,0.4875,182.21255092074423
3796736710,boundary_aware,moderate,0.018,0.0198291329542557,0.0478302624270289,0.955,0.0,0.535,184.68671960735907
3796736710,boundary_aware,moderate,0.02,0.0220161172334517,0.0535005880916311,0.935,0.0,0.5325,187.75549405344248
3796736710,boundary_aware,moderate,0.022,0.0242487930076687,0.0572024845425745,0.92,0.0,0.5575,188.6431113470382
3796736710,boundary_aware,moderate,0.026,0.0273678653455669,0.0608901459597509,0.905,0.0,0.5525,188.40446319484096
3796736710,boundary_aware,moderate,0.03,0.031002780413794,0.0690148319718964,0.85,0.0,0.5425,190.74126534105264
3796736710,boundary_aware,moderate,0.036,0.0378917486355493,0.0847761857669769,0.7575,0.0,0.5825,195.57307143240945
3796736710,boundary_aware,strong,0.01,0.0204391791508144,0.0567429309329134,0.93,0.0,0.425,176.61922937781202
3796736710,boundary_aware,strong,0.014,0.0251650882647402,0.0634072422713275,0.885,0.0,0.45,180.20063023052995
3796736710,boundary_aware,strong,0.018,0.0287399758103779,0.0695443029671878,0.865,0.0,0.46,180.6580827529745
3796736710,boundary_aware,strong,0.02,0.0282381849047377,0.0675064836679154,0.86,0.0,0.4625,181.71200241050823
3796736710,boundary_aware,strong,0.022,0.0303976666123399,0.0679392003282526,0.8325,0.0,0.4575,182.7867279807949
3796736710,boundary_aware,strong,0.026,0.0353965233371278,0.0781794026512897,0.765,0.0,0.4525,183.44921885987503
3796736710,boundary_aware,strong,0.03,0.0398061311533903,0.0920490578876146,0.71,0.0,0.4975,188.97564809161167
3796736710,boundary_aware,strong,0.036,0.0473487823589351,0.0990223410436178,0.6,0.0,0.49,192.7617704499201
3796736710,robust_control_aware,moderate,0.01,0.0146878863550946,0.0311385206488788,0.985,0.0,0.4925,179.49670367158242
3796736710,robust_control_aware,moderate,0.014,0.0171634248188612,0.0351429323165777,0.99,0.0,0.6075,183.4575268965126
3796736710,robust_control_aware,moderate,0.018,0.0190399199967,0.0379092010245951,0.975,0.0,0.5875,185.6832630518029
3796736710,robust_control_aware,moderate,0.02,0.019255341188447,0.0375782075135983,0.9775,0.0,0.6375,184.95095479718103
3796736710,robust_control_aware,moderate,0.022,0.020203723857101,0.0400077193347203,0.9825,0.0,0.635,184.76671027860647
3796736710,robust_control_aware,moderate,0.026,0.0220150112741232,0.0445146731700954,0.9675,0.0,0.5875,185.77287129679377
3796736710,robust_control_aware,moderate,0.03,0.0231054252998997,0.0445744427385459,0.965,0.0,0.5225,189.14168598693536
3796736710,robust_control_aware,moderate,0.036,0.0301238477799466,0.0811057751091115,0.89,0.0025,0.4675,192.7849643836156
3796736710,robust_control_aware,strong,0.01,0.0172004251794441,0.0448928326578632,0.965,0.0,0.4375,179.52834749219414
3796736710,robust_control_aware,strong,0.014,0.0207343798426422,0.0557988226637772,0.9425,0.0,0.4625,180.35860070496983
3796736710,robust_control_aware,strong,0.018,0.0240663801915079,0.0597395403419395,0.9125,0.0,0.475,181.9091528013986
3796736710,robust_control_aware,strong,0.02,0.0260934024112426,0.06979109175871,0.8975,0.0,0.5025,182.58238695416784
3796736710,robust_control_aware,strong,0.022,0.0272252974917041,0.0694376687234627,0.895,0.0,0.51,185.96657669637403
3796736710,robust_control_aware,strong,0.026,0.0379146538434351,0.1187609474475347,0.775,0.0025,0.5,183.73497871281512
3796736710,robust_control_aware,strong,0.03,0.0361288072708011,0.1078950629738777,0.785,0.0,0.5175,188.8982625720922
3796736710,robust_control_aware,strong,0.036,0.0563496793308104,0.1429960935720658,0.5725,0.015,0.47,193.12646325001623
3797087792,boundary_aware,moderate,0.01,0.0119369867255903,0.0289771675608203,0.995,0.0,0.4675,183.08294455643568
3797087792,boundary_aware,moderate,0.014,0.014863541898957,0.0364757987168495,0.9925,0.0,0.495,188.97938303905383
3797087792,boundary_aware,moderate,0.018,0.0182209180309596,0.0436496232613629,0.975,0.0,0.5225,191.19116307250937
3797087792,boundary_aware,moderate,0.02,0.019731613769105,0.0454798142483898,0.965,0.0,0.52,192.6184598324062
3797087792,boundary_aware,moderate,0.022,0.0216496577082979,0.051329385014741,0.94,0.0,0.55,193.60665063517425
3797087792,boundary_aware,moderate,0.026,0.0248734010610366,0.0536906076626382,0.9225,0.0,0.55,198.43223303087228
3797087792,boundary_aware,moderate,0.03,0.0296266205777339,0.0625750096997823,0.86,0.0,0.5525,202.02516150644223
3797087792,boundary_aware,moderate,0.036,0.0339803984271558,0.07483072129576,0.83,0.0,0.5375,202.4626960144604
3797087792,boundary_aware,strong,0.01,0.0145181019622665,0.0378326471245162,0.995,0.0,0.435,181.78711408853675
3797087792,boundary_aware,strong,0.014,0.0167992701475968,0.0413884447843275,0.9825,0.0,0.445,183.6995507285374
3797087792,boundary_aware,strong,0.018,0.0181429334339273,0.0441677043587263,0.9725,0.0,0.475,185.84372430129585
3797087792,boundary_aware,strong,0.02,0.0202659672886258,0.0477187038882943,0.9575,0.0,0.4575,189.8753090843936
3797087792,boundary_aware,strong,0.022,0.021841312169216,0.051475751380824,0.945,0.0,0.465,189.07226766623148
3797087792,boundary_aware,strong,0.026,0.0254858083707596,0.0563302955662107,0.91,0.0,0.47,193.6335313226983
3797087792,boundary_aware,strong,0.03,0.02915045800018,0.063855859384961,0.865,0.0,0.4975,197.71865432116235
3797087792,boundary_aware,strong,0.036,0.0320661497676404,0.0668641920694099,0.83,0.0,0.4825,198.85650222802775
3797087792,robust_control_aware,moderate,0.01,0.0136435585272571,0.0287637242319825,0.9975,0.0,0.455,187.19114591341287
3797087792,robust_control_aware,moderate,0.014,0.015696936413406,0.0301887011494068,0.99,0.0,0.535,187.48456730566477
3797087792,robust_control_aware,moderate,0.018,0.0168078281545978,0.0349048121662236,0.9925,0.0,0.58,189.87627417246327
3797087792,robust_control_aware,moderate,0.02,0.0173749124132012,0.0358749097330821,0.9875,0.0,0.5625,191.3364421637806
3797087792,robust_control_aware,moderate,0.022,0.017472826681071,0.034425700048852,0.9875,0.0,0.535,188.9054586046068
3797087792,robust_control_aware,moderate,0.026,0.0184758729127194,0.0377006856481178,0.9875,0.0,0.525,190.52175409115256
3797087792,robust_control_aware,moderate,0.03,0.0206870130290972,0.0413681099993918,0.9775,0.0,0.465,194.24882024316008
3797087792,robust_control_aware,moderate,0.036,0.0233796841892012,0.0464666926582711,0.9575,0.0,0.355,193.6765979236094
3797087792,robust_control_aware,strong,0.01,0.0107986033039558,0.0272056423167793,0.995,0.0,0.445,174.92394630093958
3797087792,robust_control_aware,strong,0.014,0.0122495320856067,0.0286934418133639,0.9975,0.0,0.5,182.21946731997028
3797087792,robust_control_aware,strong,0.018,0.0131542250386271,0.0301984905345833,0.9975,0.0,0.505,184.37580374222335
3797087792,robust_control_aware,strong,0.02,0.0150675448686126,0.0344939724833019,0.99,0.0,0.495,187.57008540204205
3797087792,robust_control_aware,strong,0.022,0.0159650164204585,0.0360897500105667,0.99,0.0,0.515,187.8206619260553
3797087792,robust_control_aware,strong,0.026,0.0167758694824915,0.036163808863681,0.9925,0.0,0.4375,190.96682156979404
3797087792,robust_control_aware,strong,0.03,0.0183117720092732,0.0413158633273212,0.985,0.0,0.435,194.02121363512327
3797087792,robust_control_aware,strong,0.036,0.0208133030922849,0.0429664276155748,0.9725,0.0,0.3275,192.61030273364565
3459530800,boundary_aware,moderate,0.01,0.0129124458815976,0.0326410652174701,0.9925,0.0,0.4575,186.77399029964687
3459530800,boundary_aware,moderate,0.014,0.0159762531181976,0.0365037240202405,0.9875,0.0,0.485,190.27904937243383
3459530800,boundary_aware,moderate,0.018,0.0189542069314297,0.0403532620754122,0.98,0.0,0.525,192.57329917814388
3459530800,boundary_aware,moderate,0.02,0.0205166076535335,0.0472170476334652,0.96,0.0,0.51,193.45682977470955
3459530800,boundary_aware,moderate,0.022,0.0224471904635206,0.0505460152430577,0.945,0.0,0.5175,194.65923839305495
3459530800,boundary_aware,moderate,0.026,0.0265948002938545,0.0614069568158066,0.905,0.0,0.5125,199.05278406503515
3459530800,boundary_aware,moderate,0.03,0.0302132527101793,0.068244583658966,0.8425,0.0025,0.5575,202.24184564067508
3459530800,boundary_aware,moderate,0.036,0.0379296418907754,0.0845038971395762,0.7475,0.0,0.55,203.9769882218252
3459530800,boundary_aware,strong,0.01,0.0176668985465083,0.0456219121712933,0.9575,0.0,0.4275,181.2615700388417
3459530800,boundary_aware,strong,0.014,0.0215517082774837,0.0533459950158932,0.9375,0.0,0.435,186.53398093230703
3459530800,boundary_aware,strong,0.018,0.0246695201134251,0.0576084522736945,0.905,0.0,0.4675,188.13029410787544
3459530800,boundary_aware,strong,0.02,0.025220202543444,0.0654217156756412,0.9,0.0,0.46,189.64704933114712
3459530800,boundary_aware,strong,0.022,0.0269395805282244,0.0678985737426923,0.8925,0.0,0.475,190.7119027751119
3459530800,boundary_aware,strong,0.026,0.032379545592203,0.0736113359676348,0.82,0.0,0.4675,193.75375371473848
3459530800,boundary_aware,strong,0.03,0.0372620435517084,0.0848712577734213,0.745,0.0,0.48,196.45143777731425
3459530800,boundary_aware,strong,0.036,0.0447307359383146,0.0995763135887877,0.6525,0.0,0.4625,199.86382368084537
3459530800,robust_control_aware,moderate,0.01,0.0143859644132065,0.0306195696545414,0.995,0.0,0.49,186.87254235607648
3459530800,robust_control_aware,moderate,0.014,0.0164368639387762,0.0325554197169023,0.9925,0.0,0.5275,192.3252398226925
3459530800,robust_control_aware,moderate,0.018,0.0183877541477813,0.0354217089069817,0.9825,0.0,0.5575,193.09824374898795
3459530800,robust_control_aware,moderate,0.02,0.0186739257389346,0.0372039392688589,0.9875,0.0,0.5925,192.5198207257633
3459530800,robust_control_aware,moderate,0.022,0.019756858194238,0.0366924499061564,0.9775,0.0,0.6225,196.7198782669738
3459530800,robust_control_aware,moderate,0.026,0.0208786876101514,0.0422563641103354,0.975,0.0,0.585,196.28454848320365
3459530800,robust_control_aware,moderate,0.03,0.0224027294629016,0.0493658459593921,0.9525,0.0,0.435,195.70310432698253
3459530800,robust_control_aware,moderate,0.036,0.0272535647377771,0.061801793417191,0.925,0.0025,0.4425,200.50675660950168
3459530800,robust_control_aware,strong,0.01,0.0154476015184106,0.0330724096619426,0.9875,0.0,0.405,189.57981916856696
3459530800,robust_control_aware,strong,0.014,0.0171638070112147,0.0409170656134902,0.9825,0.0,0.485,187.89724093594575
3459530800,robust_control_aware,strong,0.018,0.0196559565875661,0.0438441255018454,0.9625,0.0,0.515,195.04936726292271
3459530800,robust_control_aware,strong,0.02,0.0211529730153838,0.0540520504142076,0.9375,0.0,0.49,193.85932130343508
3459530800,robust_control_aware,strong,0.022,0.0225854928687841,0.0512317056574674,0.94,0.0,0.4975,193.39151585106305
3459530800,robust_control_aware,strong,0.026,0.023725176419346,0.0545022141087262,0.9325,0.0,0.535,194.8987857985332
3459530800,robust_control_aware,strong,0.03,0.0263076819523157,0.0662917759396145,0.9175,0.0,0.5175,201.04878837158623
3459530800,robust_control_aware,strong,0.036,0.0391252642076717,0.1054082596439165,0.765,0.0025,0.485,199.2276854366919
3296825225,boundary_aware,moderate,0.01,0.0134265320056968,0.031797800986683,0.9925,0.0,0.45,188.5934166410776
3296825225,boundary_aware,moderate,0.014,0.0161413910278789,0.037556421989911,0.98,0.0,0.4975,188.8919958064867
3296825225,boundary_aware,moderate,0.018,0.0205268797341078,0.0449498245450601,0.9675,0.0,0.5075,192.6170702487658
3296825225,boundary_aware,moderate,0.02,0.022617448128857,0.0505650654955228,0.945,0.0,0.525,195.37885690411557
3296825225,boundary_aware,moderate,0.022,0.0238570872273526,0.0550571758745749,0.92,0.0,0.57,195.48761015541572
3296825225,boundary_aware,moderate,0.026,0.0266235580393729,0.0608028502529042,0.89,0.0,0.54,199.7010936585972
3296825225,boundary_aware,moderate,0.03,0.030634035767507,0.0661089075300309,0.855,0.0,0.5575,200.0696564453587
3296825225,boundary_aware,moderate,0.036,0.03819280484071,0.0803877197443378,0.75,0.0,0.5825,205.74584946178487
3296825225,boundary_aware,strong,0.01,0.0175586630936334,0.0455189104013738,0.9725,0.0,0.44,183.14894332622308
3296825225,boundary_aware,strong,0.014,0.0189729119756342,0.0482949853260237,0.9575,0.0,0.415,184.8511912499193
3296825225,boundary_aware,strong,0.018,0.0237507065786709,0.0565192465929757,0.91,0.0,0.435,190.6279930924524
3296825225,boundary_aware,strong,0.02,0.025039437736334,0.0620930224958904,0.8875,0.0,0.445,189.8184621463628
3296825225,boundary_aware,strong,0.022,0.0269545202115404,0.0592187314287479,0.8925,0.0,0.4675,189.4527279221153
3296825225,boundary_aware,strong,0.026,0.0307481897921231,0.0705173782054004,0.8425,0.0,0.4725,194.55418391062747
3296825225,boundary_aware,strong,0.03,0.0349108205296664,0.0789325565543316,0.785,0.0,0.4725,196.55856939294637
3296825225,boundary_aware,strong,0.036,0.0397589438349287,0.0871977770907008,0.7075,0.0,0.49,200.3069845320668
3296825225,robust_control_aware,moderate,0.01,0.0131203114323961,0.0281776066221594,0.995,0.0,0.5125,188.2242807460519
3296825225,robust_control_aware,moderate,0.014,0.0157868501434308,0.0342094140331247,0.9925,0.0,0.545,192.54025297404863
3296825225,robust_control_aware,moderate,0.018,0.0167749065838447,0.0329885856971996,0.9925,0.0,0.6,188.37099211252664
3296825225,robust_control_aware,moderate,0.02,0.0171819628372905,0.0334985447630323,0.9925,0.0,0.5825,192.092378066678
3296825225,robust_control_aware,moderate,0.022,0.0177118537192617,0.0340412486176414,0.99,0.0,0.6,192.678022995884
3296825225,robust_control_aware,moderate,0.026,0.0202212845307707,0.0401650586261512,0.98,0.0,0.54,195.6911699860597
3296825225,robust_control_aware,moderate,0.03,0.0211831725676014,0.041212973873416,0.9725,0.0,0.5125,196.33567968608344
3296825225,robust_control_aware,moderate,0.036,0.0231662872234851,0.0435092063252507,0.9725,0.0,0.4325,199.2188335598153
3296825225,robust_control_aware,strong,0.01,0.012794452741467,0.0332732142701775,0.99,0.0,0.4775,185.51113744562383
3296825225,robust_control_aware,strong,0.014,0.0139290912936681,0.0334100684396783,0.995,0.0,0.485,186.26160714171232
3296825225,robust_control_aware,strong,0.018,0.0161724929698502,0.0366580060009709,0.9825,0.0,0.57,187.4724474862117
3296825225,robust_control_aware,strong,0.02,0.015262296052866,0.0376209891866653,0.98,0.0,0.5275,189.28541323100927
3296825225,robust_control_aware,strong,0.022,0.0172796063747696,0.0397483650143192,0.9825,0.0,0.5475,190.9323152970711
3296825225,robust_control_aware,strong,0.026,0.019188204185566,0.0416205626454347,0.97,0.0,0.4775,193.83103167168903
3296825225,robust_control_aware,strong,0.03,0.0192632621017259,0.0406177947761716,0.98,0.0,0.41,192.14906324628083
3296825225,robust_control_aware,strong,0.036,0.0212320488958449,0.0445141715338562,0.965,0.0,0.35,196.829533422234
3237904162,boundary_aware,moderate,0.01,0.013288402198695,0.0332427785794001,0.9925,0.0,0.45,187.36402523347795
3237904162,boundary_aware,moderate,0.014,0.0160821006966308,0.041019098838356,0.985,0.0,0.4525,189.71654910577425
3237904162,boundary_aware,moderate,0.018,0.020162212230701,0.0450035791968536,0.965,0.0,0.4925,195.266984739618
3237904162,boundary_aware,moderate,0.02,0.0206648685703461,0.0462773120351245,0.9625,0.0,0.54,196.0204191425704
3237904162,boundary_aware,moderate,0.022,0.0239879218880123,0.0552546873345621,0.915,0.0,0.535,197.5285689843079
3237904162,boundary_aware,moderate,0.026,0.0279790801794889,0.0679750796509938,0.8925,0.0,0.545,198.8843644540306
3237904162,boundary_aware,moderate,0.03,0.0319338211055659,0.0696107341403373,0.8375,0.0,0.5275,202.32387432877212
3237904162,boundary_aware,moderate,0.036,0.041609238413969,0.097954683996549,0.7125,0.0,0.555,206.300952387902
3237904162,boundary_aware,strong,0.01,0.0189438039948558,0.0466035097804888,0.96,0.0,0.4,184.77681058163955
3237904162,boundary_aware,strong,0.014,0.0232984425410596,0.0544117461908824,0.92,0.0,0.4,189.48362316004253
3237904162,boundary_aware,strong,0.018,0.028710418084451,0.0666663136529287,0.87,0.0,0.4625,194.4667785027813
3237904162,boundary_aware,strong,0.02,0.0287770072573676,0.0686295236118993,0.8625,0.0,0.4475,193.93241532139183
3237904162,boundary_aware,strong,0.022,0.0322944232913258,0.0783651575681725,0.8075,0.0,0.45,197.74810148682164
3237904162,boundary_aware,strong,0.026,0.0333572558241109,0.076304723552374,0.8075,0.0,0.495,197.52141966156069
3237904162,boundary_aware,strong,0.03,0.0397025440842609,0.0884545506061412,0.7075,0.0,0.4475,200.6461641879837
3237904162,boundary_aware,strong,0.036,0.0449695447730217,0.0983966124743,0.6475,0.0,0.475,201.68399048972947
3237904162,robust_control_aware,moderate,0.01,0.0144054114428771,0.0293028982370297,0.9925,0.0,0.4675,192.77410070062265
3237904162,robust_control_aware,moderate,0.014,0.0163202538647877,0.0335570323589682,0.99,0.0,0.495,187.7161078877769
3237904162,robust_control_aware,moderate,0.018,0.0171145344179935,0.0351585459731778,0.9825,0.0,0.6325,191.70279433761
3237904162,robust_control_aware,moderate,0.02,0.0183413594431721,0.0388694935450623,0.99,0.0,0.5975,195.0725401510466
3237904162,robust_control_aware,moderate,0.022,0.0195143293221321,0.0381143418256996,0.9775,0.0,0.56,193.6095130698495
3237904162,robust_control_aware,moderate,0.026,0.0212972394370801,0.0440075488976594,0.965,0.0,0.555,194.13889106740837
3237904162,robust_control_aware,moderate,0.03,0.0224061887447883,0.0432458406000827,0.9725,0.0,0.505,194.55447598366757
3237904162,robust_control_aware,moderate,0.036,0.0260559362678261,0.056461416428224,0.94,0.0,0.4325,198.06270451246505
3237904162,robust_control_aware,strong,0.01,0.0142787810799153,0.0354846943117297,0.99,0.0,0.44,191.10990232934097
3237904162,robust_control_aware,strong,0.014,0.0164167850101463,0.0369824941218397,0.98,0.0,0.5375,191.86327607089729
3237904162,robust_control_aware,strong,0.018,0.0186231801680485,0.0408239684587892,0.9675,0.0,0.545,194.6707079023965
3237904162,robust_control_aware,strong,0.02,0.0192699741975225,0.0472820941423325,0.955,0.0,0.54,193.21871730602888
3237904162,robust_control_aware,strong,0.022,0.0200954070349875,0.0490680119066116,0.9525,0.0,0.56,193.3457408320552
3237904162,robust_control_aware,strong,0.026,0.0218183687474289,0.0547173740743126,0.94,0.0,0.49,194.48641354565584
3237904162,robust_control_aware,strong,0.03,0.0261722896976212,0.0743788651729067,0.895,0.0,0.48,196.594027857744
3237904162,robust_control_aware,strong,0.036,0.0327261001827498,0.0971115160242834,0.825,0.0025,0.48,198.45655735172343
3263782778,boundary_aware,moderate,0.01,0.013662852415435,0.0351035328414336,0.995,0.0,0.4925,180.11832264996696
3263782778,boundary_aware,moderate,0.014,0.017761797909649,0.0398838249143796,0.9825,0.0,0.475,181.2894063610817
3263782778,boundary_aware,moderate,0.018,0.020162405532611,0.0458231241281041,0.96,0.0,0.545,183.7421128506045
3263782778,boundary_aware,moderate,0.02,0.0223073564825163,0.0544475407904715,0.9325,0.0,0.505,185.71555286712768
3263782778,boundary_aware,moderate,0.022,0.0242972742528612,0.055003994096773,0.93,0.0,0.565,187.5566193059598
3263782778,boundary_aware,moderate,0.026,0.0281022651563537,0.0601961256881027,0.8825,0.0,0.5125,191.42880841347045
3263782778,boundary_aware,moderate,0.03,0.0345159949403971,0.0750791081692478,0.7925,0.0,0.5425,196.25750180936416
3263782778,boundary_aware,moderate,0.036,0.0423482804497887,0.0966619535645334,0.685,0.0,0.565,199.69215184164935
3263782778,boundary_aware,strong,0.01,0.019705824393781,0.0493564847395938,0.9525,0.0,0.4275,179.07159392274417
3263782778,boundary_aware,strong,0.014,0.0250588834058035,0.0621190511687256,0.905,0.0,0.42,182.99235679280207
3263782778,boundary_aware,strong,0.018,0.0293821982598172,0.0664349959746462,0.8325,0.0,0.455,186.68169556788047
3263782778,boundary_aware,strong,0.02,0.0278685589714045,0.0661782346515276,0.88,0.0,0.4675,183.6237736764824
3263782778,boundary_aware,strong,0.022,0.0311845664072211,0.0721328399936798,0.84,0.0,0.49,184.7733583776612
3263782778,boundary_aware,strong,0.026,0.0360806536689253,0.0859841609306796,0.775,0.0,0.485,189.29043984257152
3263782778,boundary_aware,strong,0.03,0.0424501038177722,0.0931841405432135,0.6975,0.0,0.4975,192.2476432898335
3263782778,boundary_aware,strong,0.036,0.0493602436104754,0.1050230129961935,0.585,0.0,0.495,195.7782322138592
3263782778,robust_control_aware,moderate,0.01,0.0154368235047741,0.0321785431243076,0.9825,0.0,0.4675,180.78462954916344
3263782778,robust_control_aware,moderate,0.014,0.0175997670900637,0.0361588598760224,0.9825,0.0,0.535,184.9546975764677
3263782778,robust_control_aware,moderate,0.018,0.0185383652446997,0.0370164436221432,0.9775,0.0,0.6175,185.63494543050265
3263782778,robust_control_aware,moderate,0.02,0.020094412764148,0.0420568497450277,0.9625,0.0,0.6225,187.1167123926426
3263782778,robust_control_aware,moderate,0.022,0.0198772232581882,0.0390303605154125,0.975,0.0,0.6575,190.29318126474243
3263782778,robust_control_aware,moderate,0.026,0.0218051164613673,0.0410543058930995,0.9675,0.0,0.615,188.2953788451734
3263782778,robust_control_aware,moderate,0.03,0.0245070760643016,0.0551649064355238,0.9325,0.0,0.5575,188.8487719683944
3263782778,robust_control_aware,moderate,0.036,0.0308334654644925,0.0821500813397408,0.875,0.0,0.4825,194.90146953970697
3263782778,robust_control_aware,strong,0.01,0.0168161600258926,0.0405725381704941,0.9775,0.0,0.4525,183.1817035514336
3263782778,robust_control_aware,strong,0.014,0.0200679673819878,0.0513132804226669,0.945,0.0,0.5275,188.03811547594103
3263782778,robust_control_aware,strong,0.018,0.0214054779252519,0.0487383723636922,0.9575,0.0,0.535,187.9593652853248
3263782778,robust_control_aware,strong,0.02,0.0225622589342783,0.0548131307412621,0.9425,0.0,0.5625,186.5480049788188
3263782778,robust_control_aware,strong,0.022,0.0255143115892915,0.0649384240198659,0.9075,0.0,0.5175,186.23262435975735
3263782778,robust_control_aware,strong,0.026,0.0341150334272708,0.0986261280945741,0.8,0.0025,0.5325,187.08964382556445
3263782778,robust_control_aware,strong,0.03,0.0348997188118958,0.0920108400303525,0.815,0.0025,0.5325,191.50382011449568
3263782778,robust_control_aware,strong,0.036,0.047805935051405,0.1232305035446394,0.6575,0.0025,0.515,191.63857260794248
3979691096,boundary_aware,moderate,0.01,0.013877078405717,0.036079697339159,0.99,0.0,0.47,183.5027559572732
3979691096,boundary_aware,moderate,0.014,0.0174938125419348,0.0421551388555759,0.9775,0.0,0.4525,185.83357337060409
3979691096,boundary_aware,moderate,0.018,0.0202619003607065,0.0476992278481875,0.9575,0.0,0.5025,185.6393552759889
3979691096,boundary_aware,moderate,0.02,0.021831163854987,0.0505273706735161,0.9475,0.0,0.5175,188.9288261625393
3979691096,boundary_aware,moderate,0.022,0.0243003261427965,0.0565720960028088,0.915,0.0,0.51,191.2103686302302
3979691096,boundary_aware,moderate,0.026,0.0293605307788037,0.0644847485125467,0.855,0.0,0.5225,193.14619484014207
3979691096,boundary_aware,moderate,0.03,0.0331676205896369,0.0721824241661706,0.8,0.0,0.5575,197.94916259249223
3979691096,boundary_aware,moderate,0.036,0.0402894608344125,0.0950631330461081,0.7275,0.0025,0.55,199.19566851649316
3979691096,boundary_aware,strong,0.01,0.0200736517146178,0.0540074993998428,0.935,0.0,0.4175,175.6329018310152
3979691096,boundary_aware,strong,0.014,0.0253114388698956,0.0638257314695917,0.89,0.0,0.43,181.9661316708821
3979691096,boundary_aware,strong,0.018,0.0277995376667986,0.0670936261711253,0.8675,0.0,0.4675,183.05680600770896
3979691096,boundary_aware,strong,0.02,0.0289672841949595,0.0662990570617175,0.8625,0.0,0.4475,187.4165411889143
3979691096,boundary_aware,strong,0.022,0.0328011007918788,0.0780977366134396,0.8225,0.0,0.4575,186.66913303958356
3979691096,boundary_aware,strong,0.026,0.039971124239747,0.0941702889222447,0.7325,0.0025,0.4975,190.3941128272297
3979691096,boundary_aware,strong,0.03,0.0452650090252698,0.1161984052127813,0.66,0.005,0.46,193.1289250111755
3979691096,boundary_aware,strong,0.036,0.0586111834742105,0.1353343969428748,0.5275,0.0075,0.495,194.85927269504856
3979691096,robust_control_aware,moderate,0.01,0.0149467849719119,0.0333620961237785,0.99,0.0,0.48,185.86415151581303
3979691096,robust_control_aware,moderate,0.014,0.0168322586382365,0.034485699568433,0.9875,0.0,0.525,183.16874383087105
3979691096,robust_control_aware,moderate,0.018,0.0180219652463725,0.0388506771728316,0.9825,0.0,0.635,191.5840006865153
3979691096,robust_control_aware,moderate,0.02,0.0186973960695194,0.041211691736373,0.985,0.0,0.63,191.0030572933007
3979691096,robust_control_aware,moderate,0.022,0.0197849926967007,0.0420382235195053,0.9725,0.0,0.6225,191.3396589687524
3979691096,robust_control_aware,moderate,0.026,0.0235475904963294,0.0499902166269976,0.95,0.0,0.6425,191.3612165895863
3979691096,robust_control_aware,moderate,0.03,0.0279375702594657,0.0728416572135633,0.8925,0.0,0.5025,197.12380797545325
3979691096,robust_control_aware,moderate,0.036,0.0378109044553201,0.1070225821419108,0.78,0.0,0.4975,197.2545748482772
3979691096,robust_control_aware,strong,0.01,0.0261097768111904,0.0730327556509541,0.875,0.0025,0.4375,185.8591352608964
3979691096,robust_control_aware,strong,0.014,0.0310704229034425,0.0916613202266245,0.825,0.0,0.4375,183.9423648633588
3979691096,robust_control_aware,strong,0.018,0.0345043625700041,0.111413102644609,0.805,0.0025,0.495,189.34830556958696
3979691096,robust_control_aware,strong,0.02,0.0371135513307247,0.1108003831039679,0.7625,0.0025,0.475,187.86762803286769
3979691096,robust_control_aware,strong,0.022,0.0546014626725444,0.1477599679776257,0.5975,0.015,0.445,188.3105134501049
3979691096,robust_control_aware,strong,0.026,0.0590862572318332,0.1512583298741145,0.5375,0.015,0.46,190.2082033615263
3979691096,robust_control_aware,strong,0.03,0.0701544968551837,0.166648197125386,0.455,0.015,0.4675,193.91883825056692
3979691096,robust_control_aware,strong,0.036,0.086758121586979,0.1935288345741186,0.33,0.04,0.42,199.3701708184121
3133163495,boundary_aware,moderate,0.01,0.0121952926425248,0.0315351997107924,0.99,0.0,0.4725,182.1135939106044
3133163495,boundary_aware,moderate,0.014,0.0161616791389925,0.0392705974523878,0.9875,0.0,0.51,191.02183807234655
3133163495,boundary_aware,moderate,0.018,0.0189687844424841,0.044446799136466,0.9725,0.0,0.51,194.82521170834832
3133163495,boundary_aware,moderate,0.02,0.020129113892757,0.0482992110064481,0.9625,0.0,0.5275,194.6647707691129
3133163495,boundary_aware,moderate,0.022,0.0218957868327094,0.0487648390803496,0.9525,0.0,0.5425,196.3989672854674
3133163495,boundary_aware,moderate,0.026,0.0253514121381538,0.0547896160799272,0.925,0.0,0.5325,200.10854024234368
3133163495,boundary_aware,moderate,0.03,0.029279569066006,0.067013679013338,0.8625,0.0,0.5425,203.01764371209035
3133163495,boundary_aware,moderate,0.036,0.0376993394751343,0.084653699712336,0.745,0.0,0.5425,207.14186277760209
3133163495,boundary_aware,strong,0.01,0.0164783385410683,0.0446157136422854,0.9625,0.0,0.46,181.51239613399696
3133163495,boundary_aware,strong,0.014,0.0181919894929971,0.0449370890115639,0.97,0.0,0.45,182.62328036764
3133163495,boundary_aware,strong,0.018,0.0208883972891876,0.0528956709563089,0.935,0.0,0.47,187.23377792634335
3133163495,boundary_aware,strong,0.02,0.0230617349535958,0.0567929900046093,0.915,0.0,0.4825,190.97528664569543
3133163495,boundary_aware,strong,0.022,0.0249743923453071,0.057153606982496,0.9125,0.0,0.4625,192.76397507996205
3133163495,boundary_aware,strong,0.026,0.0283670070822178,0.0670208851910919,0.86,0.0,0.4725,193.96336260096768
3133163495,boundary_aware,strong,0.03,0.0333201241425137,0.0797317293054108,0.8125,0.0,0.475,198.641698597882
3133163495,boundary_aware,strong,0.036,0.0368201347948928,0.0879572205027086,0.76,0.0,0.4775,202.5026287108108
3133163495,robust_control_aware,moderate,0.01,0.0132829617792468,0.0281345101489446,0.9925,0.0,0.475,189.11676835379825
3133163495,robust_control_aware,moderate,0.014,0.0159618439782742,0.0336504715239593,0.9925,0.0,0.53,193.32618900339477
3133163495,robust_control_aware,moderate,0.018,0.0164169081606797,0.0336055659162495,0.99,0.0,0.5925,194.26107724120064
3133163495,robust_control_aware,moderate,0.02,0.0182830387643507,0.0380712337848256,0.9825,0.0,0.5975,193.6274014611801
3133163495,robust_control_aware,moderate,0.022,0.0185944216074281,0.0366965449464801,0.9825,0.0,0.58,195.23023528619024
3133163495,robust_control_aware,moderate,0.026,0.0203461837932499,0.0421593092025868,0.9725,0.0,0.5075,197.53095578405495
3133163495,robust_control_aware,moderate,0.03,0.0226000512116179,0.0546439461228837,0.94,0.0,0.445,197.844758727298
3133163495,robust_control_aware,moderate,0.036,0.0266650258973783,0.0625845938994216,0.915,0.0,0.405,199.880583734526
3133163495,robust_control_aware,strong,0.01,0.0142415828417321,0.0381477083453808,0.97,0.0,0.4625,173.69267343476344
3133163495,robust_control_aware,strong,0.014,0.0182956399606016,0.0522591273457195,0.9475,0.0,0.45,183.70111848336504
3133163495,robust_control_aware,strong,0.018,0.0196350774065981,0.0561709934562085,0.9425,0.0,0.525,192.0176677738953
3133163495,robust_control_aware,strong,0.02,0.0224271380900233,0.0671166569097394,0.915,0.0,0.5025,192.795882155338
3133163495,robust_control_aware,strong,0.022,0.0197179310225313,0.0504203733970825,0.9475,0.0,0.52,193.99649201040305
3133163495,robust_control_aware,strong,0.026,0.0209366301978992,0.0513087512459163,0.945,0.0,0.465,197.6352451998205
3133163495,robust_control_aware,strong,0.03,0.0229556799183667,0.0554449440840963,0.935,0.0,0.4475,198.10188504978555
3133163495,robust_control_aware,strong,0.036,0.0271778196659248,0.074176735782417,0.8725,0.0,0.3975,198.4733771519266
3279137197,boundary_aware,moderate,0.01,0.0119991670712705,0.0296686918448869,0.9875,0.0,0.4975,174.38719417309676
3279137197,boundary_aware,moderate,0.014,0.0150787935863575,0.0354866549519622,0.985,0.0,0.4725,179.4524854619367
3279137197,boundary_aware,moderate,0.018,0.0183674041281042,0.0437126623657441,0.975,0.0,0.5225,185.3029463658756
3279137197,boundary_aware,moderate,0.02,0.0211334860866177,0.0500788760399953,0.95,0.0025,0.51,190.40798486427957
3279137197,boundary_aware,moderate,0.022,0.0220997960022475,0.0510497025997825,0.945,0.0,0.5625,191.21569450321024
3279137197,boundary_aware,moderate,0.026,0.0259612336267657,0.0608434182935197,0.91,0.0,0.555,191.53230837918443
3279137197,boundary_aware,moderate,0.03,0.0305734282081319,0.0660511791200556,0.8525,0.0,0.5825,197.08810969326709
3279137197,boundary_aware,moderate,0.036,0.0393607233758051,0.0874579277588268,0.7375,0.005,0.55,201.15335768011505
3279137197,boundary_aware,strong,0.01,0.016275800692835,0.0457669097702989,0.9625,0.0,0.4525,173.2485589981353
3279137197,boundary_aware,strong,0.014,0.0191697936974499,0.0546776997104389,0.93,0.0,0.48,179.8188140673183
3279137197,boundary_aware,strong,0.018,0.0223360804273229,0.0575739790527644,0.9175,0.0,0.49,182.14319962354156
3279137197,boundary_aware,strong,0.02,0.0242214611614807,0.0554059759525982,0.9125,0.0,0.475,185.02593186563217
3279137197,boundary_aware,strong,0.022,0.0225374338762944,0.0535327712660855,0.935,0.0,0.5,186.483087507578
3279137197,boundary_aware,strong,0.026,0.0281740877813608,0.0690559122617757,0.8575,0.0025,0.465,187.8030631020394
3279137197,boundary_aware,strong,0.03,0.0331236035243411,0.0806953172757277,0.8225,0.0025,0.4625,188.8671349761696
3279137197,boundary_aware,strong,0.036,0.0389961585527836,0.0865963829746643,0.7475,0.0025,0.4525,196.2672329704025
3279137197,robust_control_aware,moderate,0.01,0.0149697403573068,0.031352258646399,0.9875,0.0,0.455,185.53465996287463
3279137197,robust_control_aware,moderate,0.014,0.0167574790704397,0.0324333119723453,0.9775,0.0,0.5325,186.70443256393537
3279137197,robust_control_aware,moderate,0.018,0.0181506656808797,0.0361543589882423,0.975,0.0,0.6,187.10650865041976
3279137197,robust_control_aware,moderate,0.02,0.0180176875936541,0.0359795040626493,0.9825,0.0,0.5875,184.57944177176785
3279137197,robust_control_aware,moderate,0.022,0.0193028358297159,0.03857133902963,0.97,0.0,0.6225,185.70037366245435
3279137197,robust_control_aware,moderate,0.026,0.0201865839357825,0.0409200244603826,0.97,0.0,0.5375,188.64892307014932
3279137197,robust_control_aware,moderate,0.03,0.021584556380436,0.0419317731577849,0.9775,0.0,0.4825,186.86863735876
3279137197,robust_control_aware,moderate,0.036,0.0276756115693041,0.0681756736962978,0.92,0.005,0.4025,189.14488470271155
3279137197,robust_control_aware,strong,0.01,0.0137013760045671,0.0350015585088833,0.985,0.0,0.4575,175.99727047814264
3279137197,robust_control_aware,strong,0.014,0.0160742003554782,0.0408854319276808,0.9825,0.0,0.515,183.15382507274757
3279137197,robust_control_aware,strong,0.018,0.0180732933165695,0.0446229871603202,0.965,0.0,0.5625,184.7154625960157
3279137197,robust_control_aware,strong,0.02,0.0180534457751801,0.0422668201139236,0.975,0.0,0.585,186.9613818723336
3279137197,robust_control_aware,strong,0.022,0.0198991893006499,0.0459392975908436,0.9575,0.0,0.5225,185.3706985451236
3279137197,robust_control_aware,strong,0.026,0.0239359135446519,0.0648780019873051,0.925,0.0025,0.53,187.14912434168443
3279137197,robust_control_aware,strong,0.03,0.0249615808453468,0.067404818913556,0.91,0.0025,0.4725,188.7812391424197
3279137197,robust_control_aware,strong,0.036,0.0317506523534524,0.0844391790712863,0.845,0.005,0.475,194.20616668166457
3334722169,boundary_aware,moderate,0.01,0.0132621706561608,0.0328523775797737,0.99,0.0,0.4425,181.76072676662096
3334722169,boundary_aware,moderate,0.014,0.0168450796072523,0.0393002297257214,0.9825,0.0,0.4725,189.2908986243404
3334722169,boundary_aware,moderate,0.018,0.0201025462162956,0.046745889415924,0.955,0.0,0.53,191.9939060770252
3334722169,boundary_aware,moderate,0.02,0.0215173046302104,0.0484174270844362,0.9525,0.0,0.5075,192.6320138366636
3334722169,boundary_aware,moderate,0.022,0.0238506152531775,0.0564161406879926,0.9175,0.0,0.55,193.9966647577115
3334722169,boundary_aware,moderate,0.026,0.0286340625174791,0.0654186521818488,0.87,0.0,0.5525,197.59163518284024
3334722169,boundary_aware,moderate,0.03,0.0338955944081052,0.0750257260769056,0.785,0.0,0.545,198.53316784969903
3334722169,boundary_aware,moderate,0.036,0.0433509616336804,0.0999933577399184,0.68,0.0,0.5475,204.62970117318488
3334722169,boundary_aware,strong,0.01,0.0182606665909167,0.049808032631328,0.95,0.0,0.3825,181.12955592714303
3334722169,boundary_aware,strong,0.014,0.0239136867303636,0.0574452289149339,0.905,0.0,0.41,182.42753121810472
3334722169,boundary_aware,strong,0.018,0.0275619937927036,0.0675328011667849,0.8525,0.0,0.43,187.3620579320336
3334722169,boundary_aware,strong,0.02,0.0299603102589576,0.0720187933576683,0.84,0.0,0.415,188.64905508657483
3334722169,boundary_aware,strong,0.022,0.033243780110349,0.0789761893811292,0.805,0.0,0.44,193.00690683228083
3334722169,boundary_aware,strong,0.026,0.0394229470200192,0.0883628718663092,0.7225,0.0025,0.435,196.54527923900991
3334722169,boundary_aware,strong,0.03,0.0428348096598322,0.096440318493936,0.6825,0.0,0.4675,198.81652016531703
3334722169,boundary_aware,strong,0.036,0.0560696916860908,0.1277229758849834,0.5325,0.005,0.49,202.1505314089076
3334722169,robust_control_aware,moderate,0.01,0.0144524884994643,0.0292161438732368,0.9975,0.0,0.4275,183.55998541208132
3334722169,robust_control_aware,moderate,0.014,0.0161417368566047,0.0335359847675661,0.9925,0.0,0.5125,189.10016250606944
3334722169,robust_control_aware,moderate,0.018,0.0180994660131495,0.0346710751206178,0.99,0.0,0.595,189.5608126193944
3334722169,robust_control_aware,moderate,0.02,0.0192907942831411,0.0363039733826634,0.98,0.0,0.5725,189.181483617488
3334722169,robust_control_aware,moderate,0.022,0.0190872782648674,0.0388763835605127,0.9775,0.0,0.62,193.274955537106
3334722169,robust_control_aware,moderate,0.026,0.0206248576032927,0.039525619513405,0.98,0.0,0.5275,192.2861701714081
3334722169,robust_control_aware,moderate,0.03,0.0230264704138387,0.0470370912180098,0.9575,0.0,0.5,194.80410977502856
3334722169,robust_control_aware,moderate,0.036,0.0298745868233725,0.0831487761412501,0.895,0.0025,0.425,200.7705143931231
3334722169,robust_control_aware,strong,0.01,0.0183625116203484,0.0465367167455004,0.9575,0.0,0.41,184.24148989981347
3334722169,robust_control_aware,strong,0.014,0.0196631018525691,0.0494531438402242,0.955,0.0025,0.485,185.5754335399269
3334722169,robust_control_aware,strong,0.018,0.0210384263113746,0.0502552774794545,0.9475,0.0,0.51,189.65923743584645
3334722169,robust_control_aware,strong,0.02,0.0237702036850098,0.0613511745981182,0.915,0.0,0.535,189.2864885664887
3334722169,robust_control_aware,strong,0.022,0.0251018768376715,0.0609746108840204,0.905,0.0,0.5175,192.72462341836672
3334722169,robust_control_aware,strong,0.026,0.0319623963341402,0.0916342249719033,0.82,0.0,0.5525,192.6618673063312
3334722169,robust_control_aware,strong,0.03,0.0419926854099713,0.1149755150011966,0.7275,0.005,0.5125,196.75740278474476
3334722169,robust_control_aware,strong,0.036,0.0510718362245822,0.1372128551509067,0.61,0.0,0.4875,200.84890499340813
3601391430,boundary_aware,moderate,0.01,0.0148795595411262,0.0355059300443129,0.985,0.0,0.46,180.91893142343088
3601391430,boundary_aware,moderate,0.014,0.0175083630907571,0.0427535193536276,0.97,0.0,0.4975,185.66559941300568
3601391430,boundary_aware,moderate,0.018,0.0200797693559967,0.0472061814114569,0.9625,0.0,0.495,189.9633389041079
3601391430,boundary_aware,moderate,0.02,0.0231146363874154,0.0552464000466616,0.9325,0.0,0.505,191.40770768789105
3601391430,boundary_aware,moderate,0.022,0.0254597803583811,0.0616440960862177,0.905,0.0,0.51,192.28482990702577
3601391430,boundary_aware,moderate,0.026,0.0292470963223237,0.0713594363573996,0.85,0.0,0.545,193.75249891835625
3601391430,boundary_aware,moderate,0.03,0.0323862757349572,0.0785402281053219,0.825,0.0025,0.5825,196.88159116698256
3601391430,boundary_aware,moderate,0.036,0.0416967395145806,0.0927655673152879,0.7075,0.0,0.57,201.0735608814601
3601391430,boundary_aware,strong,0.01,0.0188930513067601,0.047905328263221,0.955,0.0,0.4175,176.35985301073111
3601391430,boundary_aware,strong,0.014,0.0238699110940625,0.0623204034178996,0.9025,0.0,0.435,186.01505122562708
3601391430,boundary_aware,strong,0.018,0.0289046762740079,0.0693657132670645,0.86,0.0,0.44,188.32627613286385
3601391430,boundary_aware,strong,0.02,0.0301382100919623,0.072985149952289,0.845,0.0,0.4525,187.67402897473085
3601391430,boundary_aware,strong,0.022,0.0328083857143219,0.0764614472435143,0.8175,0.0,0.455,189.39037358363277
3601391430,boundary_aware,strong,0.026,0.0348823484151251,0.0789496638651622,0.7775,0.0,0.475,192.1331504733112
3601391430,boundary_aware,strong,0.03,0.0407222277437532,0.0951165928391765,0.73,0.0,0.5,194.01076807048423
3601391430,boundary_aware,strong,0.036,0.0493660664634845,0.1116283902191736,0.6025,0.0,0.48,195.71146150456704
3601391430,robust_control_aware,moderate,0.01,0.014919371340802,0.0322872587702194,0.975,0.0,0.4725,179.76349779964858
3601391430,robust_control_aware,moderate,0.014,0.0175045550400067,0.0362692345432175,0.985,0.0,0.525,185.92709203727355
3601391430,robust_control_aware,moderate,0.018,0.0187061287175081,0.0392663064320294,0.985,0.0,0.6125,183.68357728328743
3601391430,robust_control_aware,moderate,0.02,0.019648173071635,0.0413105254462469,0.97,0.0,0.575,184.90153345353852
3601391430,robust_control_aware,moderate,0.022,0.0202993218374786,0.0418008631897955,0.9675,0.0,0.6225,187.82735779838424
3601391430,robust_control_aware,moderate,0.026,0.0223361854009199,0.0456481807398175,0.9575,0.0,0.6025,190.63115564229665
3601391430,robust_control_aware,moderate,0.03,0.0236034559504577,0.0513292629708129,0.945,0.0,0.54,191.9914242994002
3601391430,robust_control_aware,moderate,0.036,0.0315506538555259,0.0989029311765739,0.87,0.0,0.485,195.3404692291758
3601391430,robust_control_aware,strong,0.01,0.015619345831417,0.0404300598509755,0.9775,0.0,0.485,180.143030077886
3601391430,robust_control_aware,strong,0.014,0.0179806324703548,0.0433048834482991,0.965,0.0,0.465,180.80798502214165
3601391430,robust_control_aware,strong,0.018,0.022078083687093,0.0498923621642108,0.95,0.0,0.515,186.44129274013343
3601391430,robust_control_aware,strong,0.02,0.020913006594689,0.0506370437113369,0.9475,0.0,0.5475,186.4760474351566
3601391430,robust_control_aware,strong,0.022,0.0223639460135167,0.0595409611965283,0.9275,0.0,0.57,188.90153483498068
3601391430,robust_control_aware,strong,0.026,0.0306517891420044,0.0827096185565825,0.8375,0.0,0.58,193.08831364463845
3601391430,robust_control_aware,strong,0.03,0.0348443328792399,0.0996770638628187,0.79,0.0,0.535,191.73153793226845
3601391430,robust_control_aware,strong,0.036,0.0432267744941694,0.1331969766242154,0.715,0.0075,0.505,196.8353260976167
3627869112,boundary_aware,moderate,0.01,0.0136839276595652,0.0344638489333117,0.9875,0.0,0.4625,183.80664728247024
3627869112,boundary_aware,moderate,0.014,0.0173901990144505,0.0439730551569258,0.965,0.0,0.4975,187.82701619600056
3627869112,boundary_aware,moderate,0.018,0.0215625375371908,0.0533872022033447,0.9375,0.0,0.5125,193.06507983552683
3627869112,boundary_aware,moderate,0.02,0.0235511030030914,0.057539204217605,0.9275,0.0,0.5,194.9933804588157
3627869112,boundary_aware,moderate,0.022,0.0251038005511307,0.0602942244617271,0.8975,0.0,0.5425,193.4691258913395
3627869112,boundary_aware,moderate,0.026,0.0285874804882073,0.0650843941960388,0.875,0.0,0.5725,197.0889711602508
3627869112,boundary_aware,moderate,0.03,0.0353652298814597,0.0809440502119338,0.7725,0.0,0.535,199.52320218797104
3627869112,boundary_aware,moderate,0.036,0.043744367718079,0.0989462254373526,0.6425,0.0,0.5275,203.33386754673768
3627869112,boundary_aware,strong,0.01,0.0221307672450407,0.0568951258941447,0.925,0.0,0.4225,178.3827767010216
3627869112,boundary_aware,strong,0.014,0.0264219557801872,0.0625058945793124,0.8825,0.0,0.4275,189.1367520559877
3627869112,boundary_aware,strong,0.018,0.0327489655344395,0.0729863257644586,0.795,0.0,0.425,188.9465684053676
3627869112,boundary_aware,strong,0.02,0.0362660390208141,0.0899765106982513,0.78,0.005,0.4275,190.880311767286
3627869112,boundary_aware,strong,0.022,0.039177751429682,0.1014181253713132,0.735,0.0025,0.41,191.311083564436
3627869112,boundary_aware,strong,0.026,0.0439524508109411,0.1063865716838301,0.665,0.005,0.4575,192.41057867772255
3627869112,boundary_aware,strong,0.03,0.050426870061225,0.1187479695667091,0.595,0.005,0.465,197.46586144930257
3627869112,boundary_aware,strong,0.036,0.0626664010724415,0.1414011751130351,0.4625,0.01,0.4675,203.20952896584964
3627869112,robust_control_aware,moderate,0.01,0.0148181624161214,0.0319951470218265,0.9825,0.0,0.4725,188.0240449532828
3627869112,robust_control_aware,moderate,0.014,0.0164707122830639,0.0333490210156191,0.98,0.0,0.5575,188.37195169957295
3627869112,robust_control_aware,moderate,0.018,0.0185846948168641,0.0371079032800135,0.9775,0.0,0.5825,190.2016660842177
3627869112,robust_control_aware,moderate,0.02,0.0192392831580606,0.0406151283494194,0.97,0.0,0.585,190.5801660061918
3627869112,robust_control_aware,moderate,0.022,0.0197857791076594,0.0420243694975636,0.965,0.0,0.6225,194.49504248041677
3627869112,robust_control_aware,moderate,0.026,0.0235660680921019,0.0555023039934259,0.9325,0.0,0.57,196.0562825383907
3627869112,robust_control_aware,moderate,0.03,0.024853068668452,0.0575004573794384,0.93,0.0,0.5375,194.31264157395745
3627869112,robust_control_aware,moderate,0.036,0.0361873864677992,0.1054979836194446,0.8075,0.0,0.48,199.79319113695584
3627869112,robust_control_aware,strong,0.01,0.0183161597323251,0.0520160388230344,0.9475,0.0,0.46,176.63729880156316
3627869112,robust_control_aware,strong,0.014,0.0258821659280485,0.0861922526823296,0.8575,0.0,0.47,184.95689095049903
3627869112,robust_control_aware,strong,0.018,0.029541946260527,0.0915109602345396,0.8625,0.0025,0.49,192.0718141871843
3627869112,robust_control_aware,strong,0.02,0.0356727408395834,0.1114246911557614,0.785,0.005,0.53,193.9856788109658
3627869112,robust_control_aware,strong,0.022,0.0377094781947299,0.1169944431166337,0.7725,0.0075,0.4925,192.797557182651
3627869112,robust_control_aware,strong,0.026,0.047823884588912,0.1328626791261137,0.6575,0.015,0.515,197.6233117418408
3627869112,robust_control_aware,strong,0.03,0.0494604956878377,0.1368015937490837,0.6575,0.0075,0.495,202.94933433219984
3627869112,robust_control_aware,strong,0.036,0.0707410270073098,0.1750312063145404,0.47,0.0275,0.4675,200.2041834487706
3505383392,boundary_aware,moderate,0.01,0.0144139028056212,0.0367386411413443,0.9825,0.0,0.4625,178.948244597542
3505383392,boundary_aware,moderate,0.014,0.0200275455196875,0.0450273431499005,0.9625,0.0,0.4725,188.18587275690317
3505383392,boundary_aware,moderate,0.018,0.0219471684077153,0.0540438326714689,0.9375,0.0,0.48,189.62164080566063
3505383392,boundary_aware,moderate,0.02,0.0269083543183313,0.0656674941208151,0.875,0.0,0.54,195.44025978395135
3505383392,boundary_aware,moderate,0.022,0.0276065413342063,0.0604349508373213,0.8775,0.0,0.53,193.97841097688243
3505383392,boundary_aware,moderate,0.026,0.0338209064849743,0.0794037251805034,0.7975,0.0,0.505,196.3772010293495
3505383392,boundary_aware,moderate,0.03,0.0350250883150442,0.0809969075217709,0.7975,0.0,0.5575,199.92394574781943
3505383392,boundary_aware,moderate,0.036,0.0465683354369457,0.0990160170592977,0.6075,0.0,0.5725,203.26283358141683
3505383392,boundary_aware,strong,0.01,0.025647921309437,0.0685252635867502,0.8875,0.0,0.395,180.16670015784825
3505383392,boundary_aware,strong,0.014,0.0309181967788401,0.0858534634269875,0.8425,0.0,0.435,184.80964597757423
3505383392,boundary_aware,strong,0.018,0.0366970373843565,0.0900979602874239,0.76,0.0,0.425,186.16417744160384
3505383392,boundary_aware,strong,0.02,0.0356026790394422,0.0925108683434425,0.7975,0.0025,0.44,185.99393831211864
3505383392,boundary_aware,strong,0.022,0.0402636248995197,0.0990739033213743,0.7225,0.0025,0.4475,189.34524392672705
3505383392,boundary_aware,strong,0.026,0.0448808558353857,0.1014440722674774,0.66,0.0025,0.46,190.02320475525107
3505383392,boundary_aware,strong,0.03,0.0531783997118772,0.1218109519135271,0.55,0.0075,0.465,197.30975241893933
3505383392,boundary_aware,strong,0.036,0.063554724803785,0.154036754035728,0.4625,0.0175,0.4725,198.1495919145837
3505383392,robust_control_aware,moderate,0.01,0.0159785205506087,0.0343523343097238,0.9775,0.0,0.4725,188.48820246543107
3505383392,robust_control_aware,moderate,0.014,0.0179187227559705,0.0375727230657014,0.9725,0.0,0.545,187.24880232513647
3505383392,robust_control_aware,moderate,0.018,0.0188369832882468,0.0383223303157193,0.975,0.0,0.6175,189.01460194336977
3505383392,robust_control_aware,moderate,0.02,0.0200629580974847,0.0430277720915723,0.97,0.0,0.605,192.25100698762895
3505383392,robust_control_aware,moderate,0.022,0.0216106182268313,0.046320228641276,0.9575,0.0,0.6075,192.91030915950637
3505383392,robust_control_aware,moderate,0.026,0.0258256332971791,0.0609653853508018,0.92,0.0,0.555,195.4341227223266
3505383392,robust_control_aware,moderate,0.03,0.0262387346135444,0.0628599377860062,0.9175,0.0,0.5475,194.95376372914384
3505383392,robust_control_aware,moderate,0.036,0.0379073689327784,0.1081886147617351,0.775,0.0,0.535,196.5216881189932
3505383392,robust_control_aware,strong,0.01,0.0200546427004642,0.0559579500328482,0.9375,0.0,0.47,181.96475284258565
3505383392,robust_control_aware,strong,0.014,0.0280975122236578,0.0810811618697765,0.8525,0.0,0.4575,182.8692302317969
3505383392,robust_control_aware,strong,0.018,0.0322727824247437,0.0934014007167082,0.825,0.0,0.49,186.00438810159784
3505383392,robust_control_aware,strong,0.02,0.0334012861389823,0.0968940603522641,0.8175,0.0025,0.495,192.59782304799413
3505383392,robust_control_aware,strong,0.022,0.0410188669200729,0.1232914110004536,0.7525,0.01,0.4975,193.09622959074204
3505383392,robust_control_aware,strong,0.026,0.0538252492669728,0.1327412727350003,0.565,0.0025,0.48,192.0894961748876
3505383392,robust_control_aware,strong,0.03,0.0654451993284059,0.1578183643024564,0.475,0.015,0.4875,193.01678460798416
3505383392,robust_control_aware,strong,0.036,0.0749825529125497,0.1881676721055255,0.39,0.0425,0.47,196.84981519479885
3020961912,boundary_aware,moderate,0.01,0.0132360431863861,0.0319059221993827,0.9925,0.0,0.485,186.36620705104545
3020961912,boundary_aware,moderate,0.014,0.0162478051885727,0.0364631058037218,0.9875,0.0,0.4875,187.52525353488247
3020961912,boundary_aware,moderate,0.018,0.0195123380081936,0.0442732608527242,0.97,0.0,0.5375,191.87132615417644
3020961912,boundary_aware,moderate,0.02,0.021718711023086,0.0493914818630939,0.955,0.0,0.56,194.24432720838348
3020961912,boundary_aware,moderate,0.022,0.0223155787954543,0.0484360201003807,0.9575,0.0,0.5475,191.89558655838985
3020961912,boundary_aware,moderate,0.026,0.0260674194923902,0.0601494235312215,0.905,0.0,0.5675,194.97408153766628
3020961912,boundary_aware,moderate,0.03,0.0326234760244133,0.0738188850341404,0.8175,0.0,0.565,199.74909409105032
3020961912,boundary_aware,moderate,0.036,0.0383641756766387,0.0840533737246985,0.7475,0.0,0.5925,200.9356163296189
3020961912,boundary_aware,strong,0.01,0.0180465786055184,0.0445798492359997,0.965,0.0,0.445,182.89710083528
3020961912,boundary_aware,strong,0.014,0.0207235919413945,0.0526288639812437,0.9375,0.0,0.475,187.59869539285376
3020961912,boundary_aware,strong,0.018,0.0238050638692008,0.0595612303554572,0.9225,0.0,0.48,187.17684971996815
3020961912,boundary_aware,strong,0.02,0.0251368390717395,0.0601459888886928,0.91,0.0,0.5,192.2435603420109
3020961912,boundary_aware,strong,0.022,0.0265328753385252,0.0630255856693152,0.895,0.0,0.485,193.8639346487224
3020961912,boundary_aware,strong,0.026,0.0311093836499308,0.0702764117758533,0.8475,0.0,0.51,193.7387068594209
3020961912,boundary_aware,strong,0.03,0.0331295450262982,0.0709715580902737,0.815,0.0,0.4975,195.5739178728027
3020961912,boundary_aware,strong,0.036,0.0389825997394438,0.0894118925547194,0.735,0.0025,0.5,199.1056340253548
3020961912,robust_control_aware,moderate,0.01,0.01445982199387,0.0312488185576093,0.99,0.0,0.48,189.30025206232003
3020961912,robust_control_aware,moderate,0.014,0.0159230280084246,0.0322068053943924,0.985,0.0,0.5375,189.8880585453061
3020961912,robust_control_aware,moderate,0.018,0.0166023838515841,0.0317264856653788,0.985,0.0,0.625,190.96227268925
3020961912,robust_control_aware,moderate,0.02,0.017982188809829,0.0341644319550312,0.985,0.0,0.5925,191.84061647335253
3020961912,robust_control_aware,moderate,0.022,0.0196091585241796,0.0388292172296947,0.9775,0.0,0.6,194.22127441017585
3020961912,robust_control_aware,moderate,0.026,0.0198797624733826,0.0386393003607559,0.975,0.0,0.5325,189.77893407794016
3020961912,robust_control_aware,moderate,0.03,0.0210560949220824,0.0393508610178099,0.97,0.0,0.48,189.96660934563965
3020961912,robust_control_aware,moderate,0.036,0.0244538855188529,0.0474228964794793,0.9575,0.0,0.3975,194.80011252379688
3020961912,robust_control_aware,strong,0.01,0.0144035521130802,0.0355823279065657,0.99,0.0,0.4775,188.4105567875392
3020961912,robust_control_aware,strong,0.014,0.0152639922842667,0.0347965950958014,0.9875,0.0,0.5125,189.2408631837188
3020961912,robust_control_aware,strong,0.018,0.0164554670009785,0.035453837676617,0.9775,0.0,0.5275,187.85734291599704
3020961912,robust_control_aware,strong,0.02,0.0201119895680125,0.048071700375659,0.95,0.0,0.5325,186.20500324098649
3020961912,robust_control_aware,strong,0.022,0.0177675689487792,0.0414109199205521,0.9725,0.0,0.52,187.1842182577216
3020961912,robust_control_aware,strong,0.026,0.0195069713333558,0.0426308016120463,0.9725,0.0,0.51,192.1033476857364
3020961912,robust_control_aware,strong,0.03,0.0224965557269009,0.0499223109362795,0.95,0.0,0.4725,192.1428491954408
3020961912,robust_control_aware,strong,0.036,0.0254042958495205,0.0594892647656553,0.9225,0.0,0.3975,194.1510106952757
3569329013,boundary_aware,moderate,0.01,0.0139555163547006,0.0348401485739599,0.9875,0.0,0.45,185.6164883518221
3569329013,boundary_aware,moderate,0.014,0.0169304543694015,0.0374398744754808,0.9775,0.0,0.515,188.3446714237797
3569329013,boundary_aware,moderate,0.018,0.018545492533984,0.0426182325285103,0.975,0.0,0.5275,190.19263114884436
3569329013,boundary_aware,moderate,0.02,0.0220454581407403,0.0476702081919492,0.9625,0.0,0.505,192.2995798358998
3569329013,boundary_aware,moderate,0.022,0.0230119706225975,0.0545984588351818,0.925,0.0,0.535,194.96907681776216
3569329013,boundary_aware,moderate,0.026,0.0285021137210924,0.0657132675020722,0.875,0.0,0.535,196.5375922774162
3569329013,boundary_aware,moderate,0.03,0.0320167519577784,0.0705833158361044,0.825,0.0,0.525,200.2781726330423
3569329013,boundary_aware,moderate,0.036,0.0413956068544493,0.0955094562227557,0.6825,0.0025,0.5475,204.9465385519241
3569329013,boundary_aware,strong,0.01,0.0177681327516231,0.044085607118499,0.97,0.0,0.4325,183.29949733656477
3569329013,boundary_aware,strong,0.014,0.0194523301577713,0.0492844042850884,0.9525,0.0,0.47,182.5414632652748
3569329013,boundary_aware,strong,0.018,0.02400016004406,0.0608010306702553,0.9125,0.0,0.47,186.8145407029957
3569329013,boundary_aware,strong,0.02,0.0274214604032923,0.0608759740949902,0.8725,0.0,0.4825,188.4512268959801
3569329013,boundary_aware,strong,0.022,0.0288534021563708,0.0668382319749776,0.8575,0.0,0.4825,193.0769970009121
3569329013,boundary_aware,strong,0.026,0.0333722996869633,0.0715812898806357,0.8125,0.0,0.49,192.87820175205573
3569329013,boundary_aware,strong,0.03,0.0366559664154131,0.0856473674553335,0.7625,0.0,0.49,196.9164196634168
3569329013,boundary_aware,strong,0.036,0.0433008995310465,0.1003723305275719,0.6775,0.0025,0.495,200.3781029125732
3569329013,robust_control_aware,moderate,0.01,0.0148964631288635,0.0301543169169783,0.9875,0.0,0.4875,189.7229311025415
3569329013,robust_control_aware,moderate,0.014,0.0162369521895721,0.0334990042561339,0.99,0.0,0.55,191.6689208625004
3569329013,robust_control_aware,moderate,0.018,0.0176694178437904,0.0335084234118742,0.9825,0.0,0.6175,193.19238889619456
3569329013,robust_control_aware,moderate,0.02,0.0187729191498163,0.0368461588146987,0.9825,0.0,0.6325,194.1184409288536
3569329013,robust_control_aware,moderate,0.022,0.0190315456571063,0.0341621076177752,0.985,0.0,0.6075,188.14510270288912
3569329013,robust_control_aware,moderate,0.026,0.0196271165809946,0.0372139572023802,0.985,0.0,0.56,194.3847496504734
3569329013,robust_control_aware,moderate,0.03,0.0230292022977014,0.0486130805033214,0.9525,0.0,0.5275,193.70987805735425
3569329013,robust_control_aware,moderate,0.036,0.0259423742048447,0.0584772553197252,0.9225,0.0,0.4425,195.99972440419063
3569329013,robust_control_aware,strong,0.01,0.0167246271110167,0.0389316630349935,0.975,0.0,0.455,188.16029322354365
3569329013,robust_control_aware,strong,0.014,0.0176733295173953,0.0409709375465656,0.97,0.0,0.525,189.54691299078831
3569329013,robust_control_aware,strong,0.018,0.0203156843328455,0.0457747834695786,0.96,0.0,0.5425,192.12878102882507
3569329013,robust_control_aware,strong,0.02,0.0204019444146325,0.0488920221241757,0.95,0.0,0.515,194.13876165527572
3569329013,robust_control_aware,strong,0.022,0.0202215513564664,0.0488436391730284,0.955,0.0,0.545,195.4688812935858
3569329013,robust_control_aware,strong,0.026,0.0242373770906851,0.0627123244494652,0.92,0.0,0.515,195.31130122123903
3569329013,robust_control_aware,strong,0.03,0.0280695292424819,0.0795464172606592,0.9025,0.0,0.5325,196.0114930334344
3569329013,robust_control_aware,strong,0.036,0.0339982458628871,0.1033608116910519,0.8325,0.0025,0.47,197.1002860771407
3638658962,boundary_aware,moderate,0.01,0.0137796851530083,0.036304395216961,0.995,0.0,0.465,185.18959077383172
3638658962,boundary_aware,moderate,0.014,0.0171030740335481,0.0391436182300426,0.985,0.0,0.47,186.2006690283947
3638658962,boundary_aware,moderate,0.018,0.0204516806923108,0.049507716609975,0.9575,0.0,0.495,193.03751990270857
3638658962,boundary_aware,moderate,0.02,0.0222485684290299,0.0504703367552039,0.9475,0.0,0.53,193.31538883947104
3638658962,boundary_aware,moderate,0.022,0.0257467818053186,0.0577725057117949,0.9125,0.0,0.5225,195.08767503777432
3638658962,boundary_aware,moderate,0.026,0.0288748558298595,0.0635164757620811,0.8625,0.0,0.545,197.2729614198912
3638658962,boundary_aware,moderate,0.03,0.033681980967683,0.0743233777345159,0.81,0.0,0.5175,198.31521281173468
3638658962,boundary_aware,moderate,0.036,0.0403884529251982,0.0845820958940815,0.715,0.0,0.545,204.54249717024624
3638658962,boundary_aware,strong,0.01,0.0240640267694292,0.064052469880946,0.9025,0.0,0.435,178.0929963283233
3638658962,boundary_aware,strong,0.014,0.0273381350358144,0.0675143950084639,0.8525,0.0,0.4525,183.15767755950623
3638658962,boundary_aware,strong,0.018,0.0296784059781498,0.0682304887619734,0.8375,0.0,0.455,185.021996287608
3638658962,boundary_aware,strong,0.02,0.0330733460708334,0.0806850774423213,0.805,0.0,0.44,189.7825861233501
3638658962,boundary_aware,strong,0.022,0.0378416295608834,0.0947743335870535,0.7425,0.0,0.4675,188.6789376954987
3638658962,boundary_aware,strong,0.026,0.0409486455429678,0.0915314346422786,0.6975,0.0,0.475,194.03201437246167
3638658962,boundary_aware,strong,0.03,0.0454703929589401,0.0980652160056622,0.6325,0.0,0.475,196.1887154644519
3638658962,boundary_aware,strong,0.036,0.0522138206672529,0.1101530918422425,0.5425,0.0025,0.485,197.170371135325
3638658962,robust_control_aware,moderate,0.01,0.0138852955643421,0.0279824571016139,0.995,0.0,0.4325,182.3294237619949
3638658962,robust_control_aware,moderate,0.014,0.0152715754860743,0.0310112335826844,0.9925,0.0,0.5375,189.438773129935
3638658962,robust_control_aware,moderate,0.018,0.0182606439208546,0.0338188861019005,0.985,0.0,0.57,192.8640458901902
3638658962,robust_control_aware,moderate,0.02,0.018576736923296,0.0334014885899937,0.9875,0.0,0.6,193.00333672504547
3638658962,robust_control_aware,moderate,0.022,0.0191167782736361,0.0356143306833581,0.99,0.0,0.555,193.57682164770077
3638658962,robust_control_aware,moderate,0.026,0.0212262700069896,0.0390553740715326,0.985,0.0,0.625,192.28657827111493
3638658962,robust_control_aware,moderate,0.03,0.0222682277923796,0.042014205218359,0.9725,0.0,0.4725,194.49625569563707
3638658962,robust_control_aware,moderate,0.036,0.0264954073214075,0.0640118681400439,0.9125,0.0,0.47,197.48175417244107
3638658962,robust_control_aware,strong,0.01,0.0181430594431635,0.0570532873552299,0.935,0.0,0.465,177.98120392161795
3638658962,robust_control_aware,strong,0.014,0.0173017461849902,0.0394185110382141,0.97,0.0,0.5125,184.43268446364175
3638658962,robust_control_aware,strong,0.018,0.0221200356018963,0.0619528640281188,0.9275,0.0,0.54,190.114891103391
3638658962,robust_control_aware,strong,0.02,0.0272395107564853,0.0921483197816937,0.86,0.0,0.53,188.51456183518093
3638658962,robust_control_aware,strong,0.022,0.0271100109787357,0.0708569071172975,0.89,0.0,0.5325,190.03017648050755
3638658962,robust_control_aware,strong,0.026,0.0336974662542803,0.1060635280711126,0.8075,0.0025,0.48,188.451227201186
3638658962,robust_control_aware,strong,0.03,0.0296475379010781,0.0714461981482671,0.87,0.0025,0.52,192.8434296834173
3638658962,robust_control_aware,strong,0.036,0.0425496225876091,0.1229948184287191,0.7125,0.0,0.4575,197.12210283453575
3328610740,boundary_aware,moderate,0.01,0.0130216803697396,0.0348430405931852,0.99,0.0,0.5075,180.74696757302996
3328610740,boundary_aware,moderate,0.014,0.0167581666638328,0.0407838906552512,0.9825,0.0,0.485,184.53135109501957
3328610740,boundary_aware,moderate,0.018,0.0213106648590748,0.0515904098651307,0.94,0.0,0.4925,188.70718380759692
3328610740,boundary_aware,moderate,0.02,0.0215064939716532,0.0475801864805489,0.955,0.0,0.535,191.33989336581905
3328610740,boundary_aware,moderate,0.022,0.0250378776484501,0.0598811273088546,0.905,0.0,0.535,192.8181492254874
3328610740,boundary_aware,moderate,0.026,0.0277906944686417,0.0623987234613899,0.875,0.0,0.535,194.57184936009816
3328610740,boundary_aware,moderate,0.03,0.033728850351536,0.0760425060035657,0.7925,0.0,0.54,198.18119727778705
3328610740,boundary_aware,moderate,0.036,0.0417315890102554,0.0908194882549982,0.7,0.0,0.5525,201.4583629302195
3328610740,boundary_aware,strong,0.01,0.0203136869346877,0.0555227091930264,0.9325,0.0,0.4325,179.64027099583905
3328610740,boundary_aware,strong,0.014,0.0251706609524956,0.0569582387508573,0.895,0.0,0.4375,185.09412333266616
3328610740,boundary_aware,strong,0.018,0.0295722587659968,0.0721461669476833,0.845,0.0,0.4325,186.1000239957055
3328610740,boundary_aware,strong,0.02,0.0317109450130825,0.0875361482655065,0.8175,0.0,0.4525,185.1664756230824
3328610740,boundary_aware,strong,0.022,0.0328069858953229,0.0809579522602028,0.795,0.0,0.4875,189.79822311536915
3328610740,boundary_aware,strong,0.026,0.0406599841087832,0.1067193435482294,0.7125,0.0,0.49,191.5098637869273
3328610740,boundary_aware,strong,0.03,0.045470600455147,0.1062984382850774,0.625,0.0,0.495,193.15624153236652
3328610740,boundary_aware,strong,0.036,0.0525235415683928,0.1264424089778432,0.5525,0.0025,0.49,196.63729655941083
3328610740,robust_control_aware,moderate,0.01,0.0149050785008665,0.0302838787910358,0.99,0.0,0.4725,188.16434596532255
3328610740,robust_control_aware,moderate,0.014,0.0161715970510182,0.0320294504343439,0.9875,0.0,0.5475,184.3365407453045
3328610740,robust_control_aware,moderate,0.018,0.018316102035682,0.0366089914776753,0.985,0.0,0.6175,189.82096453954787
3328610740,robust_control_aware,moderate,0.02,0.019363116800615,0.0381997952467664,0.985,0.0,0.6375,189.6663575596425
3328610740,robust_control_aware,moderate,0.022,0.0196402709323323,0.0373015078142016,0.975,0.0,0.58,186.70364973765064
3328610740,robust_control_aware,moderate,0.026,0.0205109313135841,0.0419623268502725,0.975,0.0,0.5775,189.6572616454649
3328610740,robust_control_aware,moderate,0.03,0.0237155364026292,0.0488373056861442,0.95,0.0,0.525,191.498251982905
3328610740,robust_control_aware,moderate,0.036,0.0309728031951522,0.0797039115504129,0.8625,0.0,0.54,194.53899608179285
3328610740,robust_control_aware,strong,0.01,0.0185596710049622,0.0536903357509238,0.9425,0.0,0.445,184.83252167091516
3328610740,robust_control_aware,strong,0.014,0.0240272827220213,0.0694844014383969,0.8975,0.0,0.4825,191.2759391590429
3328610740,robust_control_aware,strong,0.018,0.0238775903700029,0.0673160664830683,0.9125,0.0,0.5275,192.11058438495732
3328610740,robust_control_aware,strong,0.02,0.0271207370363962,0.0709904421177503,0.8675,0.0,0.5325,189.48134761124
3328610740,robust_control_aware,strong,0.022,0.0295468829430498,0.0877029449468859,0.8525,0.0,0.505,190.59966562457845
3328610740,robust_control_aware,strong,0.026,0.0322245686411543,0.0937007319466692,0.8175,0.0025,0.5375,191.6444131649632
3328610740,robust_control_aware,strong,0.03,0.0419795119066245,0.1174787263840001,0.7025,0.0025,0.52,194.78664751387907
3328610740,robust_control_aware,strong,0.036,0.0564858854726757,0.1603838314053894,0.5975,0.0225,0.515,196.95053095468973
3454948477,boundary_aware,moderate,0.01,0.0125235033259002,0.0331130352984683,0.995,0.0,0.445,185.2420155643232
3454948477,boundary_aware,moderate,0.014,0.0163738164700653,0.0388705835450717,0.985,0.0,0.51,189.33169491858516
3454948477,boundary_aware,moderate,0.018,0.0197219938678762,0.0495730174499184,0.95,0.0,0.5475,191.8789801074801
3454948477,boundary_aware,moderate,0.02,0.022254937768174,0.0539732921167964,0.92,0.0,0.5325,194.4569463042372
3454948477,boundary_aware,moderate,0.022,0.0230289000033235,0.0520783233780349,0.945,0.0,0.56,194.84274271773324
3454948477,boundary_aware,moderate,0.026,0.0279107330570133,0.0661543419076926,0.8875,0.0,0.55,199.5974996589991
3454948477,boundary_aware,moderate,0.03,0.0331745625324858,0.0752578790554104,0.8175,0.0,0.5325,202.38795065621315
3454948477,boundary_aware,moderate,0.036,0.0416740150039921,0.0940015725444268,0.6875,0.0,0.545,202.86053741102688
3454948477,boundary_aware,strong,0.01,0.0173140151483283,0.045588429175419,0.9675,0.0,0.4525,187.34101712588813
3454948477,boundary_aware,strong,0.014,0.022059574221305,0.0543151688611326,0.935,0.0,0.4325,188.7036677604925
3454948477,boundary_aware,strong,0.018,0.0244823659108556,0.0598746462645507,0.895,0.0,0.4425,193.6326741043304
3454948477,boundary_aware,strong,0.02,0.026480065838476,0.0628302765529554,0.89,0.0,0.435,191.53646577950605
3454948477,boundary_aware,strong,0.022,0.0283703528767209,0.07051921226684,0.865,0.0,0.455,190.5140829779982
3454948477,boundary_aware,strong,0.026,0.0355698202759255,0.0845537239214872,0.775,0.005,0.46,195.35199000495908
3454948477,boundary_aware,strong,0.03,0.03925747730849,0.091237942521697,0.735,0.005,0.5125,194.4267965095937
3454948477,boundary_aware,strong,0.036,0.0466134501664052,0.1070368854450643,0.6475,0.0,0.505,203.2774502265578
3454948477,robust_control_aware,moderate,0.01,0.0146633781296235,0.0298602903646063,0.9925,0.0,0.47,188.67284353229917
3454948477,robust_control_aware,moderate,0.014,0.0166179403893832,0.0337532578651234,0.985,0.0,0.525,191.3111247173497
3454948477,robust_control_aware,moderate,0.018,0.0188463478629368,0.037271341179746,0.985,0.0,0.575,192.68561124323725
3454948477,robust_control_aware,moderate,0.02,0.0179988663146978,0.0352814233068629,0.9875,0.0,0.585,191.9552370786336
3454948477,robust_control_aware,moderate,0.022,0.0184736666773181,0.0352205491066998,0.985,0.0,0.5825,191.6775119432573
3454948477,robust_control_aware,moderate,0.026,0.0206468513271298,0.0402479007040776,0.98,0.0,0.53,194.1972074975145
3454948477,robust_control_aware,moderate,0.03,0.0219366765622143,0.0447934140241854,0.9675,0.0,0.4675,195.19193798021888
3454948477,robust_control_aware,moderate,0.036,0.0264501844748786,0.06369329805242,0.925,0.0,0.4375,194.4731483820605
3454948477,robust_control_aware,strong,0.01,0.0144240588086015,0.0391843651443371,0.9875,0.0,0.4525,182.195365366359
3454948477,robust_control_aware,strong,0.014,0.0168402714706522,0.0385239683721272,0.98,0.0,0.5425,193.537134497271
3454948477,robust_control_aware,strong,0.018,0.019290221042229,0.0447841967371167,0.9575,0.0,0.5375,190.6025907109564
3454948477,robust_control_aware,strong,0.02,0.0208691570415937,0.0443522214421897,0.9625,0.0,0.545,193.1756730400111
3454948477,robust_control_aware,strong,0.022,0.020970908173652,0.047413405360137,0.955,0.0,0.53,194.2144476067582
3454948477,robust_control_aware,strong,0.026,0.0236458420781121,0.0522273944283346,0.9325,0.0,0.525,196.06504760013308
3454948477,robust_control_aware,strong,0.03,0.0254851552754516,0.0587011334437841,0.93,0.005,0.515,197.42008561861297
3454948477,robust_control_aware,strong,0.036,0.0339150812802615,0.0882732351989604,0.81,0.0025,0.4625,198.55700779802757
3619683170,boundary_aware,moderate,0.01,0.0126603577522509,0.0319074863048211,0.995,0.0,0.505,183.575808943098
3619683170,boundary_aware,moderate,0.014,0.0159341840330649,0.0376617673047353,0.9875,0.0,0.515,187.48648509788148
3619683170,boundary_aware,moderate,0.018,0.0187884640166421,0.0441353566625159,0.97,0.0,0.5475,194.02069434259155
3619683170,boundary_aware,moderate,0.02,0.0199408865915122,0.0454619200798933,0.9675,0.0,0.535,194.1959976113953
3619683170,boundary_aware,moderate,0.022,0.0225835865002521,0.0506815321176278,0.9475,0.0,0.5375,199.65114567692456
3619683170,boundary_aware,moderate,0.026,0.0259825010176244,0.0582404826324018,0.9025,0.0,0.5475,201.200333564649
3619683170,boundary_aware,moderate,0.03,0.0310127450505349,0.069567262894166,0.8375,0.0,0.56,203.7148027835246
3619683170,boundary_aware,moderate,0.036,0.0360771457668665,0.0818145890856457,0.7825,0.0,0.5675,205.24039826491864
3619683170,boundary_aware,strong,0.01,0.0157474986870559,0.0401798158860608,0.9725,0.0,0.4425,178.79890712872182
3619683170,boundary_aware,strong,0.014,0.0185660178705748,0.0463563069391498,0.9625,0.0,0.4525,184.17159076831612
3619683170,boundary_aware,strong,0.018,0.0229762229335093,0.0544103691729007,0.9275,0.0,0.4375,184.80213290490664
3619683170,boundary_aware,strong,0.02,0.0250155961993763,0.0618665291502852,0.91,0.0,0.4425,187.2807533175408
3619683170,boundary_aware,strong,0.022,0.0259417623884208,0.0600016459957259,0.875,0.0,0.5075,191.0162331395146
3619683170,boundary_aware,strong,0.026,0.031008224480444,0.0719343181773256,0.8,0.0,0.4925,192.4483650162
3619683170,boundary_aware,strong,0.03,0.0337140730765693,0.0778426660894395,0.7775,0.0,0.51,195.64512305066927
3619683170,boundary_aware,strong,0.036,0.0375871935491692,0.0834499513635879,0.74,0.0,0.5175,198.7355502055732
3619683170,robust_control_aware,moderate,0.01,0.0136087404288969,0.0281461240290027,0.99,0.0,0.5125,188.70395898206573
3619683170,robust_control_aware,moderate,0.014,0.0157387910091185,0.0333013855127692,0.99,0.0,0.5475,192.77198779501572
3619683170,robust_control_aware,moderate,0.018,0.0164944435964011,0.0331934417710006,0.995,0.0,0.605,193.55746797988527
3619683170,robust_control_aware,moderate,0.02,0.0183627002092519,0.0364767765678738,0.985,0.0,0.59,194.5078789657512
3619683170,robust_control_aware,moderate,0.022,0.0189590773019059,0.0357758353265906,0.985,0.0,0.585,194.6368652710568
3619683170,robust_control_aware,moderate,0.026,0.0202258135835919,0.0386040128265797,0.98,0.0,0.5825,194.6836525175277
3619683170,robust_control_aware,moderate,0.03,0.0228274615895049,0.0481468340950897,0.96,0.0,0.495,196.397403644588
3619683170,robust_control_aware,moderate,0.036,0.0272229233795552,0.0669512540599627,0.915,0.0,0.425,200.27849570503565
3619683170,robust_control_aware,strong,0.01,0.0150837020672615,0.0344237308694056,0.9875,0.0,0.4225,180.6356848828917
3619683170,robust_control_aware,strong,0.014,0.0175674516902299,0.0430885168496009,0.9675,0.0,0.4825,185.1945329075276
3619683170,robust_control_aware,strong,0.018,0.0221341371574905,0.0592596808159472,0.9375,0.0,0.51,188.30587328263508
3619683170,robust_control_aware,strong,0.02,0.0204766445317966,0.045670808170172,0.955,0.0,0.52,195.2324077805088
3619683170,robust_control_aware,strong,0.022,0.0225435152657528,0.0564037550662192,0.94,0.0,0.5275,199.29686373156187
3619683170,robust_control_aware,strong,0.026,0.0245617848649869,0.0669886818965116,0.9175,0.0,0.5275,198.18282853477467
3619683170,robust_control_aware,strong,0.03,0.0272055159656594,0.0733476394487894,0.895,0.0,0.51,198.81936759196677
3619683170,robust_control_aware,strong,0.036,0.035976257258593,0.0967141932615503,0.7825,0.0,0.48,201.74702450248407
3541583164,boundary_aware,moderate,0.01,0.011074610003627,0.0280436906693529,0.9925,0.0,0.5025,186.28972414608265
3541583164,boundary_aware,moderate,0.014,0.0141783696767024,0.0328145450816344,0.99,0.0,0.4775,191.31665966008643
3541583164,boundary_aware,moderate,0.018,0.0173386441940811,0.0423365775745447,0.985,0.0,0.535,191.4273611292707
3541583164,boundary_aware,moderate,0.02,0.0189421832392217,0.0442740627470326,0.97,0.0,0.545,194.9984004926661
3541583164,boundary_aware,moderate,0.022,0.0203784810439073,0.0491588698083847,0.9525,0.0,0.5225,194.94915161981424
3541583164,boundary_aware,moderate,0.026,0.0242310601832858,0.054471910767368,0.9325,0.0,0.5725,197.57467093097785
3541583164,boundary_aware,moderate,0.03,0.0261341836014121,0.0629823794900042,0.9025,0.0,0.565,200.72231865465392
3541583164,boundary_aware,moderate,0.036,0.0325353261653486,0.0753392253941096,0.8325,0.0,0.5375,202.5055301065516
3541583164,boundary_aware,strong,0.01,0.0127126759507847,0.0330617163499413,0.99,0.0,0.45,188.73082922157008
3541583164,boundary_aware,strong,0.014,0.0154214658944113,0.0392538435810313,0.975,0.0,0.4675,187.17416580653344
3541583164,boundary_aware,strong,0.018,0.0171020761200902,0.0424593176428711,0.9775,0.0,0.48,188.19784503572103
3541583164,boundary_aware,strong,0.02,0.0200977639318737,0.0522949303133675,0.9325,0.0,0.465,191.27882438585888
3541583164,boundary_aware,strong,0.022,0.0202403717935656,0.0460368993099368,0.9675,0.0,0.515,191.1314468876659
3541583164,boundary_aware,strong,0.026,0.0220057420539608,0.0522456255069595,0.94,0.0,0.4475,193.2984217859745
3541583164,boundary_aware,strong,0.03,0.0240149954333504,0.0558634609293976,0.9275,0.0,0.51,194.70464628552284
3541583164,boundary_aware,strong,0.036,0.0297931245206647,0.067349521548843,0.83,0.0,0.4775,198.36549552643288
3541583164,robust_control_aware,moderate,0.01,0.0140455431791597,0.0269535099707127,0.995,0.0,0.4375,187.7823568272985
3541583164,robust_control_aware,moderate,0.014,0.0149006719947502,0.0293685139134627,0.9925,0.0,0.53,188.94680552876108
3541583164,robust_control_aware,moderate,0.018,0.0158640030428065,0.0315687649317959,0.9925,0.0,0.5825,188.93592354009328
3541583164,robust_control_aware,moderate,0.02,0.0165535229309537,0.0317447410618596,0.985,0.0,0.6375,192.78830176575408
3541583164,robust_control_aware,moderate,0.022,0.0170739069848042,0.032031263188877,0.99,0.0,0.585,191.30836463719285
3541583164,robust_control_aware,moderate,0.026,0.0192886950438708,0.0353122254682203,0.9725,0.0,0.505,189.6519354406456
3541583164,robust_control_aware,moderate,0.03,0.0203760016038594,0.0381015750234834,0.975,0.0,0.485,192.42121144997336
3541583164,robust_control_aware,moderate,0.036,0.022855453679155,0.0467672245241072,0.9575,0.0,0.3525,193.77749489459853
3541583164,robust_control_aware,strong,0.01,0.0128319176118835,0.0284155394733839,0.9925,0.0,0.47,184.66902276759345
3541583164,robust_control_aware,strong,0.014,0.0126003469588272,0.0282634468803764,0.9975,0.0,0.5125,186.2088791024468
3541583164,robust_control_aware,strong,0.018,0.0148668769577936,0.0315819378218239,0.99,0.0,0.575,193.07720466257385
3541583164,robust_control_aware,strong,0.02,0.0156308446433493,0.0330004567992762,0.9875,0.0,0.5025,191.30927598811743
3541583164,robust_control_aware,strong,0.022,0.0151785243908019,0.0332842412976651,0.99,0.0,0.4925,191.46185097677528
3541583164,robust_control_aware,strong,0.026,0.0170164300310116,0.0353520961555164,0.985,0.0,0.45,192.69486903932187
3541583164,robust_control_aware,strong,0.03,0.0183459754844235,0.0385994887249628,0.985,0.0,0.4225,189.94451163912555
3541583164,robust_control_aware,strong,0.036,0.019741347733944,0.0396947283328777,0.985,0.0,0.3075,195.45124581322736
3739170353,boundary_aware,moderate,0.01,0.0141697047531007,0.0365913674678553,0.9825,0.0,0.4475,179.02716569949266
3739170353,boundary_aware,moderate,0.014,0.0179744544040884,0.0430221651034129,0.96,0.0,0.485,182.1458019138267
3739170353,boundary_aware,moderate,0.018,0.0219854519967023,0.0515455945620871,0.9425,0.0,0.5175,188.2361709751718
3739170353,boundary_aware,moderate,0.02,0.0221200933655395,0.0514899999211008,0.9425,0.0,0.5275,187.72088144522596
3739170353,boundary_aware,moderate,0.022,0.0240065006459505,0.0583875195261779,0.93,0.0,0.53,188.7080991921841
3739170353,boundary_aware,moderate,0.026,0.0276607641368751,0.0659845822725425,0.895,0.0,0.575,190.82614413600191
3739170353,boundary_aware,moderate,0.03,0.0342154653236957,0.0776941413924754,0.8225,0.0,0.5425,194.4920847541512
3739170353,boundary_aware,moderate,0.036,0.0401329249076394,0.0910226230641528,0.71,0.0,0.515,196.29659210378247
3739170353,boundary_aware,strong,0.01,0.017474975247277,0.0493909021126294,0.95,0.0,0.44,180.8327785712878
3739170353,boundary_aware,strong,0.014,0.0212516622108511,0.0590106819428771,0.935,0.0,0.4275,186.6340201292632
3739170353,boundary_aware,strong,0.018,0.0248083305833985,0.0633872892117057,0.905,0.0,0.45,186.8820199854164
3739170353,boundary_aware,strong,0.02,0.026415745561003,0.0659220858445522,0.8825,0.0,0.465,187.62585707352255
3739170353,boundary_aware,strong,0.022,0.0269870832745694,0.0682872096261429,0.9,0.0,0.4975,188.5481639022425
3739170353,boundary_aware,strong,0.026,0.0308247001550889,0.0734904556864166,0.84,0.0,0.4875,187.7037766412099
3739170353,boundary_aware,strong,0.03,0.0365937157196385,0.0896280839307984,0.7475,0.0,0.5075,192.48173003916696
3739170353,boundary_aware,strong,0.036,0.0429737288040102,0.0962479514688423,0.6775,0.0,0.485,194.1303312862428
3739170353,robust_control_aware,moderate,0.01,0.0162186811609574,0.0326195629146587,0.9725,0.0,0.4575,180.31691460827523
3739170353,robust_control_aware,moderate,0.014,0.0175029608348256,0.0343497371782882,0.975,0.0,0.53,184.8942029662857
3739170353,robust_control_aware,moderate,0.018,0.019239752444225,0.0392743973312571,0.97,0.0,0.605,182.50898639407947
3739170353,robust_control_aware,moderate,0.02,0.0199393104003836,0.0413373905565995,0.96,0.0,0.6175,182.89522275603775
3739170353,robust_control_aware,moderate,0.022,0.0201311228973927,0.0393406541033537,0.97,0.0,0.5725,185.6020717464587
3739170353,robust_control_aware,moderate,0.026,0.0226954217834096,0.0474528001180703,0.9525,0.0,0.565,183.72459075418573
3739170353,robust_control_aware,moderate,0.03,0.0240592811421026,0.051862037387357,0.9475,0.0,0.49,189.5755434957192
3739170353,robust_control_aware,moderate,0.036,0.0298156445428752,0.0810716553672432,0.895,0.0025,0.4075,191.47630504590967
3739170353,robust_control_aware,strong,0.01,0.0150781331023448,0.039725775886045,0.9775,0.0,0.4875,179.3469081844161
3739170353,robust_control_aware,strong,0.014,0.0166843341405434,0.0358753262112024,0.97,0.0,0.4875,183.12940990826115
3739170353,robust_control_aware,strong,0.018,0.0190058208708343,0.0397278991640794,0.97,0.0,0.605,184.6602195300825
3739170353,robust_control_aware,strong,0.02,0.018837194820629,0.0437179569811089,0.97,0.0,0.57,182.9472542802764
3739170353,robust_control_aware,strong,0.022,0.0206168009941825,0.0484160877395803,0.95,0.0,0.5475,183.26954118824293
3739170353,robust_control_aware,strong,0.026,0.0218967334097263,0.0464907392217929,0.955,0.0,0.5425,187.04100669383408
3739170353,robust_control_aware,strong,0.03,0.0250306749788897,0.0582728921099922,0.9275,0.0,0.47,190.7876123102444
3739170353,robust_control_aware,strong,0.036,0.0271025384066512,0.0693943418094803,0.9125,0.0,0.44,191.19322052411871
3091721699,boundary_aware,moderate,0.01,0.0160228005794798,0.0401084155790292,0.9825,0.0,0.445,188.26948553138357
3091721699,boundary_aware,moderate,0.014,0.018399886149084,0.0448285276039276,0.9625,0.0,0.49,188.27999334902893
3091721699,boundary_aware,moderate,0.018,0.0234278446661114,0.0546290194354509,0.9275,0.0,0.49,193.70788357641104
3091721699,boundary_aware,moderate,0.02,0.0245209181669396,0.0582325599775434,0.91,0.0,0.525,193.89285706666277
3091721699,boundary_aware,moderate,0.022,0.0268121425449903,0.0620852786722865,0.8725,0.0,0.5475,195.8592898326233
3091721699,boundary_aware,moderate,0.026,0.0339678391970258,0.0763783550861144,0.7925,0.0,0.525,199.32065243837096
3091721699,boundary_aware,moderate,0.03,0.0389154334003401,0.0899669105699154,0.7475,0.0025,0.5525,202.6476817542896
3091721699,boundary_aware,moderate,0.036,0.0457633724097432,0.0961723436822828,0.635,0.0,0.5375,205.2251162403605
3091721699,boundary_aware,strong,0.01,0.0228991777129787,0.0604442222794049,0.9175,0.0,0.4,185.3337735225171
3091721699,boundary_aware,strong,0.014,0.0292689861607691,0.0703824284378249,0.8575,0.0,0.41,191.50925570219655
3091721699,boundary_aware,strong,0.018,0.0328353325115344,0.0795956057349521,0.8,0.0,0.41,192.9832311100767
3091721699,boundary_aware,strong,0.02,0.0376513438126017,0.0899213631989915,0.735,0.0,0.43,197.2690183832256
3091721699,boundary_aware,strong,0.022,0.0388567282829839,0.0871283657766027,0.7275,0.0,0.4275,195.89515904816625
3091721699,boundary_aware,strong,0.026,0.0481416610647895,0.1105097420953224,0.6,0.0025,0.4375,197.84515727484705
3091721699,boundary_aware,strong,0.03,0.0581234054968757,0.1403162169696489,0.505,0.0075,0.4475,201.3136050487332
3091721699,boundary_aware,strong,0.036,0.0737267096080549,0.1581237499470436,0.3575,0.015,0.445,201.96090535963472
3091721699,robust_control_aware,moderate,0.01,0.0152799257459161,0.028902127988715,0.98,0.0,0.4675,184.9107137002244
3091721699,robust_control_aware,moderate,0.014,0.0176318752327666,0.0367340626446483,0.98,0.0,0.4675,186.35415233707204
3091721699,robust_control_aware,moderate,0.018,0.0185168383241657,0.0449155542913126,0.9675,0.0,0.6025,188.216669190195
3091721699,robust_control_aware,moderate,0.02,0.0197476099838949,0.0448460535870883,0.97,0.0,0.645,191.11873670774787
3091721699,robust_control_aware,moderate,0.022,0.0202140739170407,0.0415929029421807,0.9625,0.0,0.63,188.21334480709223
3091721699,robust_control_aware,moderate,0.026,0.0215242114455792,0.0447355077058805,0.9575,0.0,0.5575,191.0555775884895
3091721699,robust_control_aware,moderate,0.03,0.0246778813467685,0.0515175288281284,0.945,0.0,0.54,192.0911569637238
3091721699,robust_control_aware,moderate,0.036,0.0305644119390891,0.0812477273176544,0.87,0.0,0.475,197.69366608024268
3091721699,robust_control_aware,strong,0.01,0.015987022743958,0.038061616857714,0.9725,0.0,0.4725,189.0845448748303
3091721699,robust_control_aware,strong,0.014,0.0200657420100302,0.0496613486217844,0.95,0.0,0.5375,191.0328786726945
3091721699,robust_control_aware,strong,0.018,0.0227996591900974,0.0552186108731776,0.9275,0.0,0.525,191.95853572551525
3091721699,robust_control_aware,strong,0.02,0.0258941939541223,0.0775163606263209,0.89,0.0,0.535,190.21293568444383
3091721699,robust_control_aware,strong,0.022,0.0242497465152701,0.0640796433057101,0.9175,0.0,0.545,191.02619214341547
3091721699,robust_control_aware,strong,0.026,0.0317645638455401,0.0868510033042294,0.8275,0.0,0.5375,195.72773754214612
3091721699,robust_control_aware,strong,0.03,0.0345007427933857,0.0919967889015709,0.8225,0.0,0.515,195.55442020359828
3091721699,robust_control_aware,strong,0.036,0.0512459241324257,0.1322860466332532,0.61,0.0025,0.465,198.09956108940983
3100616982,boundary_aware,moderate,0.01,0.0127224213859845,0.0323052840491024,0.9925,0.0,0.4525,189.57451878352
3100616982,boundary_aware,moderate,0.014,0.0155025973848349,0.0385528553240224,0.9875,0.0,0.4825,195.81437073362085
3100616982,boundary_aware,moderate,0.018,0.0196771921889929,0.0447877582996205,0.9625,0.0,0.5,200.3117518609622
3100616982,boundary_aware,moderate,0.02,0.0207385441230636,0.0472679779567958,0.9625,0.0,0.5025,200.37100954023896
3100616982,boundary_aware,moderate,0.022,0.0231793529849853,0.0527357962834087,0.94,0.0,0.53,203.24158753572164
3100616982,boundary_aware,moderate,0.026,0.0287204895037613,0.0657650215607515,0.8775,0.0,0.5125,204.94714766728777
3100616982,boundary_aware,moderate,0.03,0.034329163984131,0.0797612703240623,0.805,0.0,0.5075,206.17827150687648
3100616982,boundary_aware,moderate,0.036,0.0404029129172102,0.0897451632473865,0.6975,0.0,0.53,211.52167285548157
3100616982,boundary_aware,strong,0.01,0.0228469161140795,0.0578043114671867,0.92,0.0,0.4225,188.7385898588447
3100616982,boundary_aware,strong,0.014,0.0281017711118645,0.0694032988924775,0.8725,0.0,0.42,190.66838914595604
3100616982,boundary_aware,strong,0.018,0.0308867520127657,0.0776361801477175,0.82,0.0,0.445,196.01124304793527
3100616982,boundary_aware,strong,0.02,0.0315968047361457,0.0738037853703454,0.8275,0.0,0.4575,196.8463142063825
3100616982,boundary_aware,strong,0.022,0.0356321863458511,0.0832562272015746,0.7675,0.0,0.435,199.9906973087585
3100616982,boundary_aware,strong,0.026,0.0404788835517926,0.0925688442174884,0.71,0.0,0.445,202.02986330078815
3100616982,boundary_aware,strong,0.03,0.0453698905500723,0.0987589740684516,0.645,0.0,0.4975,204.04313691742573
3100616982,boundary_aware,strong,0.036,0.0526121034230748,0.1192135182288279,0.57,0.0,0.465,208.20678694758232
3100616982,robust_control_aware,moderate,0.01,0.0134911791926691,0.0287727299595353,0.9975,0.0,0.4625,193.90613933905888
3100616982,robust_control_aware,moderate,0.014,0.0158342814669978,0.0330147134831591,0.995,0.0,0.485,193.57941132751887
3100616982,robust_control_aware,moderate,0.018,0.0174837597228217,0.034626827897461,0.9925,0.0,0.575,198.8319563818393
3100616982,robust_control_aware,moderate,0.02,0.018180102781529,0.0340189284657733,0.9925,0.0,0.59,199.6843216175933
3100616982,robust_control_aware,moderate,0.022,0.0178503377600974,0.0342801825996272,0.995,0.0,0.6025,197.71976802755796
3100616982,robust_control_aware,moderate,0.026,0.0201028509737164,0.0377755400076691,0.9875,0.0,0.5825,197.9170841742158
3100616982,robust_control_aware,moderate,0.03,0.0227246008902046,0.0439816110328459,0.97,0.0,0.5075,201.98632380716836
3100616982,robust_control_aware,moderate,0.036,0.0270386246090348,0.062425339022756,0.92,0.0,0.4725,201.7309994352874
3100616982,robust_control_aware,strong,0.01,0.0170243556143705,0.0485169875127963,0.9525,0.0,0.435,189.14671378513404
3100616982,robust_control_aware,strong,0.014,0.0173197923694984,0.0432259024311365,0.9775,0.0,0.4825,196.43932387019132
3100616982,robust_control_aware,strong,0.018,0.0218592825861969,0.0606410178671024,0.935,0.0,0.53,195.3981881056226
3100616982,robust_control_aware,strong,0.02,0.0217270962975603,0.0487787879982832,0.965,0.0,0.515,200.84143071773477
3100616982,robust_control_aware,strong,0.022,0.0270962952371632,0.0790010343845055,0.88,0.0,0.515,200.9814838227123
3100616982,robust_control_aware,strong,0.026,0.0344434049987401,0.116189770495325,0.8325,0.005,0.5225,203.3416384386826
3100616982,robust_control_aware,strong,0.03,0.0322155916076593,0.0864791294732242,0.86,0.0075,0.4875,204.55682829648143
3100616982,robust_control_aware,strong,0.036,0.044732761213848,0.12891357913989,0.7025,0.005,0.53,207.7394732198464
3523391129,boundary_aware,moderate,0.01,0.0141874832778004,0.0346248454922307,0.9825,0.0,0.445,185.0055587560408
3523391129,boundary_aware,moderate,0.014,0.0167430580241812,0.0395423037757454,0.9775,0.0,0.475,190.74147234326924
3523391129,boundary_aware,moderate,0.018,0.0201264979726565,0.0462213133209902,0.9625,0.0,0.525,192.7658248365764
3523391129,boundary_aware,moderate,0.02,0.021725946585082,0.0466805788416348,0.965,0.0,0.5275,193.33364040932284
3523391129,boundary_aware,moderate,0.022,0.0236759765128702,0.0521490277061936,0.9325,0.0,0.5325,193.80503454791184
3523391129,boundary_aware,moderate,0.026,0.0281005724540971,0.0639736523990799,0.875,0.0,0.55,199.96414738025172
3523391129,boundary_aware,moderate,0.03,0.0316821592812764,0.0671699079249717,0.82,0.0,0.53,201.77258171661603
3523391129,boundary_aware,moderate,0.036,0.0409262260219548,0.0923173905774752,0.7,0.0,0.5375,202.3518587293269
3523391129,boundary_aware,strong,0.01,0.0182889922792906,0.0469767767292605,0.9575,0.0,0.4275,180.6279318229281
3523391129,boundary_aware,strong,0.014,0.0237750171430876,0.0629648024451071,0.9025,0.0,0.4775,183.20828560219744
3523391129,boundary_aware,strong,0.018,0.0273697254036794,0.0651667536928521,0.86,0.0,0.4475,186.12850563768947
3523391129,boundary_aware,strong,0.02,0.0276927407633063,0.0664266374310857,0.8925,0.0,0.4725,190.66457712005428
3523391129,boundary_aware,strong,0.022,0.0295487470902573,0.0662648625066806,0.85,0.0,0.485,192.23074026439548
3523391129,boundary_aware,strong,0.026,0.0325020294833451,0.0714845818175632,0.795,0.0,0.495,196.48582908691992
3523391129,boundary_aware,strong,0.03,0.0373995235344779,0.0834708530066734,0.74,0.0,0.4875,193.6778112477034
3523391129,boundary_aware,strong,0.036,0.0436085640961877,0.1036252988599973,0.67,0.0,0.52,199.47857174236952
3523391129,robust_control_aware,moderate,0.01,0.0150220070247077,0.0313414071209054,0.99,0.0,0.46,187.40584574990763
3523391129,robust_control_aware,moderate,0.014,0.0167471808729967,0.0354280519364424,0.9825,0.0,0.5275,188.308789870936
3523391129,robust_control_aware,moderate,0.018,0.0189789230561592,0.0363780680830025,0.985,0.0,0.57,190.9106546504339
3523391129,robust_control_aware,moderate,0.02,0.0199945157743098,0.0385321701792214,0.985,0.0,0.6125,192.45845435495843
3523391129,robust_control_aware,moderate,0.022,0.0211017528208454,0.0426657930780089,0.965,0.0,0.615,195.05072972456105
3523391129,robust_control_aware,moderate,0.026,0.0232123974910175,0.0474417688438058,0.9525,0.0,0.575,194.90291344961767
3523391129,robust_control_aware,moderate,0.03,0.0247306087511606,0.0511607345648033,0.9425,0.0,0.5175,196.54634542936216
3523391129,robust_control_aware,moderate,0.036,0.0318875700149463,0.0876267106462535,0.85,0.0,0.46,197.4241645677528
3523391129,robust_control_aware,strong,0.01,0.0183589449602853,0.0454219241590444,0.9525,0.0,0.42,189.60316809190996
3523391129,robust_control_aware,strong,0.014,0.0263144606176532,0.0789215858463857,0.875,0.0,0.4625,186.54176736137717
3523391129,robust_control_aware,strong,0.018,0.0263369297126731,0.0782275856703228,0.87,0.0,0.5,188.4835127312724
3523391129,robust_control_aware,strong,0.02,0.0276309985056001,0.0760525498886082,0.88,0.0,0.535,192.24245365293388
3523391129,robust_control_aware,strong,0.022,0.0364422439388486,0.1035160424048028,0.7675,0.0,0.485,192.24872927074315
3523391129,robust_control_aware,strong,0.026,0.0426953349364586,0.1136245440390771,0.7125,0.0,0.4725,193.19148441925856
3523391129,robust_control_aware,strong,0.03,0.0423682489855918,0.1143297473699581,0.7025,0.0,0.505,196.78781224112407
3523391129,robust_control_aware,strong,0.036,0.0626609445704727,0.1507551766844721,0.5075,0.0075,0.4775,202.69729865866444
3741570212,boundary_aware,moderate,0.01,0.0156324737686808,0.0407328738488926,0.98,0.0,0.4825,185.2051119354132
3741570212,boundary_aware,moderate,0.014,0.0195297920485653,0.0482983880373286,0.9575,0.0,0.4825,186.84481618238695
3741570212,boundary_aware,moderate,0.018,0.0229942185029716,0.0525649562879662,0.9325,0.0,0.5225,194.9394601842916
3741570212,boundary_aware,moderate,0.02,0.0250122233607086,0.0563441450381964,0.9125,0.0,0.525,195.0212997812581
3741570212,boundary_aware,moderate,0.022,0.0282779179095395,0.0615640737094279,0.885,0.0,0.505,196.9348336819164
3741570212,boundary_aware,moderate,0.026,0.0310276129236617,0.0708410801721288,0.8225,0.0,0.5325,198.2921432775405
3741570212,boundary_aware,moderate,0.03,0.0353016847503292,0.0827617228623634,0.7675,0.0025,0.5525,200.6481275057282
3741570212,boundary_aware,moderate,0.036,0.0453630756722998,0.1004776437100184,0.6425,0.0,0.575,204.77831705799784
3741570212,boundary_aware,strong,0.01,0.025469016751942,0.0618806748155957,0.895,0.0,0.4025,178.71504182121106
3741570212,boundary_aware,strong,0.014,0.0294068915070875,0.0727318232458962,0.8475,0.0,0.4275,186.6321398791507
3741570212,boundary_aware,strong,0.018,0.0352361813238501,0.082040564967179,0.7725,0.0,0.4375,189.9377978887127
3741570212,boundary_aware,strong,0.02,0.0380309764300692,0.0927396198409247,0.745,0.0,0.4425,190.90277403190092
3741570212,boundary_aware,strong,0.022,0.0395392861469591,0.0907998415090326,0.7125,0.0,0.46,193.3941798487908
3741570212,boundary_aware,strong,0.026,0.046581394185379,0.1129423080226014,0.625,0.0,0.485,196.67827143857855
3741570212,boundary_aware,strong,0.03,0.0541068322433519,0.1222685019264559,0.5175,0.0025,0.4825,199.0564129394969
3741570212,boundary_aware,strong,0.036,0.0637698613986494,0.1431793846924405,0.4575,0.0075,0.4825,204.48460035670865
3741570212,robust_control_aware,moderate,0.01,0.015380037867667,0.0330813473597918,0.985,0.0,0.43,186.38890121553635
3741570212,robust_control_aware,moderate,0.014,0.0162095420417732,0.0339946342070981,0.9775,0.0,0.53,188.12770304781785
3741570212,robust_control_aware,moderate,0.018,0.0183149999806182,0.0369187762862107,0.9875,0.0,0.585,190.4229670121244
3741570212,robust_control_aware,moderate,0.02,0.0194480067239609,0.0386146821057209,0.98,0.0,0.605,191.4937948913889
3741570212,robust_control_aware,moderate,0.022,0.0199960610486268,0.039645081649309,0.9775,0.0,0.575,190.25927397527815
3741570212,robust_control_aware,moderate,0.026,0.0213833904250691,0.0436208192847945,0.96,0.0,0.5825,191.5240909495001
3741570212,robust_control_aware,moderate,0.03,0.0240662515482371,0.0506112806739231,0.9475,0.0,0.525,194.0201039836464
3741570212,robust_control_aware,moderate,0.036,0.0277744711251337,0.0680975275588285,0.9025,0.0,0.45,196.7230398419829
3741570212,robust_control_aware,strong,0.01,0.0162042069907046,0.0453488499943384,0.96,0.0,0.4525,179.4289838400722
3741570212,robust_control_aware,strong,0.014,0.0210913428933873,0.0587695024626089,0.935,0.0,0.4725,183.5208448444068
3741570212,robust_control_aware,strong,0.018,0.0261421239566665,0.0761574229429783,0.8725,0.0,0.495,186.7864890703498
3741570212,robust_control_aware,strong,0.02,0.0266784164159441,0.0787094568647027,0.8875,0.0,0.515,187.779763767691
3741570212,robust_control_aware,strong,0.022,0.0241626712423017,0.0584533617815394,0.9175,0.0,0.535,193.538445680775
3741570212,robust_control_aware,strong,0.026,0.02921699633866,0.0821754766318793,0.86,0.0,0.555,193.85506437225095
3741570212,robust_control_aware,strong,0.03,0.0321557005556999,0.0876651696698184,0.8325,0.0,0.555,197.9230590959482
3741570212,robust_control_aware,strong,0.036,0.0489230483473389,0.1258757255522965,0.65,0.0025,0.5225,194.63600946277967
3017030364,boundary_aware,moderate,0.01,0.013763529916898,0.0369006665169553,0.9925,0.0,0.4875,181.3444521682122
3017030364,boundary_aware,moderate,0.014,0.0178834878702352,0.0440639037421679,0.9725,0.0,0.5,186.70369443403752
3017030364,boundary_aware,moderate,0.018,0.0211438598175448,0.0507754427213437,0.9475,0.0,0.5375,193.5023523537472
3017030364,boundary_aware,moderate,0.02,0.0219500171995966,0.0532008413282317,0.9375,0.0,0.5575,193.6377671478204
3017030364,boundary_aware,moderate,0.022,0.0259360466713024,0.0616917241061303,0.895,0.0,0.5375,194.2231091499496
3017030364,boundary_aware,moderate,0.026,0.0285574355333604,0.0632510307381663,0.8675,0.0,0.55,196.083697113259
3017030364,boundary_aware,moderate,0.03,0.0323068034188145,0.0768725668224716,0.82,0.0,0.545,198.92196981682383
3017030364,boundary_aware,moderate,0.036,0.0394528548554019,0.0897426380842595,0.725,0.0,0.545,200.8693048135245
3017030364,boundary_aware,strong,0.01,0.0208343202614029,0.0594836640206891,0.9275,0.0,0.43,180.1190433880211
3017030364,boundary_aware,strong,0.014,0.0226051590802011,0.0593663173515962,0.915,0.0,0.425,184.8541045146445
3017030364,boundary_aware,strong,0.018,0.0247008538534995,0.0601739676156174,0.91,0.0,0.475,185.93315118767225
3017030364,boundary_aware,strong,0.02,0.0289999671951902,0.0712850178806458,0.8425,0.0,0.455,184.5120821973753
3017030364,boundary_aware,strong,0.022,0.0291539181591809,0.0700874460192053,0.8625,0.0,0.5,190.5075840624229
3017030364,boundary_aware,strong,0.026,0.0350966907071065,0.0773453791058993,0.765,0.0,0.505,191.79556783567605
3017030364,boundary_aware,strong,0.03,0.0368663596614887,0.0882400352828984,0.7575,0.0,0.51,193.65418767004144
3017030364,boundary_aware,strong,0.036,0.0470934982959934,0.1115556297395942,0.625,0.0,0.485,197.1472189600486
3017030364,robust_control_aware,moderate,0.01,0.0157880320048237,0.0330370294981231,0.9825,0.0,0.4525,187.8737676334512
3017030364,robust_control_aware,moderate,0.014,0.0173185194023881,0.0354990880911678,0.985,0.0,0.47,184.7242706270266
3017030364,robust_control_aware,moderate,0.018,0.0184840682964987,0.0368953975688087,0.9725,0.0,0.59,187.46938697136028
3017030364,robust_control_aware,moderate,0.02,0.0192334669584802,0.0417893750595333,0.975,0.0,0.6175,190.90184590440649
3017030364,robust_control_aware,moderate,0.022,0.0198377246742565,0.041741980612702,0.9725,0.0,0.63,189.3278087562377
3017030364,robust_control_aware,moderate,0.026,0.0238316833283146,0.0522774424491774,0.935,0.0,0.545,192.45357839640732
3017030364,robust_control_aware,moderate,0.03,0.0264009038720786,0.0596847074839176,0.9225,0.0025,0.5625,195.05123684648132
3017030364,robust_control_aware,moderate,0.036,0.0383465019451063,0.1225112232906563,0.815,0.015,0.46,193.03772783831337
3017030364,robust_control_aware,strong,0.01,0.0174747212077338,0.0450470117392579,0.965,0.0,0.44,186.1403241859373
3017030364,robust_control_aware,strong,0.014,0.0225823200834077,0.0601969686537346,0.9275,0.0,0.4725,184.56804375393645
3017030364,robust_control_aware,strong,0.018,0.0219313044745098,0.0531514544099214,0.9375,0.0,0.525,188.6991715621418
3017030364,robust_control_aware,strong,0.02,0.0249773479915235,0.0632437537531948,0.8975,0.0,0.535,190.61655655768948
3017030364,robust_control_aware,strong,0.022,0.0249073752845706,0.0592612354368743,0.9125,0.0,0.515,190.0806102492637
3017030364,robust_control_aware,strong,0.026,0.0336923776632828,0.1189027616904007,0.8425,0.0125,0.505,194.2741647274764
3017030364,robust_control_aware,strong,0.03,0.0418639425849196,0.1313003791341176,0.7775,0.02,0.5025,192.31281799485345
3017030364,robust_control_aware,strong,0.036,0.0480055871775322,0.1464123686436563,0.685,0.0125,0.495,196.38844807003545
3252684061,boundary_aware,moderate,0.01,0.0140799577030172,0.0349253665789728,0.985,0.0,0.4675,179.3146779015182
3252684061,boundary_aware,moderate,0.014,0.016495428419342,0.0387738435709798,0.9775,0.0,0.5,182.47263975645336
3252684061,boundary_aware,moderate,0.018,0.0198988305906755,0.046446249940978,0.9625,0.0,0.5225,186.36607156743108
3252684061,boundary_aware,moderate,0.02,0.0217397545341793,0.0474956990932736,0.955,0.0,0.545,189.33964442803065
3252684061,boundary_aware,moderate,0.022,0.0233978071127694,0.0534772141980244,0.93,0.0,0.5225,188.72202723853175
3252684061,boundary_aware,moderate,0.026,0.0258482597995939,0.0610995287332249,0.9275,0.0,0.5675,192.0310618451857
3252684061,boundary_aware,moderate,0.03,0.0315538760868653,0.0720548891614262,0.8325,0.0,0.565,194.28623638663615
3252684061,boundary_aware,moderate,0.036,0.0380094983457946,0.0869496100748089,0.7475,0.0,0.5425,195.95704486874791
3252684061,boundary_aware,strong,0.01,0.0182390195447982,0.0427890737350552,0.97,0.0,0.42,175.41325620902228
3252684061,boundary_aware,strong,0.014,0.0228042472402612,0.0510760012304022,0.9425,0.0,0.43,178.62625340625888
3252684061,boundary_aware,strong,0.018,0.025596154224711,0.0638809690442848,0.9025,0.0,0.455,182.786565349708
3252684061,boundary_aware,strong,0.02,0.0256596001191674,0.0595070373316351,0.895,0.0,0.4575,185.02671584422717
3252684061,boundary_aware,strong,0.022,0.0282585478121945,0.0661185266176993,0.8825,0.0,0.485,184.9584177091802
3252684061,boundary_aware,strong,0.026,0.0326938197295616,0.0723336310025168,0.83,0.0,0.4575,189.26081969725985
3252684061,boundary_aware,strong,0.03,0.0366228662572059,0.0791561484170361,0.765,0.0,0.4875,193.2229720687859
3252684061,boundary_aware,strong,0.036,0.0434801158591476,0.099153702040011,0.655,0.0,0.4775,195.3927879861642
3252684061,robust_control_aware,moderate,0.01,0.0146245698422069,0.0291053614281805,0.9925,0.0,0.4575,182.88183567342577
3252684061,robust_control_aware,moderate,0.014,0.0155744195909366,0.0316004333997981,0.9925,0.0,0.535,184.92150014243043
3252684061,robust_control_aware,moderate,0.018,0.0182035956688776,0.0354680465643701,0.975,0.0,0.6075,186.75376071856908
3252684061,robust_control_aware,moderate,0.02,0.0199929725218907,0.0419990356472715,0.9625,0.0,0.6325,187.7049794417969
3252684061,robust_control_aware,moderate,0.022,0.0199365972248219,0.04287730110171,0.975,0.0,0.5875,187.8001689428445
3252684061,robust_control_aware,moderate,0.026,0.0222818058640936,0.0510749683156631,0.945,0.0,0.565,189.561217671024
3252684061,robust_control_aware,moderate,0.03,0.0245882429715599,0.0512035070991907,0.9425,0.0,0.44,191.00637759129845
3252684061,robust_control_aware,moderate,0.036,0.029047931850574,0.0705555791371852,0.9025,0.0,0.3975,193.3256887731428
3252684061,robust_control_aware,strong,0.01,0.0157139012905914,0.0371883473988705,0.975,0.0,0.48,178.13892849521056
3252684061,robust_control_aware,strong,0.014,0.0172374392439195,0.0376601816464836,0.99,0.0,0.5125,178.4126858157997
3252684061,robust_control_aware,strong,0.018,0.0207067466076923,0.0482632810278083,0.9575,0.0,0.545,185.2351744099676
3252684061,robust_control_aware,strong,0.02,0.0231859232032536,0.057443218904193,0.9275,0.0,0.555,190.3661857920229
3252684061,robust_control_aware,strong,0.022,0.0234131382332986,0.0574073870014475,0.92,0.0,0.5475,184.88002996265251
3252684061,robust_control_aware,strong,0.026,0.0259370733834605,0.0656908700859933,0.9025,0.0,0.5525,186.9654561092952
3252684061,robust_control_aware,strong,0.03,0.0334448731085519,0.0925883718454336,0.825,0.0,0.5175,192.72104503736605
3252684061,robust_control_aware,strong,0.036,0.0393822217978583,0.1093017039406095,0.7475,0.0,0.43,189.78447634373475
3019128100,boundary_aware,moderate,0.01,0.0146447782694664,0.0374964605337171,0.99,0.0,0.465,183.3758974658936
3019128100,boundary_aware,moderate,0.014,0.018091024919211,0.0407001848715965,0.98,0.0,0.525,187.60868182552105
3019128100,boundary_aware,moderate,0.018,0.0242152714529731,0.0576263639595249,0.915,0.0,0.5125,191.11955524447848
3019128100,boundary_aware,moderate,0.02,0.0249401865218546,0.0570756890594358,0.9175,0.0,0.5175,191.8528532950613
3019128100,boundary_aware,moderate,0.022,0.026539280571925,0.059851602647486,0.88,0.0,0.5175,194.5160638551648
3019128100,boundary_aware,moderate,0.026,0.0309875328079829,0.068353678513873,0.8375,0.0,0.565,196.89030294358707
3019128100,boundary_aware,moderate,0.03,0.0361710005651922,0.0776804446945651,0.78,0.0,0.54,198.4057536255778
3019128100,boundary_aware,moderate,0.036,0.0470659575265556,0.10490666307051,0.615,0.0,0.5675,203.5067447824138
3019128100,boundary_aware,strong,0.01,0.0229536355275401,0.0561663752683704,0.9175,0.0,0.4325,183.07382209821333
3019128100,boundary_aware,strong,0.014,0.0280840328581936,0.0732844639743919,0.85,0.0,0.4325,189.22538719086697
3019128100,boundary_aware,strong,0.018,0.0316784460966046,0.0732183472025386,0.79,0.0,0.465,191.3510221905657
3019128100,boundary_aware,strong,0.02,0.0354343207417856,0.0787973452917843,0.785,0.0,0.4225,192.93818640094892
3019128100,boundary_aware,strong,0.022,0.0366926606622112,0.0825859309751088,0.75,0.0,0.4425,193.61852852716228
3019128100,boundary_aware,strong,0.026,0.0454064023270603,0.1035433761094112,0.65,0.0025,0.4625,197.04787380998877
3019128100,boundary_aware,strong,0.03,0.0530529501565306,0.1247946856178401,0.56,0.005,0.4525,199.6352097907632
3019128100,boundary_aware,strong,0.036,0.0616845028167556,0.1342349387330844,0.4625,0.0025,0.495,201.90810350887784
3019128100,robust_control_aware,moderate,0.01,0.0148444508392502,0.0299368322543589,0.9875,0.0,0.4775,186.5545319770046
3019128100,robust_control_aware,moderate,0.014,0.0166177218388142,0.0341222783190378,0.98,0.0,0.5475,186.44686998717947
3019128100,robust_control_aware,moderate,0.018,0.018712976268506,0.0382907957960557,0.9775,0.0,0.6025,184.6638425186508
3019128100,robust_control_aware,moderate,0.02,0.0193547467750213,0.0393072624073981,0.975,0.0,0.6375,190.49348136632864
3019128100,robust_control_aware,moderate,0.022,0.0201816021476803,0.0386241070525975,0.975,0.0,0.61,190.95592969727775
3019128100,robust_control_aware,moderate,0.026,0.0212014937194243,0.0431444783104502,0.9725,0.0,0.605,188.88298872968045
3019128100,robust_control_aware,moderate,0.03,0.0245584005018551,0.0529463177314237,0.9375,0.0,0.545,195.65268788479224
3019128100,robust_control_aware,moderate,0.036,0.0350178293869803,0.1011764537338941,0.8175,0.0,0.5375,198.3959189096135
3019128100,robust_control_aware,strong,0.01,0.0174273447534619,0.0407538707826221,0.97,0.0,0.445,185.21833273928428
3019128100,robust_control_aware,strong,0.014,0.0206672561644246,0.0510336802718596,0.945,0.0,0.46,189.7686411396411
3019128100,robust_control_aware,strong,0.018,0.0274178191497852,0.0798142180733268,0.855,0.0,0.5225,192.97768820614436
3019128100,robust_control_aware,strong,0.02,0.0301370520679227,0.0793753126794358,0.84,0.0,0.52,187.54752239553125
3019128100,robust_control_aware,strong,0.022,0.0346330129364942,0.0958495876677578,0.7925,0.0,0.5225,192.1571543313133
3019128100,robust_control_aware,strong,0.026,0.0372403193088729,0.0996373324623422,0.7575,0.0,0.51,191.7013288589693
3019128100,robust_control_aware,strong,0.03,0.0461015404867692,0.1305686840290227,0.6675,0.005,0.51,195.29612556191552
3019128100,robust_control_aware,strong,0.036,0.0686757150390258,0.1684816305135386,0.45,0.025,0.4875,198.4300939790271
3303868279,boundary_aware,moderate,0.01,0.0123938927775077,0.032486803259258,0.9825,0.0,0.45,184.0847514594914
3303868279,boundary_aware,moderate,0.014,0.0153192691199768,0.0390747288118759,0.9825,0.0,0.4925,189.66164536504576
3303868279,boundary_aware,moderate,0.018,0.0202659287784683,0.0478010892056319,0.95,0.0,0.4875,193.50236880224097
3303868279,boundary_aware,moderate,0.02,0.0215740996976566,0.0483896189217397,0.96,0.0,0.525,196.1561148803885
3303868279,boundary_aware,moderate,0.022,0.0234463390159926,0.0537484148777114,0.9325,0.0,0.525,195.0252938330662
3303868279,boundary_aware,moderate,0.026,0.0280586859955666,0.0671105709704467,0.8875,0.0,0.5475,198.8404467312482
3303868279,boundary_aware,moderate,0.03,0.03170037774734,0.078311126419555,0.835,0.0,0.5575,202.5547445695422
3303868279,boundary_aware,moderate,0.036,0.0389947618967896,0.0869725430986081,0.73,0.0,0.59,201.5074209745512
3303868279,boundary_aware,strong,0.01,0.017912671345791,0.05178157217031,0.9475,0.0,0.4325,177.5025632394206
3303868279,boundary_aware,strong,0.014,0.0200645470092607,0.058176425382737,0.925,0.0,0.465,186.69472442940133
3303868279,boundary_aware,strong,0.018,0.0239558394645088,0.0595612961004689,0.9075,0.0,0.47,189.10304548687668
3303868279,boundary_aware,strong,0.02,0.0283894754479563,0.0675214792060623,0.8675,0.0,0.4775,191.059632287627
3303868279,boundary_aware,strong,0.022,0.0296105907950171,0.0702170684850267,0.8625,0.0,0.4475,193.007923879286
3303868279,boundary_aware,strong,0.026,0.0344079812866851,0.0816807816662203,0.765,0.0,0.47,195.0935094475616
3303868279,boundary_aware,strong,0.03,0.0409850326286594,0.0989836543320273,0.6975,0.0,0.485,199.5566340157364
3303868279,boundary_aware,strong,0.036,0.05173870239598,0.1276258160111952,0.5725,0.0025,0.5,200.61636678762724
3303868279,robust_control_aware,moderate,0.01,0.013798738799696,0.0289581929453972,0.995,0.0,0.51,190.5468937761065
3303868279,robust_control_aware,moderate,0.014,0.0164158043402651,0.033354087425015,0.9925,0.0,0.4825,190.95380144036983
3303868279,robust_control_aware,moderate,0.018,0.0180717982182463,0.0364065225490601,0.9825,0.0,0.5475,190.5974249486227
3303868279,robust_control_aware,moderate,0.02,0.0183408046668259,0.0355180232940175,0.9825,0.0,0.63,190.5557222111987
3303868279,robust_control_aware,moderate,0.022,0.0188653943735793,0.0364681594335519,0.9775,0.0,0.5825,192.097150489177
3303868279,robust_control_aware,moderate,0.026,0.0207899341146403,0.0403991637890187,0.9775,0.0,0.57,191.1285592279272
3303868279,robust_control_aware,moderate,0.03,0.0239529130843071,0.052706591394817,0.9425,0.0,0.5025,193.85635047548325
3303868279,robust_control_aware,moderate,0.036,0.0318988864699871,0.0862478463565464,0.875,0.005,0.4925,200.5498962245788
3303868279,robust_control_aware,strong,0.01,0.0167658357503898,0.0424010315389764,0.975,0.0,0.415,180.36823407698776
3303868279,robust_control_aware,strong,0.014,0.0189325759635058,0.0455908614902027,0.96,0.0,0.435,193.08813379874704
3303868279,robust_control_aware,strong,0.018,0.0210163131623743,0.052783193572907,0.9425,0.0,0.5125,192.52898577409567
3303868279,robust_control_aware,strong,0.02,0.0296620023438814,0.0942863009807066,0.865,0.0,0.51,193.54668459882697
3303868279,robust_control_aware,strong,0.022,0.0266778164658209,0.0682378121281768,0.895,0.005,0.5125,195.00403879961
3303868279,robust_control_aware,strong,0.026,0.0373014610935946,0.1157318294126709,0.8075,0.005,0.5325,197.36235969288455
3303868279,robust_control_aware,strong,0.03,0.0440226380780439,0.123906618660291,0.695,0.005,0.485,198.737162788254
3303868279,robust_control_aware,strong,0.036,0.051679370235589,0.1379034343614057,0.63,0.0075,0.515,200.08013993959503
3305908981,boundary_aware,moderate,0.01,0.0150134498598981,0.0377112074973044,0.9775,0.0,0.4625,177.1950266201648
3305908981,boundary_aware,moderate,0.014,0.0182257152278482,0.0450761674189501,0.9625,0.0,0.515,184.44043917378207
3305908981,boundary_aware,moderate,0.018,0.0229659198694046,0.0525357363368656,0.945,0.0,0.5275,188.50479692128164
3305908981,boundary_aware,moderate,0.02,0.0244243787720575,0.0549369744535445,0.9175,0.0,0.525,191.2919211604456
3305908981,boundary_aware,moderate,0.022,0.0260474415523515,0.0590683095476236,0.9075,0.0,0.5175,189.3281613571852
3305908981,boundary_aware,moderate,0.026,0.0302291129870964,0.0692258620870816,0.865,0.0,0.575,192.93318600451877
3305908981,boundary_aware,moderate,0.03,0.0343880810556892,0.0776143336700044,0.795,0.0,0.5575,196.68554140892803
3305908981,boundary_aware,moderate,0.036,0.0457673937984161,0.0964277523178179,0.6325,0.0,0.54,198.96981798447337
3305908981,boundary_aware,strong,0.01,0.0228841243130666,0.0557151169918097,0.93,0.0,0.41,179.23475708805347
3305908981,boundary_aware,strong,0.014,0.025031088773078,0.0573486520611052,0.9225,0.0,0.425,180.58878359002605
3305908981,boundary_aware,strong,0.018,0.0302007574259658,0.0699793225085232,0.86,0.0,0.41,186.1616984556186
3305908981,boundary_aware,strong,0.02,0.032953444506471,0.0806918747390516,0.815,0.0025,0.47,187.53177211537133
3305908981,boundary_aware,strong,0.022,0.0369963177667227,0.0834644279184402,0.7525,0.0,0.4275,190.0605812118849
3305908981,boundary_aware,strong,0.026,0.040803140923906,0.0910065085974826,0.7025,0.0025,0.4625,190.23385046319655
3305908981,boundary_aware,strong,0.03,0.0433514181279687,0.0996044072577038,0.68,0.0,0.48,190.81583915073105
3305908981,boundary_aware,strong,0.036,0.0532149277783081,0.1176994189302546,0.555,0.0,0.5,193.37454581348916
3305908981,robust_control_aware,moderate,0.01,0.0156890878192459,0.0330482539282839,0.9825,0.0,0.4075,182.51723913109055
3305908981,robust_control_aware,moderate,0.014,0.0171738925271224,0.0355866698922199,0.9825,0.0,0.5475,181.07476433091009
3305908981,robust_control_aware,moderate,0.018,0.0186638809882129,0.0385185221757052,0.9725,0.0,0.5875,185.31045168335083
3305908981,robust_control_aware,moderate,0.02,0.0204192704121458,0.0407100137490402,0.97,0.0,0.59,185.23227320629692
3305908981,robust_control_aware,moderate,0.022,0.0206361874485983,0.0409414992995261,0.9675,0.0,0.59,185.55850954407995
3305908981,robust_control_aware,moderate,0.026,0.0217729814733712,0.0440176984255541,0.9675,0.0,0.54,190.19736306257568
3305908981,robust_control_aware,moderate,0.03,0.0239460435795444,0.0493639887566823,0.955,0.0,0.5325,191.140680163303
3305908981,robust_control_aware,moderate,0.036,0.0272948743721226,0.0644042024806264,0.9075,0.0,0.425,191.68830654273404
3305908981,robust_control_aware,strong,0.01,0.0162395791201302,0.0383926063744875,0.9725,0.0,0.4325,183.65919605092176
3305908981,robust_control_aware,strong,0.014,0.0179530928770068,0.0434290175081426,0.965,0.0,0.52,186.08319757380556
3305908981,robust_control_aware,strong,0.018,0.0201694274234839,0.0446205695154168,0.955,0.0,0.56,186.3444728389504
3305908981,robust_control_aware,strong,0.02,0.0221608733956296,0.0579327802468875,0.93,0.0,0.5675,183.3172821676709
3305908981,robust_control_aware,strong,0.022,0.0229988920993468,0.058096010803372,0.935,0.0,0.53,188.433514609006
3305908981,robust_control_aware,strong,0.026,0.023469475845046,0.0565101682046473,0.9375,0.0,0.5525,186.6433081908449
3305908981,robust_control_aware,strong,0.03,0.0254100530363305,0.0572060079012174,0.91,0.0,0.5025,191.59196548858037
3305908981,robust_control_aware,strong,0.036,0.0374746782121159,0.1186399017289059,0.79,0.0,0.42,190.1436800285339
3554958271,boundary_aware,moderate,0.01,0.0143080225531788,0.0362738895546484,0.9875,0.0,0.46,178.8711748598646
3554958271,boundary_aware,moderate,0.014,0.0171351410441805,0.0429050669637876,0.97,0.0,0.485,181.22714927944872
3554958271,boundary_aware,moderate,0.018,0.0210070582744815,0.0491502001290507,0.9525,0.0,0.5075,186.91446045522505
3554958271,boundary_aware,moderate,0.02,0.0241463663694623,0.0554534906992148,0.915,0.0,0.4675,188.9026978787502
3554958271,boundary_aware,moderate,0.022,0.0254551906991525,0.0584097862335756,0.905,0.0,0.515,188.26703226741267
3554958271,boundary_aware,moderate,0.026,0.0314577992425184,0.0724660858965875,0.84,0.0,0.515,188.83813878031611
3554958271,boundary_aware,moderate,0.03,0.034786885761425,0.0796915710392144,0.78,0.0,0.4975,190.99198015704707
3554958271,boundary_aware,moderate,0.036,0.0468267024668058,0.1055630906354156,0.63,0.0,0.5175,199.90403850103849
3554958271,boundary_aware,strong,0.01,0.0227632782623814,0.0648200141781029,0.9275,0.0,0.4025,174.4615994390026
3554958271,boundary_aware,strong,0.014,0.0296396485980229,0.0721440141395278,0.8325,0.0,0.425,175.34645198008144
3554958271,boundary_aware,strong,0.018,0.0326729791161401,0.0770530044215877,0.775,0.0,0.4275,183.24348344139275
3554958271,boundary_aware,strong,0.02,0.0359798864190987,0.092383407485281,0.765,0.0025,0.445,179.92331495351192
3554958271,boundary_aware,strong,0.022,0.0372073955244674,0.0884497598624931,0.75,0.0,0.43,183.09522940450972
3554958271,boundary_aware,strong,0.026,0.0437584798047316,0.1058403570275029,0.68,0.005,0.45,188.06856000183376
3554958271,boundary_aware,strong,0.03,0.0556135498188885,0.131287119865164,0.5225,0.0075,0.435,191.20138822589547
3554958271,boundary_aware,strong,0.036,0.0612042519814017,0.1376993157790739,0.4725,0.005,0.455,189.46650173050145
3554958271,robust_control_aware,moderate,0.01,0.015405786271248,0.0324515431875747,0.9875,0.0,0.4675,182.2765137874748
3554958271,robust_control_aware,moderate,0.014,0.0166643865753367,0.0336912867814608,0.9875,0.0,0.53,183.994009487648
3554958271,robust_control_aware,moderate,0.018,0.0200026715707286,0.0450147122479737,0.955,0.0,0.58,185.19844079474356
3554958271,robust_control_aware,moderate,0.02,0.0196501927022189,0.039705132937359,0.97,0.0,0.5925,184.48259375323929
3554958271,robust_control_aware,moderate,0.022,0.0209190610442472,0.0418185034567393,0.9675,0.0,0.64,187.39222301448356
3554958271,robust_control_aware,moderate,0.026,0.0239526230318551,0.0546160975939984,0.935,0.0,0.5975,186.5754774242249
3554958271,robust_control_aware,moderate,0.03,0.0268088135955567,0.0730464780919097,0.905,0.0,0.5625,189.02964665571037
3554958271,robust_control_aware,moderate,0.036,0.035245616894572,0.0965796383986369,0.81,0.0,0.4725,188.69411070911465
3554958271,robust_control_aware,strong,0.01,0.0231469712702301,0.0795503030498622,0.905,0.0,0.41,177.61134385087058
3554958271,robust_control_aware,strong,0.014,0.0247152330212546,0.0805222367513471,0.8975,0.0,0.465,182.0525596743925
3554958271,robust_control_aware,strong,0.018,0.0302452514486346,0.0863069039617719,0.845,0.0,0.51,187.03987241086557
3554958271,robust_control_aware,strong,0.02,0.0311399976115831,0.0867400298618246,0.825,0.0,0.495,187.05785509819327
3554958271,robust_control_aware,strong,0.022,0.0387580210843674,0.1113121531575903,0.755,0.0025,0.49,184.88685040635988
3554958271,robust_control_aware,strong,0.026,0.0427626441725671,0.1225381232167321,0.7075,0.0075,0.5075,187.2566197746268
3554958271,robust_control_aware,strong,0.03,0.0571297458637364,0.1430957779026085,0.55,0.0075,0.475,186.42624119673823
3554958271,robust_control_aware,strong,0.036,0.0611879735143106,0.1423174450052356,0.485,0.0075,0.49,190.46643697783972
3223282721,boundary_aware,moderate,0.01,0.0130223274423748,0.033709159515233,0.9925,0.0,0.495,174.1606969368574
3223282721,boundary_aware,moderate,0.014,0.0166846473253932,0.0379281977363618,0.99,0.0,0.5025,180.2981455078933
3223282721,boundary_aware,moderate,0.018,0.0206429827257468,0.0474012773190423,0.96,0.0,0.4975,184.25382413548652
3223282721,boundary_aware,moderate,0.02,0.0234397797554959,0.0560042337383135,0.9225,0.0,0.5025,187.7393894929577
3223282721,boundary_aware,moderate,0.022,0.0237034059075342,0.0556457737176052,0.925,0.0,0.5825,186.1744383667911
3223282721,boundary_aware,moderate,0.026,0.0278053973425635,0.064232111130711,0.89,0.0,0.54,190.07804869512216
3223282721,boundary_aware,moderate,0.03,0.0324656737137567,0.0725848051099133,0.85,0.0025,0.5725,189.61506140130496
3223282721,boundary_aware,moderate,0.036,0.0413663952258347,0.0962956234776105,0.7025,0.0,0.56,197.02660117996
3223282721,boundary_aware,strong,0.01,0.0186689672560887,0.0478355407060459,0.9575,0.0,0.42,174.89743160775868
3223282721,boundary_aware,strong,0.014,0.0222384804763073,0.0605377052490855,0.935,0.0,0.425,176.90109930247803
3223282721,boundary_aware,strong,0.018,0.0265164129932289,0.06450035301797,0.8875,0.0,0.4275,175.63710820599206
3223282721,boundary_aware,strong,0.02,0.0284916220071794,0.0667965242320218,0.8625,0.0,0.435,183.27477597545504
3223282721,boundary_aware,strong,0.022,0.0278348579454791,0.0679303615627517,0.8725,0.0,0.46,180.02560037654885
3223282721,boundary_aware,strong,0.026,0.0323036958104978,0.0773567525925167,0.81,0.0,0.47,182.15253101520895
3223282721,boundary_aware,strong,0.03,0.0397384043353476,0.0888404619802085,0.71,0.0,0.4925,191.25319165419324
3223282721,boundary_aware,strong,0.036,0.0469136607615633,0.1094822596954141,0.635,0.0025,0.485,195.66521856667288
3223282721,robust_control_aware,moderate,0.01,0.0150133478137913,0.0310325497198118,0.9775,0.0,0.4875,178.0498267633239
3223282721,robust_control_aware,moderate,0.014,0.0160332425266322,0.0339129834591341,0.9825,0.0,0.5675,180.57539511192545
3223282721,robust_control_aware,moderate,0.018,0.0180129524643378,0.0388306785011895,0.97,0.0,0.615,180.84658950114735
3223282721,robust_control_aware,moderate,0.02,0.0200317365597892,0.0428780543137243,0.965,0.0,0.6225,184.06236439272504
3223282721,robust_control_aware,moderate,0.022,0.0199944251545349,0.0428835219598923,0.9625,0.0,0.61,181.8112393235585
3223282721,robust_control_aware,moderate,0.026,0.0215002115166167,0.0428653711808366,0.965,0.0,0.595,183.68326617681996
3223282721,robust_control_aware,moderate,0.03,0.0232545441004512,0.0511506791637297,0.9475,0.0,0.525,186.72539514159573
3223282721,robust_control_aware,moderate,0.036,0.0274126793248642,0.0684331560026997,0.9025,0.0,0.43,185.8184490224125
3223282721,robust_control_aware,strong,0.01,0.0154019724467914,0.0371953539641546,0.985,0.0,0.4425,173.25646558699685
3223282721,robust_control_aware,strong,0.014,0.0162113317596347,0.0386772053962957,0.985,0.0,0.5,172.01138004273568
3223282721,robust_control_aware,strong,0.018,0.0192780618476713,0.0495728973169452,0.9525,0.0,0.5225,176.7211690699509
3223282721,robust_control_aware,strong,0.02,0.0195024108278487,0.0429430006271385,0.9675,0.0,0.5375,180.27706607214725
3223282721,robust_control_aware,strong,0.022,0.0227599108004387,0.0527952001286092,0.935,0.0,0.575,183.5671872801828
3223282721,robust_control_aware,strong,0.026,0.0217884392975155,0.0495265138667096,0.95,0.0,0.475,183.00007376962168
3223282721,robust_control_aware,strong,0.03,0.0257090668950609,0.0616026952276995,0.915,0.0,0.51,183.6338315512723
3223282721,robust_control_aware,strong,0.036,0.0321570294584132,0.0814608813138115,0.8475,0.0,0.4525,190.440145253296
3829287145,boundary_aware,moderate,0.01,0.0133889351082505,0.0349658232106745,0.99,0.0,0.4525,179.82310307945784
3829287145,boundary_aware,moderate,0.014,0.0170381124478535,0.0412941046817468,0.975,0.0,0.505,185.5286694735512
3829287145,boundary_aware,moderate,0.018,0.0193774243830565,0.04703529190135,0.9675,0.0,0.5275,188.81746907857388
3829287145,boundary_aware,moderate,0.02,0.0211576380389014,0.0486147906773382,0.9525,0.0,0.545,189.94592726610077
3829287145,boundary_aware,moderate,0.022,0.0234497202446556,0.0529164234921156,0.9225,0.0,0.535,191.30831798635435
3829287145,boundary_aware,moderate,0.026,0.0278338451617039,0.0631874761586717,0.8775,0.0,0.535,192.92972169927856
3829287145,boundary_aware,moderate,0.03,0.0309052876934691,0.0751511959487541,0.8625,0.0,0.5675,195.3643170694349
3829287145,boundary_aware,moderate,0.036,0.0374097631758353,0.087439590548389,0.775,0.0,0.595,201.05443592488405
3829287145,boundary_aware,strong,0.01,0.0163928839420854,0.0423947034684112,0.975,0.0,0.4225,179.18918842827458
3829287145,boundary_aware,strong,0.014,0.0190024419173285,0.0458234983779466,0.9625,0.0,0.4375,184.57485550187613
3829287145,boundary_aware,strong,0.018,0.0221720833879121,0.0498816955585343,0.95,0.0,0.4875,185.48639225680745
3829287145,boundary_aware,strong,0.02,0.0239300236959231,0.057380979742379,0.9225,0.0,0.46,186.2248638100429
3829287145,boundary_aware,strong,0.022,0.0254956855126171,0.061365656819608,0.8975,0.0,0.4675,187.7717606012364
3829287145,boundary_aware,strong,0.026,0.0277291449431953,0.0639227922907384,0.87,0.0,0.4975,189.93059771024437
3829287145,boundary_aware,strong,0.03,0.0337779712744255,0.0802032530842791,0.815,0.0025,0.4925,194.1217860469048
3829287145,boundary_aware,strong,0.036,0.037040565504552,0.0877820657854343,0.7475,0.0,0.5175,193.8874958693562
3829287145,robust_control_aware,moderate,0.01,0.0145698700524031,0.0297879112280588,0.99,0.0,0.46,184.1268128819563
3829287145,robust_control_aware,moderate,0.014,0.0164884982327319,0.0347029209183853,0.985,0.0,0.535,187.86583314299335
3829287145,robust_control_aware,moderate,0.018,0.0179541873830948,0.03852580785014,0.9825,0.0,0.6025,188.66472769938736
3829287145,robust_control_aware,moderate,0.02,0.0190527764869291,0.0414463453314742,0.97,0.0,0.6,184.6064468514007
3829287145,robust_control_aware,moderate,0.022,0.019586852127353,0.042153014752624,0.97,0.0,0.6425,186.82523742082907
3829287145,robust_control_aware,moderate,0.026,0.0207393045201216,0.0407328728184119,0.9775,0.0,0.58,187.553250801071
3829287145,robust_control_aware,moderate,0.03,0.0223921153700941,0.0415031750893178,0.9625,0.0,0.4925,188.2680040523133
3829287145,robust_control_aware,moderate,0.036,0.0282598917436579,0.0731069014263789,0.915,0.0025,0.4325,193.2292719622783
3829287145,robust_control_aware,strong,0.01,0.0168011906190448,0.0418585637797879,0.965,0.0,0.46,181.1188034780466
3829287145,robust_control_aware,strong,0.014,0.017744184506612,0.0468473812310923,0.96,0.0,0.5,185.1166670646089
3829287145,robust_control_aware,strong,0.018,0.0213898148514715,0.0563175596300576,0.93,0.0,0.525,183.75467177852423
3829287145,robust_control_aware,strong,0.02,0.0207368948976107,0.0456095589185783,0.96,0.0,0.525,189.2158996501826
3829287145,robust_control_aware,strong,0.022,0.0226243188168592,0.0538120101388632,0.9425,0.0,0.515,188.39500348843725
3829287145,robust_control_aware,strong,0.026,0.0237039433465288,0.0544661519848822,0.9325,0.0,0.535,193.59968926862652
3829287145,robust_control_aware,strong,0.03,0.0276728492901013,0.0689213104476013,0.8825,0.0,0.55,194.11960513771595
3829287145,robust_control_aware,strong,0.036,0.0343516235587371,0.0889607903329549,0.8275,0.0025,0.5025,197.0885673818731
3165476145,boundary_aware,moderate,0.01,0.0126482831374269,0.029593958296835,0.99,0.0,0.4925,185.3364038680576
3165476145,boundary_aware,moderate,0.014,0.0158586613172337,0.0394437507924049,0.99,0.0,0.5,187.03824598123063
3165476145,boundary_aware,moderate,0.018,0.0185824268816666,0.0428359996790623,0.9725,0.0,0.525,189.49036397254747
3165476145,boundary_aware,moderate,0.02,0.0215214532139894,0.0491541619104506,0.95,0.0,0.5125,192.3513602701671
3165476145,boundary_aware,moderate,0.022,0.0224464683479914,0.0525121145817605,0.9375,0.0,0.56,195.28274251921235
3165476145,boundary_aware,moderate,0.026,0.026358962046855,0.06091320755498,0.9025,0.0,0.555,194.2006558120881
3165476145,boundary_aware,moderate,0.03,0.0310171837228266,0.0657570071151452,0.8475,0.0,0.55,197.15827841902544
3165476145,boundary_aware,moderate,0.036,0.0392496906066208,0.0881121398600292,0.7375,0.0,0.535,201.4543117539269
3165476145,boundary_aware,strong,0.01,0.0183533913956387,0.0502835377123118,0.9425,0.0,0.4325,181.7282642499084
3165476145,boundary_aware,strong,0.014,0.0222410156273254,0.0567150537547303,0.925,0.0,0.4275,184.6457280473641
3165476145,boundary_aware,strong,0.018,0.0246024898658306,0.0662047984262369,0.895,0.0,0.48,187.3463166670843
3165476145,boundary_aware,strong,0.02,0.0278113090351501,0.0717187828491385,0.875,0.0,0.46,191.14826142985868
3165476145,boundary_aware,strong,0.022,0.0287360884928525,0.0717176839238307,0.8525,0.0,0.4525,188.94141899114987
3165476145,boundary_aware,strong,0.026,0.034248020062211,0.0808282792549911,0.785,0.0,0.5,194.0089486045948
3165476145,boundary_aware,strong,0.03,0.0387154567613685,0.0872599925415369,0.72,0.0,0.4925,197.40052907996463
3165476145,boundary_aware,strong,0.036,0.046086234822275,0.1106276057758628,0.6475,0.0025,0.48,198.25075100216208
3165476145,robust_control_aware,moderate,0.01,0.0140547438618537,0.029988369457382,0.99,0.0,0.4675,189.1868037444782
3165476145,robust_control_aware,moderate,0.014,0.0156939668516555,0.0330881112041717,0.995,0.0,0.495,185.1941033022415
3165476145,robust_control_aware,moderate,0.018,0.017949710298257,0.036860238392339,0.9825,0.0,0.595,189.42895554639745
3165476145,robust_control_aware,moderate,0.02,0.0185016381733374,0.0358571972648153,0.9775,0.0,0.59,190.2675393926692
3165476145,robust_control_aware,moderate,0.022,0.018799987937088,0.0377938307778991,0.98,0.0,0.5925,190.42367133308568
3165476145,robust_control_aware,moderate,0.026,0.0214512526199693,0.0448390021402874,0.96,0.0,0.52,193.24791749635943
3165476145,robust_control_aware,moderate,0.03,0.0234755340730488,0.0492433891552585,0.9525,0.0,0.52,194.04187521269185
3165476145,robust_control_aware,moderate,0.036,0.0279846160865714,0.0666234857395178,0.9075,0.0,0.425,195.97704228166145
3165476145,robust_control_aware,strong,0.01,0.0150950158215981,0.035515362815634,0.975,0.0,0.4375,185.6860387197112
3165476145,robust_control_aware,strong,0.014,0.0176456363983108,0.0444106007977292,0.9725,0.0,0.5,185.17375816457024
3165476145,robust_control_aware,strong,0.018,0.0198296840872104,0.0503959960037138,0.945,0.0,0.56,189.5350894047576
3165476145,robust_control_aware,strong,0.02,0.0224838872207665,0.0577191568537776,0.9225,0.0,0.565,192.7693097930303
3165476145,robust_control_aware,strong,0.022,0.0218478138046451,0.0570983076593926,0.935,0.0,0.55,190.22540614564625
3165476145,robust_control_aware,strong,0.026,0.0254798758667345,0.0609133503577404,0.91,0.0,0.5275,196.76746252507385
3165476145,robust_control_aware,strong,0.03,0.0320392820779148,0.0893578779447695,0.86,0.01,0.525,197.94520073198856
3165476145,robust_control_aware,strong,0.036,0.0361148098217011,0.1083197637262902,0.79,0.0,0.48,194.6168818943946
3949373273,boundary_aware,moderate,0.01,0.0129714996288534,0.0323363914451442,0.99,0.0,0.49,191.10767238328916
3949373273,boundary_aware,moderate,0.014,0.0164105540665788,0.0406381458668097,0.9875,0.0,0.5,194.22506069239853
3949373273,boundary_aware,moderate,0.018,0.0212898598952088,0.049268513591984,0.9525,0.0,0.525,200.6130433056676
3949373273,boundary_aware,moderate,0.02,0.0224006419490219,0.0492201125292198,0.9525,0.0,0.52,199.9532142888476
3949373273,boundary_aware,moderate,0.022,0.0256891651816044,0.0580599433696574,0.9025,0.0,0.505,201.06554830697405
3949373273,boundary_aware,moderate,0.026,0.0288265391962798,0.0660155388426791,0.855,0.0,0.545,204.560726341846
3949373273,boundary_aware,moderate,0.03,0.0362134760767629,0.0808126368249502,0.7675,0.0,0.525,210.11042148739688
3949373273,boundary_aware,moderate,0.036,0.0435435333681913,0.0971433194289464,0.665,0.0,0.5575,210.83079061254745
3949373273,boundary_aware,strong,0.01,0.0229232041612635,0.0594355216201388,0.9175,0.0,0.4,192.35863717438409
3949373273,boundary_aware,strong,0.014,0.0285718545448634,0.0688097090893516,0.855,0.0,0.41,195.27587783241364
3949373273,boundary_aware,strong,0.018,0.0323658991291747,0.075405071045797,0.805,0.0,0.4325,197.11813752209667
3949373273,boundary_aware,strong,0.02,0.0368512272347763,0.0905780139955629,0.7675,0.0,0.4375,198.6037503092528
3949373273,boundary_aware,strong,0.022,0.0378909136182758,0.0886227650002832,0.735,0.0,0.45,199.57640501695764
3949373273,boundary_aware,strong,0.026,0.0436106916794368,0.0945052898056167,0.66,0.0,0.465,202.7842498684169
3949373273,boundary_aware,strong,0.03,0.0553080686086643,0.1263748434081315,0.545,0.0075,0.4725,205.85823237267124
3949373273,boundary_aware,strong,0.036,0.0685696230426936,0.1453907830927576,0.395,0.015,0.4575,207.127983839432
3949373273,robust_control_aware,moderate,0.01,0.0133305705840245,0.0280634914492941,0.9975,0.0,0.4825,195.5418701141683
3949373273,robust_control_aware,moderate,0.014,0.0158225551799728,0.0311861764978881,0.99,0.0,0.55,196.51308507123477
3949373273,robust_control_aware,moderate,0.018,0.0167733757382833,0.0353669926341521,0.9925,0.0,0.6275,196.6509737712012
3949373273,robust_control_aware,moderate,0.02,0.0186437053161123,0.03616949050793,0.985,0.0,0.6275,198.5574757277331
3949373273,robust_control_aware,moderate,0.022,0.0188269483394955,0.0364939594151362,0.985,0.0,0.6,198.4353994759928
3949373273,robust_control_aware,moderate,0.026,0.020441279159419,0.0392931630266654,0.9825,0.0,0.5775,199.5923423614348
3949373273,robust_control_aware,moderate,0.03,0.0231819191439558,0.0506442552597862,0.9475,0.0,0.545,199.65127827143425
3949373273,robust_control_aware,moderate,0.036,0.0313719813994245,0.0898861535536786,0.8675,0.005,0.465,200.93757779744976
3949373273,robust_control_aware,strong,0.01,0.0139763095720634,0.0347621147573449,0.9875,0.0,0.46,192.09864982325345
3949373273,robust_control_aware,strong,0.014,0.0171395795081377,0.0432034880538018,0.98,0.0,0.5,198.7771078445724
3949373273,robust_control_aware,strong,0.018,0.019844118682523,0.0509336654969334,0.9475,0.0,0.555,197.7574942908732
3949373273,robust_control_aware,strong,0.02,0.0309568508736922,0.0983439435727823,0.815,0.0,0.5575,198.55217546250248
3949373273,robust_control_aware,strong,0.022,0.0261896318183096,0.0737122039576652,0.8675,0.0,0.555,199.3605408901329
3949373273,robust_control_aware,strong,0.026,0.0310125391654502,0.0941666621881744,0.825,0.0,0.505,198.31943982070672
3949373273,robust_control_aware,strong,0.03,0.0376161987614742,0.1086035615513247,0.7475,0.0,0.5075,203.84855924449272
3949373273,robust_control_aware,strong,0.036,0.0560300702410797,0.1473874039930577,0.58,0.0075,0.455,198.8680795592331
3316506436,boundary_aware,moderate,0.01,0.013062896880962,0.0330527376880175,0.985,0.0,0.455,178.86175612721138
3316506436,boundary_aware,moderate,0.014,0.0151088035681919,0.0360553577279487,0.9825,0.0,0.53,183.1539878456542
3316506436,boundary_aware,moderate,0.018,0.0177003101220362,0.0406126573162494,0.9725,0.0,0.55,184.4749417857222
3316506436,boundary_aware,moderate,0.02,0.020667490050899,0.0461276402752213,0.9575,0.0,0.525,186.44544010650824
3316506436,boundary_aware,moderate,0.022,0.0219328808089768,0.0475622024340215,0.955,0.0,0.5425,188.0043560285494
3316506436,boundary_aware,moderate,0.026,0.0250635019574302,0.0555741233516001,0.925,0.0,0.5425,192.99578209101765
3316506436,boundary_aware,moderate,0.03,0.0310716763987361,0.0703844760412875,0.875,0.0025,0.5575,194.22377217410133
3316506436,boundary_aware,moderate,0.036,0.0371244972670645,0.081332285584689,0.765,0.0,0.57,197.8865624267817
3316506436,boundary_aware,strong,0.01,0.0156763657070327,0.0441711665057909,0.9625,0.0,0.4375,170.6672819592657
3316506436,boundary_aware,strong,0.014,0.0191294816656781,0.0455963215934891,0.96,0.0,0.435,176.9412731118854
3316506436,boundary_aware,strong,0.018,0.0212594907778977,0.0527644688471856,0.945,0.0,0.4725,183.1904082021396
3316506436,boundary_aware,strong,0.02,0.0236248722385512,0.0592895620265357,0.91,0.0,0.4675,182.9296698969703
3316506436,boundary_aware,strong,0.022,0.0259259189389703,0.0626625814851312,0.9175,0.0,0.4775,182.9496258006891
3316506436,boundary_aware,strong,0.026,0.0287385647094108,0.0699015432484176,0.865,0.0025,0.5125,187.6207906953704
3316506436,boundary_aware,strong,0.03,0.0322882683182267,0.0775503238656878,0.83,0.0,0.51,191.68832587740863
3316506436,boundary_aware,strong,0.036,0.0395291480366123,0.0921731850362573,0.7175,0.0025,0.49,193.8747820849699
3316506436,robust_control_aware,moderate,0.01,0.0140356046708064,0.0304114981094942,0.985,0.0,0.4725,180.4098838075174
3316506436,robust_control_aware,moderate,0.014,0.0156318351875446,0.0326798263054167,0.985,0.0,0.525,185.6598279790668
3316506436,robust_control_aware,moderate,0.018,0.0177789299055329,0.0341949624648043,0.9825,0.0,0.5775,184.4798113002011
3316506436,robust_control_aware,moderate,0.02,0.0189419847252052,0.0384933928454454,0.9775,0.0,0.6275,188.9918561495333
3316506436,robust_control_aware,moderate,0.022,0.0195165456627558,0.0380448552822841,0.9825,0.0,0.585,188.51806609439112
3316506436,robust_control_aware,moderate,0.026,0.0215325551776521,0.0422252206505702,0.9675,0.0,0.585,189.6546926534312
3316506436,robust_control_aware,moderate,0.03,0.024274556191076,0.0518809299439293,0.9375,0.0,0.54,190.3852830500262
3316506436,robust_control_aware,moderate,0.036,0.0282866151760836,0.0755320667747671,0.8925,0.0,0.46,192.8610149050744
3316506436,robust_control_aware,strong,0.01,0.0137010385495184,0.0351862997040028,0.9875,0.0,0.465,181.20309427561847
3316506436,robust_control_aware,strong,0.014,0.0171244104876804,0.0402897412673517,0.9725,0.0,0.4825,182.6262868193324
3316506436,robust_control_aware,strong,0.018,0.0202990161589155,0.0542451182259996,0.9475,0.0,0.5375,187.5421747332959
3316506436,robust_control_aware,strong,0.02,0.0193896555622112,0.0457092657832115,0.96,0.0,0.535,189.3286128827176
3316506436,robust_control_aware,strong,0.022,0.021005136035035,0.051353292090902,0.945,0.0,0.5125,188.44636618394884
3316506436,robust_control_aware,strong,0.026,0.0253673162816527,0.0702915700407453,0.9075,0.0,0.4875,189.09291224066104
3316506436,robust_control_aware,strong,0.03,0.0284605569874316,0.0805491407069446,0.8675,0.0,0.475,190.43570969510824
3316506436,robust_control_aware,strong,0.036,0.0398974065446902,0.1109205629439908,0.775,0.0125,0.5175,195.1402378673037
3798259255,boundary_aware,moderate,0.01,0.0156515355838202,0.0400408471763824,0.98,0.0,0.435,185.75668462107384
3798259255,boundary_aware,moderate,0.014,0.017770035684266,0.0427536368640562,0.975,0.0,0.4925,189.74776182646423
3798259255,boundary_aware,moderate,0.018,0.0219862884092651,0.0516341723250795,0.9375,0.0,0.5025,193.80057296281976
3798259255,boundary_aware,moderate,0.02,0.0251541906576924,0.0568346269618691,0.925,0.0,0.4975,194.79404699559583
3798259255,boundary_aware,moderate,0.022,0.0274481542672629,0.06339517090537,0.885,0.0,0.5375,198.4792771861877
3798259255,boundary_aware,moderate,0.026,0.0335679806178146,0.0761759528509969,0.815,0.0,0.51,200.53765947814432
3798259255,boundary_aware,moderate,0.03,0.0390055369304214,0.0898758661535456,0.735,0.0,0.5475,204.00344431031573
3798259255,boundary_aware,moderate,0.036,0.047673253538928,0.1066371177528607,0.63,0.0,0.5375,207.41706256338284
3798259255,boundary_aware,strong,0.01,0.0260967909094417,0.0616666109266138,0.8875,0.0,0.3925,190.84391779422512
3798259255,boundary_aware,strong,0.014,0.0306288767907674,0.0738166481150292,0.8275,0.0,0.4025,191.21521241192303
3798259255,boundary_aware,strong,0.018,0.0356489515573729,0.0819246505311899,0.77,0.0,0.3975,196.70816316581715
3798259255,boundary_aware,strong,0.02,0.0422168462475405,0.0920316001522548,0.6825,0.0025,0.425,198.30971864555443
3798259255,boundary_aware,strong,0.022,0.0431834287960374,0.0935323339894249,0.66,0.0025,0.4475,198.1917964660617
3798259255,boundary_aware,strong,0.026,0.0527496905387253,0.1169530332231179,0.5475,0.0025,0.4325,200.15074546883105
3798259255,boundary_aware,strong,0.03,0.0589180628355119,0.1347008391124693,0.4975,0.005,0.4725,204.09850753461149
3798259255,boundary_aware,strong,0.036,0.0724413059447699,0.160352928257638,0.3575,0.015,0.46,206.9300381952052
3798259255,robust_control_aware,moderate,0.01,0.0136010958010546,0.0310808926599143,0.99,0.0,0.5075,184.55439773528076
3798259255,robust_control_aware,moderate,0.014,0.0159270698821715,0.0318260497199348,0.985,0.0,0.5525,186.3372077046401
3798259255,robust_control_aware,moderate,0.018,0.0184608181016748,0.0350341801877048,0.9775,0.0,0.6225,188.7188461128244
3798259255,robust_control_aware,moderate,0.02,0.0187840763458661,0.0365477438033439,0.9825,0.0,0.625,193.1726413384489
3798259255,robust_control_aware,moderate,0.022,0.0194836641810056,0.0371026244439669,0.9875,0.0,0.5925,192.6084865224115
3798259255,robust_control_aware,moderate,0.026,0.0219291692888833,0.0438938437744588,0.9625,0.0,0.5575,194.74352896396323
3798259255,robust_control_aware,moderate,0.03,0.0266126616432236,0.0597340554829474,0.9175,0.0,0.5625,195.2736018133142
3798259255,robust_control_aware,moderate,0.036,0.0342771112606632,0.0975663632355891,0.8375,0.0025,0.5325,201.47820676618076
3798259255,robust_control_aware,strong,0.01,0.0193067868078541,0.0496105412866926,0.95,0.0,0.4325,185.1471670994712
3798259255,robust_control_aware,strong,0.014,0.0234901514436006,0.0683003049393684,0.905,0.0,0.47,190.06134025237876
3798259255,robust_control_aware,strong,0.018,0.0228094972559449,0.0555891068617679,0.9325,0.0,0.5475,195.4828225618175
3798259255,robust_control_aware,strong,0.02,0.0263725986284604,0.0706826167801768,0.8925,0.0,0.5225,194.5262126851816
3798259255,robust_control_aware,strong,0.022,0.0286114740172113,0.0786601852988071,0.865,0.0,0.5,198.68734957980504
3798259255,robust_control_aware,strong,0.026,0.0416692135611219,0.1130498517219261,0.705,0.0,0.5275,195.18835657538983
3798259255,robust_control_aware,strong,0.03,0.0535461896601629,0.1390342479370034,0.585,0.005,0.4875,199.63070649083332
3798259255,robust_control_aware,strong,0.036,0.0652918672038293,0.1529802114441395,0.48,0.015,0.4675,198.93750295995176
3829334357,boundary_aware,moderate,0.01,0.0139981261356835,0.0335958330147145,0.9875,0.0,0.465,183.35431508419708
3829334357,boundary_aware,moderate,0.014,0.0189666113726602,0.0445387437334065,0.965,0.0,0.4825,189.36204349924648
3829334357,boundary_aware,moderate,0.018,0.0218246556512861,0.0479712394819944,0.9525,0.0,0.4925,190.6562664414535
3829334357,boundary_aware,moderate,0.02,0.0249479080889483,0.0574096423337743,0.915,0.0,0.5075,192.9599838433545
3829334357,boundary_aware,moderate,0.022,0.025792689915902,0.0550953815554054,0.92,0.0,0.53,196.4512135369072
3829334357,boundary_aware,moderate,0.026,0.0299806774799065,0.0670620251778765,0.8625,0.0,0.5475,198.07803249390577
3829334357,boundary_aware,moderate,0.03,0.0364007530970902,0.0841310000577396,0.765,0.0,0.5325,198.252101548588
3829334357,boundary_aware,moderate,0.036,0.0450240424676989,0.0972410296949922,0.65,0.0,0.5625,202.76381217115377
3829334357,boundary_aware,strong,0.01,0.0222948589815394,0.0593498650713117,0.92,0.0,0.42,176.96600506050288
3829334357,boundary_aware,strong,0.014,0.0298125253725252,0.0769927510314153,0.8325,0.0,0.455,184.9738871467196
3829334357,boundary_aware,strong,0.018,0.0307799724284021,0.0758391620935927,0.8375,0.0,0.46,188.6935897179416
3829334357,boundary_aware,strong,0.02,0.037859916478276,0.0911362404681985,0.7475,0.0,0.45,190.2254523582692
3829334357,boundary_aware,strong,0.022,0.0398167511539107,0.0930975115872132,0.7275,0.0,0.4675,194.01726322473803
3829334357,boundary_aware,strong,0.026,0.0449087210109187,0.0947265307885176,0.6325,0.0,0.4625,193.56868399543112
3829334357,boundary_aware,strong,0.03,0.049523985194024,0.1139131723447149,0.58,0.0025,0.4975,197.4031362973094
3829334357,boundary_aware,strong,0.036,0.0601053539914689,0.1287700485707386,0.4875,0.01,0.4875,197.9017500638573
3829334357,robust_control_aware,moderate,0.01,0.0146830641619034,0.0309146998905571,0.985,0.0,0.465,184.36149701470893
3829334357,robust_control_aware,moderate,0.014,0.0163197590276729,0.0326999700964876,0.9825,0.0,0.5525,187.44590693338608
3829334357,robust_control_aware,moderate,0.018,0.0180327215516558,0.0358417072897533,0.975,0.0,0.6225,191.18613513071463
3829334357,robust_control_aware,moderate,0.02,0.0204511367954841,0.042668470005485,0.9725,0.0,0.595,191.2219711782944
3829334357,robust_control_aware,moderate,0.022,0.0200055790652989,0.0408721251135987,0.98,0.0,0.645,190.43135806626577
3829334357,robust_control_aware,moderate,0.026,0.0214224404082145,0.0413733656090034,0.97,0.0,0.5425,190.3331702503454
3829334357,robust_control_aware,moderate,0.03,0.0236602435473813,0.0456219392178619,0.965,0.0,0.485,194.10818729851763
3829334357,robust_control_aware,moderate,0.036,0.0309505444201354,0.0799109019636328,0.87,0.0,0.44,195.73410455301712
3829334357,robust_control_aware,strong,0.01,0.0191632161693796,0.0598961713747866,0.9225,0.0,0.4275,175.5291780353289
3829334357,robust_control_aware,strong,0.014,0.0210193894311271,0.051542490169466,0.9475,0.0,0.48,187.08782561871496
3829334357,robust_control_aware,strong,0.018,0.0246187774770973,0.073367326135485,0.905,0.0,0.4825,188.8038054731641
3829334357,robust_control_aware,strong,0.02,0.0289178027559329,0.0891420162681837,0.86,0.0,0.4925,192.83856676862231
3829334357,robust_control_aware,strong,0.022,0.031214312570637,0.0919375512576184,0.8425,0.0,0.505,190.15592407743935
3829334357,robust_control_aware,strong,0.026,0.0309822743031878,0.0786959383733024,0.83,0.0,0.545,194.94538832790963
3829334357,robust_control_aware,strong,0.03,0.038051938753855,0.1147942653252306,0.77,0.0,0.5175,195.54963850814835
3829334357,robust_control_aware,strong,0.036,0.0561950840481119,0.14429118940516,0.5675,0.01,0.53,198.24394127805124
3957974096,boundary_aware,moderate,0.01,0.0133346750612878,0.0320776743369105,0.9925,0.0,0.4725,184.6024827543771
3957974096,boundary_aware,moderate,0.014,0.0173280446322882,0.0429465346581927,0.9825,0.0,0.4725,186.31616540309915
3957974096,boundary_aware,moderate,0.018,0.0209310249164961,0.0502059295404953,0.9475,0.0,0.5175,191.43903764767876
3957974096,boundary_aware,moderate,0.02,0.0227043182684446,0.0499534888822488,0.9525,0.0,0.55,193.5384143504126
3957974096,boundary_aware,moderate,0.022,0.024985020948532,0.0553921739673569,0.92,0.0,0.5375,195.3594922694619
3957974096,boundary_aware,moderate,0.026,0.0284104292359793,0.064727362022246,0.885,0.0,0.5675,196.56119506019888
3957974096,boundary_aware,moderate,0.03,0.0341954005056365,0.0745521614949875,0.7925,0.0,0.5625,201.0185259304169
3957974096,boundary_aware,moderate,0.036,0.0420341534516126,0.0984583915089142,0.67,0.0,0.57,202.19375666256
3957974096,boundary_aware,strong,0.01,0.0227109356750786,0.0579121091288068,0.915,0.0,0.425,181.8175868120161
3957974096,boundary_aware,strong,0.014,0.0253100263202997,0.0610410177118816,0.8875,0.0,0.4425,185.01901380439517
3957974096,boundary_aware,strong,0.018,0.0320523222147149,0.0800269786481011,0.8225,0.0,0.46,191.9798330828724
3957974096,boundary_aware,strong,0.02,0.0337926421263929,0.0785106031202623,0.8,0.0,0.4475,190.18285971220408
3957974096,boundary_aware,strong,0.022,0.0379420331702185,0.0914163532783771,0.74,0.0025,0.44,195.39583678685597
3957974096,boundary_aware,strong,0.026,0.0416815606008894,0.0939309116807,0.69,0.0,0.5,195.19581639596072
3957974096,boundary_aware,strong,0.03,0.0453786215869219,0.1005830265192652,0.6575,0.0,0.5,194.16269013084903
3957974096,boundary_aware,strong,0.036,0.0600898207479771,0.1328746474881889,0.47,0.0125,0.47,201.38535089948724
3957974096,robust_control_aware,moderate,0.01,0.0142977992519337,0.0288643141391108,0.9925,0.0,0.5025,184.4375573244644
3957974096,robust_control_aware,moderate,0.014,0.0166767929222834,0.0343708624575721,0.9975,0.0,0.51,189.03392839845355
3957974096,robust_control_aware,moderate,0.018,0.0189031076310231,0.0375524844634892,0.9825,0.0,0.6,188.5704574889885
3957974096,robust_control_aware,moderate,0.02,0.0189969229691776,0.0371497359355273,0.9875,0.0,0.5825,187.9597074306648
3957974096,robust_control_aware,moderate,0.022,0.0198505543384782,0.0396816231489812,0.98,0.0,0.6225,193.115098091738
3957974096,robust_control_aware,moderate,0.026,0.0227315729846803,0.0446779351099712,0.9675,0.0,0.59,193.9942540575261
3957974096,robust_control_aware,moderate,0.03,0.024399318926485,0.0527013230896765,0.935,0.0,0.55,193.54195802136712
3957974096,robust_control_aware,moderate,0.036,0.0317925608748601,0.0929966653427683,0.8825,0.0,0.49,196.06475851786905
3957974096,robust_control_aware,strong,0.01,0.0207923584619873,0.0569883129307794,0.935,0.0,0.445,179.01311651282444
3957974096,robust_control_aware,strong,0.014,0.0231120396584474,0.0716976523228867,0.9225,0.0,0.4925,187.1938940513916
3957974096,robust_control_aware,strong,0.018,0.0262365656289965,0.0773998682272527,0.8875,0.0,0.51,190.1024040251804
3957974096,robust_control_aware,strong,0.02,0.0275967868152277,0.0786464634654625,0.875,0.0,0.53,191.1961835500979
3957974096,robust_control_aware,strong,0.022,0.0273699787636238,0.0706588566195196,0.8825,0.0,0.5725,194.35872005454016
3957974096,robust_control_aware,strong,0.026,0.0334501923264984,0.0996752133562011,0.8125,0.0,0.5425,196.67701152075196
3957974096,robust_control_aware,strong,0.03,0.0469740106048508,0.1404784534365629,0.69,0.01,0.5075,196.81312977584236
3957974096,robust_control_aware,strong,0.036,0.0584348050486214,0.1501275294358432,0.5775,0.0125,0.4975,201.02494339748924
3165536940,boundary_aware,moderate,0.01,0.0138078416965212,0.0332721116732165,0.9925,0.0,0.46,186.2375675049122
3165536940,boundary_aware,moderate,0.014,0.0173009283955694,0.0408527144472483,0.9775,0.0,0.485,190.8817219078061
3165536940,boundary_aware,moderate,0.018,0.0212754728283871,0.0480819539242782,0.955,0.0,0.505,193.04954941324223
3165536940,boundary_aware,moderate,0.02,0.0231444223352703,0.0516098306941164,0.9425,0.0,0.5175,196.0883970484456
3165536940,boundary_aware,moderate,0.022,0.0252827872581201,0.0585756290764625,0.905,0.0,0.505,197.41595212111685
3165536940,boundary_aware,moderate,0.026,0.0295750086209001,0.0676867721156309,0.88,0.0,0.535,202.588422647932
3165536940,boundary_aware,moderate,0.03,0.0344930831254511,0.0783744573734693,0.805,0.0,0.5375,204.56198571247825
3165536940,boundary_aware,moderate,0.036,0.0432971078715547,0.09697732074251,0.67,0.0,0.535,207.20874751382055
3165536940,boundary_aware,strong,0.01,0.021362319893896,0.0570295201878688,0.935,0.0,0.4325,186.3085395688444
3165536940,boundary_aware,strong,0.014,0.0251601790489788,0.0648986095572932,0.9075,0.0,0.4375,188.7497223821184
3165536940,boundary_aware,strong,0.018,0.0328708290247712,0.0760106598226157,0.7975,0.0,0.42,192.54801081258876
3165536940,boundary_aware,strong,0.02,0.0337861888124005,0.0788827357767363,0.785,0.0,0.4175,195.10198715557695
3165536940,boundary_aware,strong,0.022,0.0358347292171919,0.089182837462809,0.7575,0.0,0.46,197.80702066038717
3165536940,boundary_aware,strong,0.026,0.0440952643950173,0.1089503756912695,0.6625,0.0,0.455,199.5839484809626
3165536940,boundary_aware,strong,0.03,0.0493060431476746,0.1174660561652466,0.605,0.005,0.475,203.11777515457544
3165536940,boundary_aware,strong,0.036,0.0607751789020605,0.1409296396385607,0.4875,0.0125,0.5075,206.411367444528
3165536940,robust_control_aware,moderate,0.01,0.0137788841808777,0.0299761801795362,0.9875,0.0,0.4975,185.53261692073676
3165536940,robust_control_aware,moderate,0.014,0.0155728215967471,0.0303149926980944,0.985,0.0,0.5175,185.32411611451005
3165536940,robust_control_aware,moderate,0.018,0.01763617895286,0.0337662140100659,0.9825,0.0,0.6,188.92955720827257
3165536940,robust_control_aware,moderate,0.02,0.0180820877705039,0.0373620178775257,0.9875,0.0,0.5975,192.3167648124754
3165536940,robust_control_aware,moderate,0.022,0.0200593982213109,0.0398784290786863,0.9725,0.0,0.5875,190.1601010140893
3165536940,robust_control_aware,moderate,0.026,0.0208061104832237,0.0409223034134067,0.975,0.0,0.5525,191.7126858831393
3165536940,robust_control_aware,moderate,0.03,0.0239779715661426,0.0565803360956569,0.9325,0.0,0.5625,195.919732241
3165536940,robust_control_aware,moderate,0.036,0.0282668622341704,0.0694376768083089,0.895,0.0,0.455,197.42326163771295
3165536940,robust_control_aware,strong,0.01,0.0160117767551698,0.0386294284956099,0.9725,0.0,0.405,186.16503376326847
3165536940,robust_control_aware,strong,0.014,0.0166893468857112,0.0400608779614639,0.97,0.0,0.47,181.3283300419833
3165536940,robust_control_aware,strong,0.018,0.0187392421689625,0.0440037770669143,0.97,0.0,0.5275,190.74413551618807
3165536940,robust_control_aware,strong,0.02,0.0221215030313048,0.0584965387805726,0.9375,0.0,0.51,190.4979220785364
3165536940,robust_control_aware,strong,0.022,0.0222265330717774,0.0498251967584582,0.95,0.0,0.515,191.0657783014452
3165536940,robust_control_aware,strong,0.026,0.0252784041769537,0.0663961711937723,0.9025,0.0,0.4725,195.12624550250712
3165536940,robust_control_aware,strong,0.03,0.0281866308222047,0.0872642782159594,0.8875,0.0,0.5075,198.40679334498932
3165536940,robust_control_aware,strong,0.036,0.0399675229871669,0.1209801518744531,0.7525,0.0,0.4575,197.24099698156124
3240508356,boundary_aware,moderate,0.01,0.0135606968456701,0.0332761323709661,0.9775,0.0,0.4625,180.59627309272653
3240508356,boundary_aware,moderate,0.014,0.0178987687095582,0.0454907645786818,0.97,0.0,0.5,187.98539120431408
3240508356,boundary_aware,moderate,0.018,0.0211559596438112,0.050071206779004,0.95,0.0,0.535,189.4087210982901
3240508356,boundary_aware,moderate,0.02,0.0222322996207088,0.0510827559607972,0.9425,0.0,0.5475,191.79357563372284
3240508356,boundary_aware,moderate,0.022,0.0269267210228029,0.0650969558751835,0.9,0.0,0.5075,195.8750852564325
3240508356,boundary_aware,moderate,0.026,0.0296940667977598,0.0704975220083959,0.855,0.0,0.53,194.35503948994125
3240508356,boundary_aware,moderate,0.03,0.0340168200432312,0.074605523180974,0.7975,0.0,0.5525,198.39761884308535
3240508356,boundary_aware,moderate,0.036,0.0433288060257948,0.0994497889268811,0.675,0.0025,0.535,202.1057033024698
3240508356,boundary_aware,strong,0.01,0.0194967740748807,0.0546095954074058,0.94,0.0,0.4575,180.7988369051813
3240508356,boundary_aware,strong,0.014,0.0243007269328152,0.064195537654685,0.9125,0.0,0.4375,184.64090308129727
3240508356,boundary_aware,strong,0.018,0.0287014824014508,0.0725790610888162,0.85,0.0,0.465,185.8399269951157
3240508356,boundary_aware,strong,0.02,0.0318664115120083,0.0757159721761703,0.8075,0.0,0.4775,191.90625053650035
3240508356,boundary_aware,strong,0.022,0.033293583504473,0.0867936375665007,0.7925,0.0,0.4625,191.93326070974587
3240508356,boundary_aware,strong,0.026,0.0382060130759183,0.0840738807862905,0.72,0.0025,0.4725,193.65791489927173
3240508356,boundary_aware,strong,0.03,0.0441288497434993,0.1024107224658046,0.67,0.0,0.4825,196.54255432062573
3240508356,boundary_aware,strong,0.036,0.0570048861079333,0.1317314328649486,0.5575,0.01,0.5,197.96775627448983
3240508356,robust_control_aware,moderate,0.01,0.0159055873810272,0.0389449568300633,0.975,0.0,0.4925,187.58987858742904
3240508356,robust_control_aware,moderate,0.014,0.0174439672026673,0.0402194083808827,0.97,0.0,0.5625,184.9598106269529
3240508356,robust_control_aware,moderate,0.018,0.0178172190290385,0.0357098351579461,0.98,0.0,0.595,187.8966772123721
3240508356,robust_control_aware,moderate,0.02,0.018444058621075,0.0353424791383063,0.9825,0.0,0.6375,186.38305781799136
3240508356,robust_control_aware,moderate,0.022,0.0203004272919775,0.0407507977451909,0.97,0.0,0.625,191.0320447272649
3240508356,robust_control_aware,moderate,0.026,0.0218794477556433,0.0452478782062512,0.965,0.0,0.61,190.7126317763916
3240508356,robust_control_aware,moderate,0.03,0.023202704028015,0.0525644229993514,0.9425,0.0,0.515,191.45753424060536
3240508356,robust_control_aware,moderate,0.036,0.0330421110141497,0.0944955897270952,0.8225,0.0,0.485,194.2163725753241
3240508356,robust_control_aware,strong,0.01,0.0191955467948104,0.0594051959740478,0.915,0.0,0.4975,181.23390994465217
3240508356,robust_control_aware,strong,0.014,0.0252481449747192,0.0844223818270627,0.8625,0.0,0.48,182.526750358808
3240508356,robust_control_aware,strong,0.018,0.0274194758662774,0.0839480206920404,0.87,0.0,0.53,187.84400791972055
3240508356,robust_control_aware,strong,0.02,0.0251846023061377,0.0652362288014225,0.89,0.0,0.53,189.51090950438984
3240508356,robust_control_aware,strong,0.022,0.0292210201824723,0.0876195788501677,0.85,0.0,0.535,191.3369190839283
3240508356,robust_control_aware,strong,0.026,0.0314667237964558,0.0913407113004051,0.815,0.0,0.5425,193.09864928838297
3240508356,robust_control_aware,strong,0.03,0.0375213265701624,0.1116826555784663,0.7725,0.0025,0.5525,194.92218768152304
3240508356,robust_control_aware,strong,0.036,0.0539058670056754,0.1403764046357194,0.5825,0.0075,0.495,193.9296612555381
3468673266,boundary_aware,moderate,0.01,0.0151473930418296,0.0407141311395126,0.975,0.0,0.4775,181.08778968952328
3468673266,boundary_aware,moderate,0.014,0.019429171064994,0.0460910191497324,0.96,0.0,0.495,186.19184440203628
3468673266,boundary_aware,moderate,0.018,0.0224429012828804,0.0526784250970596,0.9425,0.0,0.485,186.05020473702564
3468673266,boundary_aware,moderate,0.02,0.0245876269653166,0.0539097129827516,0.935,0.0,0.5175,188.03051060889595
3468673266,boundary_aware,moderate,0.022,0.0283351173091846,0.0668335939533431,0.8625,0.0,0.5375,191.5560327245057
3468673266,boundary_aware,moderate,0.026,0.0308121305084225,0.0718679049887211,0.84,0.0,0.5375,191.93894158519524
3468673266,boundary_aware,moderate,0.03,0.0389438678435304,0.0837355060051522,0.7425,0.0025,0.515,195.7461139999901
3468673266,boundary_aware,moderate,0.036,0.0457599389577597,0.0967504392860974,0.62,0.0025,0.5225,201.04620235340508
3468673266,boundary_aware,strong,0.01,0.0250405246382827,0.0658023902116335,0.88,0.0,0.415,172.64329964536563
3468673266,boundary_aware,strong,0.014,0.0322327959358863,0.0887998957251408,0.8175,0.0025,0.4375,177.78683895267284
3468673266,boundary_aware,strong,0.018,0.0361445957636721,0.096033264904828,0.765,0.0,0.46,179.49693867997547
3468673266,boundary_aware,strong,0.02,0.038079494465728,0.0895278554131506,0.74,0.0,0.4475,182.61586999551628
3468673266,boundary_aware,strong,0.022,0.0397206017544626,0.0938363562218284,0.7225,0.0025,0.4725,185.20585797601564
3468673266,boundary_aware,strong,0.026,0.0442250660056269,0.1062761128039285,0.6825,0.0025,0.455,187.93890822422944
3468673266,boundary_aware,strong,0.03,0.0549363669462272,0.1297711777458064,0.5425,0.005,0.4675,190.60333564049336
3468673266,boundary_aware,strong,0.036,0.0650738006046571,0.1562046629470407,0.4775,0.02,0.46,193.0744164843996
3468673266,robust_control_aware,moderate,0.01,0.0157399110021264,0.0338086835513841,0.9775,0.0,0.5,180.2684872321218
3468673266,robust_control_aware,moderate,0.014,0.0183597219498583,0.038179637682562,0.9725,0.0,0.5625,186.5451348455478
3468673266,robust_control_aware,moderate,0.018,0.0208272781101609,0.045052230578497,0.96,0.0,0.6075,187.2355808969676
3468673266,robust_control_aware,moderate,0.02,0.0215815338786767,0.050979030084183,0.9475,0.0,0.6125,188.72431763507103
3468673266,robust_control_aware,moderate,0.022,0.023211267562797,0.0571164482857543,0.9375,0.0,0.6275,188.030649475936
3468673266,robust_control_aware,moderate,0.026,0.0256504513768691,0.0637531561411694,0.915,0.0,0.585,191.4239260025518
3468673266,robust_control_aware,moderate,0.03,0.028433475110421,0.0745768530154729,0.895,0.0,0.5775,192.4986019697949
3468673266,robust_control_aware,moderate,0.036,0.0408187423990018,0.1226222181940026,0.7575,0.0025,0.5025,195.171524245657
3468673266,robust_control_aware,strong,0.01,0.0234388054398611,0.0723214370142594,0.895,0.0,0.445,178.33540741526707
3468673266,robust_control_aware,strong,0.014,0.0335311221759361,0.1072459069040615,0.8025,0.0,0.435,182.02721984855555
3468673266,robust_control_aware,strong,0.018,0.0396849859555426,0.1203646779066303,0.745,0.0025,0.4825,186.57417566658583
3468673266,robust_control_aware,strong,0.02,0.0509236787527154,0.1362193376026228,0.6175,0.0075,0.4625,188.0740059611041
3468673266,robust_control_aware,strong,0.022,0.0555595778526869,0.1350830708240232,0.5525,0.0025,0.455,184.48414005903595
3468673266,robust_control_aware,strong,0.026,0.0693323582458419,0.1673412495454397,0.4575,0.0175,0.455,190.8062958823076
3468673266,robust_control_aware,strong,0.03,0.0717568867431525,0.1717596921373268,0.435,0.02,0.47,192.8055043124676
3468673266,robust_control_aware,strong,0.036,0.0906697318856027,0.2158349577074136,0.2975,0.0675,0.4575,193.43903137603888
3321522469,boundary_aware,moderate,0.01,0.0134828621279419,0.0341665366462061,0.985,0.0,0.4525,185.8057895871654
3321522469,boundary_aware,moderate,0.014,0.0162347089466267,0.0390476715341575,0.975,0.0,0.5125,188.71886923295236
3321522469,boundary_aware,moderate,0.018,0.0207899653001114,0.0451046724992042,0.965,0.0,0.4775,192.260423674828
3321522469,boundary_aware,moderate,0.02,0.0220327158244585,0.0503896248596705,0.945,0.0,0.5225,195.73114396682013
3321522469,boundary_aware,moderate,0.022,0.0239485529602989,0.0516565649822751,0.9325,0.0,0.535,197.78200690287676
3321522469,boundary_aware,moderate,0.026,0.0285326301265285,0.0667431417563995,0.875,0.0,0.53,198.39195687033168
3321522469,boundary_aware,moderate,0.03,0.0338304829006786,0.0771535491398891,0.795,0.0,0.5375,204.0446347486014
3321522469,boundary_aware,moderate,0.036,0.0401956854311749,0.0887428466379373,0.72,0.0,0.54,203.1113151983678
3321522469,boundary_aware,strong,0.01,0.0201489832002767,0.0503402099241708,0.945,0.0,0.405,182.06710212913836
3321522469,boundary_aware,strong,0.014,0.02406836242105,0.0578293689419965,0.91,0.0,0.41,184.52770071887417
3321522469,boundary_aware,strong,0.018,0.0298044442494683,0.0692901023987517,0.8425,0.0,0.425,188.31524963396265
3321522469,boundary_aware,strong,0.02,0.0319566809476098,0.079736323837989,0.8125,0.0,0.45,190.3029105910808
3321522469,boundary_aware,strong,0.022,0.0342342256560173,0.0793254355196,0.805,0.0,0.4525,189.9312869812437
3321522469,boundary_aware,strong,0.026,0.0415411534112438,0.1013612843337486,0.7,0.0,0.4825,196.27904903434916
3321522469,boundary_aware,strong,0.03,0.0464290976663324,0.112753574619889,0.665,0.0025,0.4325,197.8720301588611
3321522469,boundary_aware,strong,0.036,0.0559582208592815,0.1274285874956772,0.5175,0.0025,0.4725,203.23499380335355
3321522469,robust_control_aware,moderate,0.01,0.0139173163047719,0.0300382250881933,0.99,0.0,0.4975,188.71726125020191
3321522469,robust_control_aware,moderate,0.014,0.0148016688182067,0.0298013993103407,0.99,0.0,0.56,191.3832612475773
3321522469,robust_control_aware,moderate,0.018,0.0175055461117353,0.0368979134218926,0.9775,0.0,0.58,192.28779435718016
3321522469,robust_control_aware,moderate,0.02,0.0176592996670462,0.0368296303689204,0.985,0.0,0.635,194.169841862088
3321522469,robust_control_aware,moderate,0.022,0.0186491477579869,0.036642131414966,0.985,0.0,0.6175,194.57614568657897
3321522469,robust_control_aware,moderate,0.026,0.0206152313894634,0.0406196357025176,0.9675,0.0,0.5275,196.1588955544359
3321522469,robust_control_aware,moderate,0.03,0.0241384932445034,0.0563180110557122,0.935,0.0,0.54,197.0663473214552
3321522469,robust_control_aware,moderate,0.036,0.0274871740331814,0.0695640985583122,0.92,0.0,0.41,196.7188461696987
3321522469,robust_control_aware,strong,0.01,0.0173628014870494,0.0590926535545481,0.9425,0.0,0.4375,178.80173140879694
3321522469,robust_control_aware,strong,0.014,0.0197356795582531,0.0544178265976343,0.9375,0.0,0.475,183.9522121826277
3321522469,robust_control_aware,strong,0.018,0.0254422003233817,0.0758569119450342,0.8825,0.0,0.4425,189.6869043002596
3321522469,robust_control_aware,strong,0.02,0.0247616906237657,0.075290270432722,0.8975,0.0,0.4775,190.9232558544854
3321522469,robust_control_aware,strong,0.022,0.0294182155342628,0.092997535073326,0.85,0.0,0.505,194.73811145577375
3321522469,robust_control_aware,strong,0.026,0.0308243633150534,0.0914110190675154,0.845,0.0,0.4925,195.71157998517083
3321522469,robust_control_aware,strong,0.03,0.0329004216976451,0.0898858966590182,0.83,0.0,0.49,198.6690485163381
3321522469,robust_control_aware,strong,0.036,0.0526236992162431,0.132019986422237,0.6075,0.0125,0.495,198.1552741287544
3592523615,boundary_aware,moderate,0.01,0.0143421321443631,0.0333217834375091,0.9825,0.0,0.4575,179.8966418787419
3592523615,boundary_aware,moderate,0.014,0.0181605026397022,0.045857101918074,0.9625,0.0,0.485,182.94561642794747
3592523615,boundary_aware,moderate,0.018,0.0216504894296523,0.0550316441154276,0.9325,0.0,0.515,187.3162241700881
3592523615,boundary_aware,moderate,0.02,0.0250169460386576,0.0600620160950613,0.9125,0.0,0.5025,191.2494722109549
3592523615,boundary_aware,moderate,0.022,0.0263723900518133,0.059002081710544,0.8975,0.0,0.5175,191.30260923464715
3592523615,boundary_aware,moderate,0.026,0.0318460183455792,0.0687382433062085,0.835,0.0,0.5175,195.9548115074864
3592523615,boundary_aware,moderate,0.03,0.0368121102244125,0.080004948107424,0.7425,0.0,0.52,195.680970654315
3592523615,boundary_aware,moderate,0.036,0.0450226348521968,0.1005335702160238,0.6525,0.0025,0.5375,200.97197902862888
3592523615,boundary_aware,strong,0.01,0.0217796801846411,0.0549354690404329,0.9325,0.0,0.415,177.36350170572996
3592523615,boundary_aware,strong,0.014,0.0251605612552378,0.0593532056055437,0.9025,0.0,0.3975,182.5093307788709
3592523615,boundary_aware,strong,0.018,0.0287860360285988,0.0624184625706407,0.8675,0.0,0.42,184.24427674594065
3592523615,boundary_aware,strong,0.02,0.0300985094196058,0.0677984218988912,0.8475,0.0,0.455,187.0387607718283
3592523615,boundary_aware,strong,0.022,0.0331683720706109,0.0756215884147542,0.8025,0.0,0.4475,187.4737592613489
3592523615,boundary_aware,strong,0.026,0.0392555042402786,0.0864716538958418,0.715,0.0,0.4425,192.37946034476636
3592523615,boundary_aware,strong,0.03,0.0441635974544493,0.1008536626124899,0.6575,0.0,0.4575,193.1167820396008
3592523615,boundary_aware,strong,0.036,0.059306519176285,0.1298256420323865,0.4875,0.015,0.49,197.18004308170157
3592523615,robust_control_aware,moderate,0.01,0.0140540595566554,0.0282957882655171,0.9975,0.0,0.4575,186.25025428556356
3592523615,robust_control_aware,moderate,0.014,0.0165850608654428,0.0334864668479844,0.99,0.0,0.49,179.92565143619535
3592523615,robust_control_aware,moderate,0.018,0.0189827317437595,0.0396513767233208,0.98,0.0,0.595,185.25895513752815
3592523615,robust_control_aware,moderate,0.02,0.0199243340225533,0.0412555821838778,0.975,0.0,0.5975,188.0829418895658
3592523615,robust_control_aware,moderate,0.022,0.0200215916242322,0.0377148999743018,0.98,0.0,0.6025,185.8978249409165
3592523615,robust_control_aware,moderate,0.026,0.0228805277530348,0.0449717217704083,0.955,0.0,0.5925,186.67649074742943
3592523615,robust_control_aware,moderate,0.03,0.0246176743064643,0.0533101535853329,0.9425,0.0,0.555,190.5973003905491
3592523615,robust_control_aware,moderate,0.036,0.0284034340846424,0.0673289215141886,0.9125,0.0,0.46,193.0000482435034
3592523615,robust_control_aware,strong,0.01,0.0163970654413338,0.0392882679203963,0.985,0.0,0.49,180.05190620269587
3592523615,robust_control_aware,strong,0.014,0.0200978942830931,0.04744487125684,0.9625,0.0,0.4875,186.41805445588776
3592523615,robust_control_aware,strong,0.018,0.0239710491969022,0.056045399638856,0.925,0.0,0.505,186.56535318974997
3592523615,robust_control_aware,strong,0.02,0.0223827557914613,0.051736279634411,0.945,0.0,0.5425,188.49790130235348
3592523615,robust_control_aware,strong,0.022,0.0251658638839288,0.0614921238420992,0.91,0.0,0.5625,188.9643992565902
3592523615,robust_control_aware,strong,0.026,0.0340912406831562,0.0912529679981149,0.815,0.0025,0.515,193.95996318419327
3592523615,robust_control_aware,strong,0.03,0.0407131954549165,0.1151821665142405,0.755,0.005,0.5225,194.00722832372267
3592523615,robust_control_aware,strong,0.036,0.0540284276703543,0.1354493912055379,0.5825,0.0075,0.4825,195.8840246101884
3112972819,boundary_aware,moderate,0.01,0.0132610450322517,0.0311720333767609,0.99,0.0,0.45,180.2141952566423
3112972819,boundary_aware,moderate,0.014,0.0167741504799822,0.0423410125985356,0.98,0.0,0.4725,182.96634695592456
3112972819,boundary_aware,moderate,0.018,0.0195065006999789,0.0464730890327471,0.9625,0.0,0.57,190.16818221828805
3112972819,boundary_aware,moderate,0.02,0.0206409070443974,0.0494842358853928,0.9525,0.0,0.53,189.7674486313088
3112972819,boundary_aware,moderate,0.022,0.0228901901464737,0.0517872515266926,0.945,0.0,0.555,190.1636397652066
3112972819,boundary_aware,moderate,0.026,0.027920072834119,0.0636395065996026,0.8625,0.0,0.5525,195.45343240135148
3112972819,boundary_aware,moderate,0.03,0.0331037919343434,0.073059372882804,0.8075,0.0,0.5225,198.96044723136868
3112972819,boundary_aware,moderate,0.036,0.0393646686122878,0.0884383681971276,0.7325,0.0,0.57,197.84875411807556
3112972819,boundary_aware,strong,0.01,0.0170789682766175,0.0465441296339593,0.9625,0.0,0.43,182.36449462093168
3112972819,boundary_aware,strong,0.014,0.020157236512278,0.0504612235445827,0.945,0.0,0.465,181.57918119038703
3112972819,boundary_aware,strong,0.018,0.0239789576967248,0.0598297952343006,0.8975,0.0,0.465,187.7948268184168
3112972819,boundary_aware,strong,0.02,0.0265448128615264,0.0607705333145777,0.88,0.0,0.475,185.35147372665745
3112972819,boundary_aware,strong,0.022,0.027212504462709,0.0621792162238658,0.8825,0.0,0.48,187.2506839799496
3112972819,boundary_aware,strong,0.026,0.0306880993640908,0.0712255056192408,0.86,0.0,0.475,189.5065484895496
3112972819,boundary_aware,strong,0.03,0.0394122737502233,0.08952201422178,0.7425,0.0,0.455,196.0626267873473
3112972819,boundary_aware,strong,0.036,0.0460977860230033,0.1108614522983932,0.655,0.005,0.485,195.3570605901239
3112972819,robust_control_aware,moderate,0.01,0.0149944734868615,0.0315702720418392,0.985,0.0,0.46,181.6717214797372
3112972819,robust_control_aware,moderate,0.014,0.0169684480362005,0.0336423815804029,0.9925,0.0,0.52,184.92148839889836
3112972819,robust_control_aware,moderate,0.018,0.017650079048395,0.0351065844030003,0.98,0.0,0.595,185.5329766660888
3112972819,robust_control_aware,moderate,0.02,0.018954377265263,0.0359538744698403,0.985,0.0,0.6225,184.57032707375788
3112972819,robust_control_aware,moderate,0.022,0.0197043108694966,0.0383362625890484,0.9725,0.0,0.6,186.14720594632035
3112972819,robust_control_aware,moderate,0.026,0.0210697532112703,0.0405094198877434,0.975,0.0,0.585,188.1583166195502
3112972819,robust_control_aware,moderate,0.03,0.0228254023130737,0.0462569482069053,0.96,0.0,0.5125,189.8528665351864
3112972819,robust_control_aware,moderate,0.036,0.0291676028337142,0.0784773284607683,0.895,0.0,0.455,193.54566850471824
3112972819,robust_control_aware,strong,0.01,0.0157412589053749,0.0389161013819246,0.975,0.0,0.45,183.93548661466505
3112972819,robust_control_aware,strong,0.014,0.016040748955564,0.0357109784515435,0.9825,0.0,0.5,185.87878388197663
3112972819,robust_control_aware,strong,0.018,0.019337001551565,0.0398618036722677,0.9725,0.0,0.505,187.28244382244745
3112972819,robust_control_aware,strong,0.02,0.0217709890055765,0.0506029974829778,0.9475,0.0,0.5425,188.89245464994065
3112972819,robust_control_aware,strong,0.022,0.0207032489024553,0.0462809325428898,0.9675,0.0,0.5375,188.38254731424732
3112972819,robust_control_aware,strong,0.026,0.022906697863547,0.0502792461959625,0.9475,0.0,0.535,193.2729809406152
3112972819,robust_control_aware,strong,0.03,0.0288894306183937,0.074298973465255,0.8625,0.0,0.51,191.79371748421448
3112972819,robust_control_aware,strong,0.036,0.0336102386659964,0.089648636683349,0.825,0.0,0.4725,194.74525132104756
3055558552,boundary_aware,moderate,0.01,0.0130210904333173,0.0346830845747893,0.99,0.0,0.47,182.73266121322
3055558552,boundary_aware,moderate,0.014,0.0148687021829791,0.0405230775122784,0.985,0.0,0.525,188.24703383548743
3055558552,boundary_aware,moderate,0.018,0.0190937240536922,0.0452485387953598,0.965,0.0,0.575,193.13592327745548
3055558552,boundary_aware,moderate,0.02,0.0208204599066026,0.0487908658453971,0.9525,0.0,0.56,192.3545902036955
3055558552,boundary_aware,moderate,0.022,0.0231994121340997,0.051855782780778,0.9325,0.0,0.5225,195.66329554669016
3055558552,boundary_aware,moderate,0.026,0.025962633349084,0.0587184074676365,0.8975,0.0,0.525,196.9342469221845
3055558552,boundary_aware,moderate,0.03,0.0310332776141112,0.0744523792031944,0.825,0.0,0.56,200.1863135429665
3055558552,boundary_aware,moderate,0.036,0.037064569906072,0.0817532858929753,0.76,0.0,0.6075,201.9257709354937
3055558552,boundary_aware,strong,0.01,0.016977327000564,0.0429124042386394,0.9675,0.0,0.43,181.75304738269875
3055558552,boundary_aware,strong,0.014,0.0196296814006036,0.0484193739083497,0.96,0.0,0.4425,185.05517852153795
3055558552,boundary_aware,strong,0.018,0.0230299703958958,0.0555869320261935,0.9325,0.0,0.4975,188.1372762456357
3055558552,boundary_aware,strong,0.02,0.0242791790800232,0.0595797574302303,0.9175,0.0,0.4825,188.95208827754615
3055558552,boundary_aware,strong,0.022,0.0271796147245241,0.0651833430983783,0.89,0.0,0.47,192.8114548740037
3055558552,boundary_aware,strong,0.026,0.0302938494078036,0.0711803153512531,0.835,0.0,0.5,195.97129716624937
3055558552,boundary_aware,strong,0.03,0.0338076089186242,0.0741500200572652,0.7725,0.0,0.5,196.89693126644636
3055558552,boundary_aware,strong,0.036,0.0443292851940617,0.1030541761658821,0.6725,0.0,0.4975,200.6035596649085
3055558552,robust_control_aware,moderate,0.01,0.0139761876698272,0.029925563337432,0.9825,0.0,0.455,184.8063411043556
3055558552,robust_control_aware,moderate,0.014,0.0149748051117691,0.0313591609421559,0.995,0.0,0.535,188.3535657688721
3055558552,robust_control_aware,moderate,0.018,0.0164352612862425,0.0348728428747731,0.99,0.0,0.5925,190.9340040531515
3055558552,robust_control_aware,moderate,0.02,0.0177791504748502,0.0362379551772187,0.9875,0.0,0.6425,191.521291217966
3055558552,robust_control_aware,moderate,0.022,0.0183902692559892,0.0364599745585679,0.9875,0.0,0.585,193.9927895575657
3055558552,robust_control_aware,moderate,0.026,0.0194648619513441,0.0399713872691033,0.97,0.0,0.5325,193.45433245453464
3055558552,robust_control_aware,moderate,0.03,0.022018120470225,0.0429403578586011,0.96,0.0,0.52,194.724972880513
3055558552,robust_control_aware,moderate,0.036,0.0242298915311027,0.0536881288611992,0.935,0.0,0.38,195.20181914294017
3055558552,robust_control_aware,strong,0.01,0.014339029197083,0.0368193994922757,0.9925,0.0,0.4675,186.01014427700312
3055558552,robust_control_aware,strong,0.014,0.015352303908156,0.0354372645957955,0.98,0.0,0.525,182.6102152538081
3055558552,robust_control_aware,strong,0.018,0.0163498622092474,0.0373791405344221,0.985,0.0,0.5425,192.76138072389452
3055558552,robust_control_aware,strong,0.02,0.0185167545878207,0.0419078502355586,0.975,0.0,0.5425,192.3462415900936
3055558552,robust_control_aware,strong,0.022,0.0194052911413408,0.0428478544458493,0.97,0.0,0.5675,194.37431949631332
3055558552,robust_control_aware,strong,0.026,0.021213061317812,0.0464884737325399,0.9575,0.0,0.55,193.60582377800583
3055558552,robust_control_aware,strong,0.03,0.0236968689880758,0.0540604647848861,0.93,0.0,0.5075,197.35663987399187
3055558552,robust_control_aware,strong,0.036,0.0301067500768602,0.0919961469410629,0.86,0.0025,0.445,195.5512125062544
3300334751,boundary_aware,moderate,0.01,0.0133813052766862,0.0330343464517047,0.985,0.0,0.5125,183.0755506482446
3300334751,boundary_aware,moderate,0.014,0.0164869026186511,0.0396900901529246,0.9825,0.0,0.5,185.02665454250925
3300334751,boundary_aware,moderate,0.018,0.0202019465221094,0.0472732427007538,0.965,0.0,0.535,193.1579060171697
3300334751,boundary_aware,moderate,0.02,0.0215246273561184,0.0521504631048177,0.9425,0.0,0.55,189.787685700438
3300334751,boundary_aware,moderate,0.022,0.0240999003943821,0.0602360436810013,0.91,0.0,0.5375,194.79121550527705
3300334751,boundary_aware,moderate,0.026,0.0288140549416059,0.0634568900981381,0.875,0.0,0.5425,192.568436211126
3300334751,boundary_aware,moderate,0.03,0.0337188767801656,0.0790651912149517,0.8075,0.0,0.545,199.89451415693244
3300334751,boundary_aware,moderate,0.036,0.0411763091708719,0.0912248976567213,0.7025,0.0,0.5725,202.44605000854767
3300334751,boundary_aware,strong,0.01,0.0188144257341327,0.0515582043723699,0.9475,0.0,0.455,179.6753869112232
3300334751,boundary_aware,strong,0.014,0.0210674896464626,0.0560669723315027,0.925,0.0,0.4775,180.43534435132185
3300334751,boundary_aware,strong,0.018,0.0245756214939012,0.0644571302681154,0.9075,0.0,0.495,182.71202203415797
3300334751,boundary_aware,strong,0.02,0.0283787478590755,0.0673860999248296,0.8775,0.0,0.46,185.32569478879756
3300334751,boundary_aware,strong,0.022,0.0290878581672498,0.0739464103964895,0.86,0.0,0.5025,185.82410618287693
3300334751,boundary_aware,strong,0.026,0.0344955956213897,0.0858763150151648,0.785,0.0,0.4775,188.41016980596584
3300334751,boundary_aware,strong,0.03,0.0387269995385103,0.0873412986044709,0.7325,0.0,0.4875,194.77699778526392
3300334751,boundary_aware,strong,0.036,0.0458207854051011,0.1099822907201589,0.645,0.0,0.5225,200.0203848613531
3300334751,robust_control_aware,moderate,0.01,0.0148543830261574,0.0328888607471907,0.975,0.0,0.485,185.57417587539425
3300334751,robust_control_aware,moderate,0.014,0.0168134868304638,0.0359632681586474,0.98,0.0,0.57,190.89251313401556
3300334751,robust_control_aware,moderate,0.018,0.017984981860462,0.0355246399465061,0.98,0.0,0.595,187.8869555389758
3300334751,robust_control_aware,moderate,0.02,0.0188505065721315,0.0376793987632709,0.9675,0.0,0.6075,190.3403582672212
3300334751,robust_control_aware,moderate,0.022,0.0192139452916318,0.0408070403011891,0.975,0.0,0.585,187.37243888518185
3300334751,robust_control_aware,moderate,0.026,0.0215123284648247,0.0452896610520015,0.9575,0.0,0.5675,191.7643932554936
3300334751,robust_control_aware,moderate,0.03,0.0232404104044832,0.0521702292458097,0.9475,0.0,0.51,192.63125987770675
3300334751,robust_control_aware,moderate,0.036,0.0263720683095836,0.0642951869691804,0.9225,0.0,0.4275,196.7603700115185
3300334751,robust_control_aware,strong,0.01,0.0153475211910448,0.0388603142807185,0.9725,0.0025,0.475,179.63462258642028
3300334751,robust_control_aware,strong,0.014,0.0167803145398839,0.0389434613657212,0.9725,0.0,0.47,185.30165826009636
3300334751,robust_control_aware,strong,0.018,0.0200410996659822,0.0453229879599235,0.9525,0.0025,0.5525,187.43221115247505
3300334751,robust_control_aware,strong,0.02,0.0195508978757856,0.0464989912499159,0.955,0.0,0.5825,188.29081041350676
3300334751,robust_control_aware,strong,0.022,0.0202493649510987,0.0473480810493399,0.96,0.0,0.555,188.96999600792785
3300334751,robust_control_aware,strong,0.026,0.0255575584313086,0.0723749347307199,0.91,0.0075,0.505,188.68659020553247
3300334751,robust_control_aware,strong,0.03,0.028552959544649,0.0704733778229174,0.8975,0.0075,0.5675,194.6154380579653
3300334751,robust_control_aware,strong,0.036,0.0291436139108168,0.076542747928329,0.8725,0.0025,0.48,195.83551259953643
