seed,experiment,method,condition,mean_regret,p95_regret,action_agreement,mean_gap,q1_regret,q1_agreement,q2_regret,q2_agreement,q3_regret,q3_agreement,q4_regret,q4_agreement
2825654166,E020,boundary_aware,moderate,0.0024494396428517,0.010492865547919,0.4318181818181818,0.0037584696691671,0.0022644201641778,0.1818181818181818,0.0019364662888406,0.4181818181818181,0.0028423144777443,0.4363636363636363,0.0027545576406444,0.6909090909090909
2825654166,E020,boundary_aware,strong,0.0042659635134372,0.0151466673742561,0.3272727272727272,0.0037584696691671,0.0034635425225725,0.1454545454545454,0.0031134741524895,0.2909090909090909,0.0040513330205939,0.3818181818181818,0.0064355043580929,0.4909090909090909
2825654166,E020,robust_control_aware,moderate,0.0010509891109028,0.0055257639867942,0.6318181818181818,0.0037584696691671,0.0007977416445081,0.4181818181818181,0.0013372573872726,0.5272727272727272,0.0012334333402564,0.6909090909090909,0.0008355240715738,0.8909090909090909
2825654166,E020,robust_control_aware,strong,0.0020255262185588,0.0086740647924494,0.5136363636363637,0.0037584696691671,0.0017335257255122,0.3090909090909091,0.0024262529687454,0.4181818181818181,0.0020757456133883,0.5272727272727272,0.0018665805665894,0.8
2825654166,E031,boundary_aware,moderate,0.004400915789766,0.0150953699848359,0.3181818181818182,0.0037584696691671,0.0035255881943556,0.2,0.0029384980899509,0.3090909090909091,0.0039544307914772,0.3454545454545454,0.00718514608328,0.4181818181818181
2825654166,E031,boundary_aware,strong,0.0053061785943762,0.0167962932027876,0.3090909090909091,0.0037584696691671,0.0041329763660143,0.2545454545454545,0.0038109160320224,0.3272727272727272,0.0042140883244048,0.3272727272727272,0.0090667336550634,0.3272727272727272
2825654166,E031,robust_control_aware,moderate,0.0038568360491769,0.0144252176382436,0.4045454545454545,0.0037584696691671,0.002220198238644,0.3272727272727272,0.0028176263070161,0.3454545454545454,0.0044086948784587,0.4,0.0059808247725888,0.5454545454545454
2825654166,E031,robust_control_aware,strong,0.0047555320454571,0.0152844189273661,0.3409090909090909,0.0037584696691671,0.0035564179064552,0.2909090909090909,0.0036367760059306,0.2909090909090909,0.0050550704073831,0.3272727272727272,0.0067738638620596,0.4545454545454545
2861302546,E020,boundary_aware,moderate,0.0025888772335319,0.0120588587110833,0.4954545454545455,0.0038817132635919,0.0015483406345405,0.3090909090909091,0.0024507105648987,0.4545454545454545,0.0027741249081954,0.5272727272727272,0.0035823328264929,0.6909090909090909
2861302546,E020,boundary_aware,strong,0.0047288580083877,0.0166787745073479,0.3681818181818181,0.0038817132635919,0.0036416311361199,0.2363636363636363,0.0040508202119873,0.3636363636363636,0.0045980376643071,0.4,0.0066249430211364,0.4727272727272727
2861302546,E020,robust_control_aware,moderate,0.0011248384100607,0.0061593342570211,0.6681818181818182,0.0038817132635919,0.0008933004507419,0.4181818181818181,0.0013714722283089,0.5818181818181818,0.0018198330004528,0.7272727272727273,0.000414747960739,0.9454545454545454
2861302546,E020,robust_control_aware,strong,0.0028493739239882,0.0130123898186555,0.5454545454545454,0.0038817132635919,0.0025955954034147,0.3090909090909091,0.002283044748917,0.5454545454545454,0.0031323189148037,0.5636363636363636,0.0033865366288173,0.7636363636363637
2861302546,E031,boundary_aware,moderate,0.0046335322612307,0.0155569499887474,0.3363636363636363,0.0038817132635919,0.0029282593752046,0.2909090909090909,0.0040244865930198,0.3272727272727272,0.0044050537623064,0.3272727272727272,0.007176329314392,0.4
2861302546,E031,boundary_aware,strong,0.005941576977195,0.019251411521281,0.2909090909090909,0.0038817132635919,0.0038346777604763,0.2909090909090909,0.0043319405495391,0.3090909090909091,0.0051178611763194,0.2727272727272727,0.0104818284224449,0.2909090909090909
2861302546,E031,robust_control_aware,moderate,0.00416568739172,0.0154479762729464,0.3818181818181818,0.0038817132635919,0.0024121129850968,0.2909090909090909,0.0040722443088048,0.3272727272727272,0.0034784281642382,0.4363636363636363,0.0066999641087402,0.4727272727272727
2861302546,E031,robust_control_aware,strong,0.0049498564160585,0.0168140929631594,0.3454545454545454,0.0038817132635919,0.002992691667372,0.3090909090909091,0.0042295806887906,0.3090909090909091,0.004171534493714,0.4,0.0084056188143572,0.3636363636363636
2709708980,E020,boundary_aware,moderate,0.0028239543818563,0.0101179939782099,0.4272727272727272,0.003513574204373,0.0014292898650735,0.3090909090909091,0.0024863817199944,0.3636363636363636,0.0032047475960188,0.4909090909090909,0.0041753983463384,0.5454545454545454
2709708980,E020,boundary_aware,strong,0.0049602244235977,0.0192393153405051,0.3363636363636363,0.003513574204373,0.0044406982162063,0.2181818181818181,0.0033971324156819,0.3090909090909091,0.0048621200320266,0.3818181818181818,0.007140947030476,0.4363636363636363
2709708980,E020,robust_control_aware,moderate,0.0008281550518508,0.0045824692840419,0.6772727272727272,0.003513574204373,0.0007121581734629,0.4363636363636363,0.0013917596336904,0.5272727272727272,0.0007292546668448,0.8181818181818182,0.0004794477334053,0.9272727272727272
2709708980,E020,robust_control_aware,strong,0.0023352889067695,0.0094602839087963,0.5590909090909091,0.003513574204373,0.0013836348399506,0.3454545454545454,0.001820821849445,0.5272727272727272,0.0017231330594516,0.7272727272727273,0.0044135658782308,0.6363636363636364
2709708980,E031,boundary_aware,moderate,0.0047896915260682,0.0181534850197413,0.3363636363636363,0.003513574204373,0.0032191926045224,0.3090909090909091,0.0039543751935712,0.4,0.0039245253701505,0.2545454545454545,0.0080606729360287,0.3818181818181818
2709708980,E031,boundary_aware,strong,0.0057492496043845,0.0211445955662887,0.3090909090909091,0.003513574204373,0.0057378694074644,0.2,0.0044172116560056,0.4181818181818181,0.0041968461630459,0.2545454545454545,0.008645071191022,0.3636363636363636
2709708980,E031,robust_control_aware,moderate,0.0037408539867928,0.0129478564223113,0.4045454545454545,0.003513574204373,0.0034737942076319,0.2909090909090909,0.0033226414753449,0.3818181818181818,0.0034969574239603,0.3454545454545454,0.004670022840234,0.6
2709708980,E031,robust_control_aware,strong,0.0054562178709101,0.0198314353845823,0.3181818181818182,0.003513574204373,0.004533993425455,0.2545454545454545,0.0044628764587339,0.3818181818181818,0.0042228036064356,0.2727272727272727,0.0086051979930161,0.3636363636363636
2540470214,E020,boundary_aware,moderate,0.0034708406742618,0.0138354807661086,0.4090909090909091,0.0037502390791779,0.0015092232769812,0.4,0.002757569522149,0.3272727272727272,0.0030932470609026,0.4545454545454545,0.0065233228370143,0.4545454545454545
2540470214,E020,boundary_aware,strong,0.0059501404354887,0.0212712201098393,0.3,0.0037502390791779,0.0032515448373963,0.3272727272727272,0.0047022990263234,0.3090909090909091,0.0043915030631427,0.3272727272727272,0.0114552148150924,0.2363636363636363
2540470214,E020,robust_control_aware,moderate,0.0012734398253825,0.0063320908408606,0.5954545454545455,0.0037502390791779,0.0007046974486391,0.4,0.0019631820528173,0.4545454545454545,0.001377054849278,0.6727272727272727,0.0010488249507958,0.8545454545454545
2540470214,E020,robust_control_aware,strong,0.003908726369997,0.0163754565907357,0.3954545454545454,0.0037502390791779,0.0019201410129453,0.3090909090909091,0.0031449023060702,0.3272727272727272,0.0029678792216959,0.4545454545454545,0.0076019829392768,0.4909090909090909
2540470214,E031,boundary_aware,moderate,0.0045339438462661,0.0152918687311766,0.3409090909090909,0.0037502390791779,0.002572729894164,0.3090909090909091,0.0040489089303867,0.3090909090909091,0.0042961642642429,0.3454545454545454,0.0072179722962708,0.4
2540470214,E031,boundary_aware,strong,0.0058238919411782,0.0234835748274625,0.2818181818181818,0.0037502390791779,0.0041533122642051,0.2363636363636363,0.0042080292220827,0.3090909090909091,0.0052860843435894,0.2909090909090909,0.0096481419348355,0.2909090909090909
2540470214,E031,robust_control_aware,moderate,0.0033148019375716,0.0115596769946399,0.4272727272727272,0.0037502390791779,0.0013714021402563,0.4,0.0040660482246923,0.2909090909090909,0.0036118662104849,0.3818181818181818,0.0042098911748531,0.6363636363636364
2540470214,E031,robust_control_aware,strong,0.004726104250574,0.0154288189776097,0.359090909090909,0.0037502390791779,0.0028250113533746,0.3272727272727272,0.0047201470385379,0.2909090909090909,0.0047119617456733,0.3454545454545454,0.0066472968647101,0.4727272727272727
2694695743,E020,boundary_aware,moderate,0.0032407362500928,0.0115400302838713,0.4272727272727272,0.0036300628015153,0.0017033462057029,0.3454545454545454,0.0025627898047336,0.4181818181818181,0.0035712307668933,0.4363636363636363,0.0051255782230411,0.509090909090909
2694695743,E020,boundary_aware,strong,0.0054103751218929,0.0196201143859248,0.3272727272727272,0.0036300628015153,0.0033611691671781,0.2727272727272727,0.0037825767585285,0.3818181818181818,0.0042994073422636,0.3818181818181818,0.0101983472196016,0.2727272727272727
2694695743,E020,robust_control_aware,moderate,0.001238764276136,0.005779659610367,0.6363636363636364,0.0036300628015153,0.0013369952082771,0.4,0.0010901973479552,0.5818181818181818,0.0016766355935345,0.6363636363636364,0.0008512289547773,0.9272727272727272
2694695743,E020,robust_control_aware,strong,0.0028393012957382,0.0109199156286582,0.4863636363636364,0.0036300628015153,0.0019657653145486,0.3636363636363636,0.0024659769900358,0.4181818181818181,0.0027552872398663,0.5454545454545454,0.0041701756385022,0.6181818181818182
2694695743,E031,boundary_aware,moderate,0.004601087059087,0.0163746315054595,0.359090909090909,0.0036300628015153,0.002923072847766,0.4363636363636363,0.0030872698219729,0.3454545454545454,0.0055247455000211,0.2,0.006869260066588,0.4545454545454545
2694695743,E031,boundary_aware,strong,0.0053635039441494,0.0201916267475989,0.3181818181818182,0.0036300628015153,0.0039912846969978,0.3454545454545454,0.0034099678413274,0.3454545454545454,0.005531392907524,0.2,0.0085213703307486,0.3818181818181818
2694695743,E031,robust_control_aware,moderate,0.0035654862001693,0.0128352499695927,0.4,0.0036300628015153,0.0020878020208376,0.3818181818181818,0.002652245739635,0.3454545454545454,0.0055091827752414,0.1818181818181818,0.004012714264963,0.6909090909090909
2694695743,E031,robust_control_aware,strong,0.0047247183288177,0.0163746315054595,0.3454545454545454,0.0036300628015153,0.0034428547871485,0.3818181818181818,0.0030758554830867,0.3272727272727272,0.0058488015019926,0.1636363636363636,0.006531361543043,0.509090909090909
2838926281,E020,boundary_aware,moderate,0.0027714094332048,0.0106159006020467,0.4590909090909091,0.003447370852489,0.0013846919074476,0.3636363636363636,0.0020650517360041,0.4,0.0022144967021762,0.5818181818181818,0.0054213973871912,0.4909090909090909
2838926281,E020,boundary_aware,strong,0.0034741413784158,0.0126667526084929,0.4227272727272727,0.003447370852489,0.0017399077060363,0.3818181818181818,0.0023658043830328,0.3818181818181818,0.0028839401435318,0.509090909090909,0.0069069132810621,0.4181818181818181
2838926281,E020,robust_control_aware,moderate,0.001069979717105,0.0059439903206591,0.65,0.003447370852489,0.0007777922754472,0.4727272727272727,0.0013427545622523,0.509090909090909,0.0013923606742813,0.7090909090909091,0.000767011356439,0.9090909090909092
2838926281,E020,robust_control_aware,strong,0.0018125261558703,0.0090321712189449,0.5863636363636363,0.003447370852489,0.0014092025347069,0.4181818181818181,0.0016300063094174,0.4727272727272727,0.0017253358937516,0.6545454545454545,0.0024855598856052,0.8
2838926281,E031,boundary_aware,moderate,0.00448249049604,0.0151959700245605,0.3136363636363636,0.003447370852489,0.0029327426856466,0.2909090909090909,0.0030475950012822,0.2909090909090909,0.0043986968645553,0.3272727272727272,0.0075509274326759,0.3454545454545454
2838926281,E031,boundary_aware,strong,0.0058389501702747,0.018045787466443,0.2727272727272727,0.003447370852489,0.0042065150295527,0.2181818181818181,0.0042872503436004,0.2727272727272727,0.0047744823249154,0.3090909090909091,0.0100875529830302,0.2909090909090909
2838926281,E031,robust_control_aware,moderate,0.00365797735811,0.0148691460785743,0.3909090909090909,0.003447370852489,0.0027590945341053,0.3090909090909091,0.0022324255799668,0.4,0.0038133679227228,0.3636363636363636,0.0058270213956451,0.4909090909090909
2838926281,E031,robust_control_aware,strong,0.004921540923893,0.0163986566942185,0.3363636363636363,0.003447370852489,0.0036441553468031,0.3090909090909091,0.0029460512057704,0.3272727272727272,0.0041615641220742,0.3454545454545454,0.0089343930209243,0.3636363636363636
2858725238,E020,boundary_aware,moderate,0.0027612820646152,0.0103092395658812,0.3909090909090909,0.0033736013857324,0.0010255740109083,0.4363636363636363,0.0025388930503937,0.3454545454545454,0.0029877202292024,0.2909090909090909,0.0044929409679564,0.4909090909090909
2858725238,E020,boundary_aware,strong,0.0040698456274686,0.0166557055247394,0.35,0.0033736013857324,0.0018822429045105,0.4181818181818181,0.0032745462308506,0.3272727272727272,0.0048406506533726,0.2545454545454545,0.0062819427211406,0.4
2858725238,E020,robust_control_aware,moderate,0.0012641098813621,0.007059574848347,0.5909090909090909,0.0033736013857324,0.0007151189903288,0.4181818181818181,0.0018354924764098,0.5272727272727272,0.0015315543334167,0.5636363636363636,0.0009742737252932,0.8545454545454545
2858725238,E020,robust_control_aware,strong,0.0024585686677471,0.0091823934810236,0.4636363636363636,0.0033736013857324,0.0010760889822347,0.4363636363636363,0.002356672942934,0.4545454545454545,0.0026266122087278,0.4181818181818181,0.0037749005370918,0.5454545454545454
2858725238,E031,boundary_aware,moderate,0.0044787424504396,0.0151124156633468,0.3545454545454545,0.0033736013857324,0.0026367068936435,0.4181818181818181,0.0045353340258733,0.3272727272727272,0.0040262255776049,0.2727272727272727,0.0067167033046366,0.4
2858725238,E031,boundary_aware,strong,0.0053938622350553,0.0196990104098223,0.3045454545454545,0.0033736013857324,0.0033171048335997,0.3454545454545454,0.0056509273267997,0.2727272727272727,0.0052087591691337,0.2363636363636363,0.0073986576106882,0.3636363636363636
2858725238,E031,robust_control_aware,moderate,0.003475304705909,0.0133357865989089,0.4181818181818181,0.0033736013857324,0.0031980649317499,0.4,0.0033278520878061,0.3454545454545454,0.0033768859429821,0.3090909090909091,0.003998415861098,0.6181818181818182
2858725238,E031,robust_control_aware,strong,0.0046186521455249,0.0148345339558907,0.35,0.0033736013857324,0.0038776711664444,0.3454545454545454,0.0045890372495373,0.3090909090909091,0.0044844363623006,0.2545454545454545,0.0055234638038174,0.4909090909090909
2715587874,E020,boundary_aware,moderate,0.0026713465503789,0.0093936487510958,0.4363636363636363,0.0035796817459659,0.0023486193306483,0.2727272727272727,0.0025651713390372,0.3818181818181818,0.0028525272352786,0.4545454545454545,0.0029190682965514,0.6363636363636364
2715587874,E020,boundary_aware,strong,0.0039516198395875,0.0139265935125428,0.3545454545454545,0.0035796817459659,0.003390673779787,0.2545454545454545,0.0031197185522174,0.3272727272727272,0.0039242419971665,0.3636363636363636,0.0053718450291793,0.4727272727272727
2715587874,E020,robust_control_aware,moderate,0.0010349492121767,0.0057280990593614,0.6727272727272727,0.0035796817459659,0.0014073291895618,0.4181818181818181,0.0010806129171397,0.6363636363636364,0.001201968695994,0.7090909090909091,0.0004498860460113,0.9272727272727272
2715587874,E020,robust_control_aware,strong,0.0019793665096424,0.0076478840490373,0.5272727272727272,0.0035796817459659,0.0021695730350387,0.3454545454545454,0.0021220936117345,0.4363636363636363,0.0021133396289515,0.5454545454545454,0.0015124597628449,0.7818181818181819
2715587874,E031,boundary_aware,moderate,0.0045745424138297,0.0144361209917804,0.2772727272727273,0.0035796817459659,0.0028666159247078,0.1818181818181818,0.0044945289997889,0.2181818181818181,0.0045964206718573,0.3272727272727272,0.0063406040589648,0.3818181818181818
2715587874,E031,boundary_aware,strong,0.0054260149177531,0.0194170688612305,0.2772727272727273,0.0035796817459659,0.0030837024625593,0.2,0.0056881723151601,0.2,0.0045016034507759,0.4,0.0084305814425173,0.3090909090909091
2715587874,E031,robust_control_aware,moderate,0.0032606885431525,0.0114941892056423,0.3818181818181818,0.0035796817459659,0.0018135764265276,0.2909090909090909,0.0030869574396083,0.3090909090909091,0.0036520165376694,0.4181818181818181,0.0044902037688044,0.509090909090909
2715587874,E031,robust_control_aware,strong,0.0047685745074819,0.0149317047538825,0.2772727272727273,0.0035796817459659,0.0027941730200781,0.1818181818181818,0.0047255001402227,0.2363636363636363,0.0046670799549369,0.3454545454545454,0.0068875449146898,0.3454545454545454
2680261440,E020,boundary_aware,moderate,0.0029194967206334,0.0111386882766472,0.4272727272727272,0.0036233218649513,0.0021352279699874,0.3454545454545454,0.0024857361405649,0.3818181818181818,0.0038103220682754,0.3636363636363636,0.0032467007037059,0.6181818181818182
2680261440,E020,boundary_aware,strong,0.004891714688206,0.0161861320940971,0.3454545454545454,0.0036233218649513,0.0035332360487493,0.3454545454545454,0.0041305478642734,0.2909090909090909,0.0046280280064636,0.2727272727272727,0.0072750468333378,0.4727272727272727
2680261440,E020,robust_control_aware,moderate,0.0012602652197388,0.0061850828842087,0.6681818181818182,0.0036233218649513,0.000886582381595,0.509090909090909,0.0010780152999988,0.6,0.0013255024348207,0.6909090909090909,0.0017509607625405,0.8727272727272727
2680261440,E020,robust_control_aware,strong,0.0027321061058285,0.0097880498948284,0.4954545454545455,0.0036233218649513,0.0015618913614271,0.4,0.0024844565318358,0.4181818181818181,0.0027190638796953,0.4909090909090909,0.0041630126503558,0.6727272727272727
2680261440,E031,boundary_aware,moderate,0.0040763991395444,0.0138397829426898,0.3636363636363636,0.0036233218649513,0.0026097422157516,0.3272727272727272,0.002964215614643,0.2909090909090909,0.0035209579515611,0.4,0.007210680776222,0.4363636363636363
2680261440,E031,boundary_aware,strong,0.0051036030990947,0.0192319788861978,0.3272727272727272,0.0036233218649513,0.0043649784768304,0.2727272727272727,0.0034023003630231,0.2909090909090909,0.0045741041861275,0.3636363636363636,0.0080730293703976,0.3818181818181818
2680261440,E031,robust_control_aware,moderate,0.0031921310292182,0.0114039503187426,0.4227272727272727,0.0036233218649513,0.0024730369721112,0.3090909090909091,0.0027651894828123,0.3090909090909091,0.003151619935248,0.4727272727272727,0.0043786777267012,0.6
2680261440,E031,robust_control_aware,strong,0.004333795015259,0.015853061393427,0.359090909090909,0.0036233218649513,0.0032230979981721,0.2909090909090909,0.0029537175367733,0.2909090909090909,0.0036959741768817,0.4181818181818181,0.0074623903492087,0.4363636363636363
2515829757,E020,boundary_aware,moderate,0.003055047833919,0.0112706149836196,0.3909090909090909,0.0036107057488512,0.0019348982588819,0.2909090909090909,0.0031358270970835,0.2909090909090909,0.0029015822923451,0.4181818181818181,0.0042478836873653,0.5636363636363636
2515829757,E020,boundary_aware,strong,0.0044597614949713,0.014838932652552,0.3227272727272727,0.0036107057488512,0.0026495760308224,0.2545454545454545,0.0047609530993975,0.2545454545454545,0.0035924454477113,0.3636363636363636,0.0068360714019539,0.4181818181818181
2515829757,E020,robust_control_aware,moderate,0.0017072082980452,0.0079482594440038,0.55,0.0036107057488512,0.0015176282483438,0.3636363636363636,0.0023324809655602,0.3818181818181818,0.0019146879194911,0.6181818181818182,0.0010640360587857,0.8363636363636363
2515829757,E020,robust_control_aware,strong,0.0031679110683127,0.0114598052008589,0.45,0.0036107057488512,0.0023570078410998,0.3090909090909091,0.003418486052635,0.3272727272727272,0.0021697178474244,0.5818181818181818,0.0047264325320915,0.5818181818181818
2515829757,E031,boundary_aware,moderate,0.0049206210347831,0.0151121145296763,0.3272727272727272,0.0036107057488512,0.0041269699564932,0.2363636363636363,0.0042072243647601,0.2363636363636363,0.0038641582589583,0.3636363636363636,0.0074841315589209,0.4727272727272727
2515829757,E031,boundary_aware,strong,0.0055585668279548,0.0197683525592704,0.3,0.0036107057488512,0.0044243118974291,0.2,0.004443412886281,0.2363636363636363,0.0044742293663615,0.3454545454545454,0.0088923131617477,0.4181818181818181
2515829757,E031,robust_control_aware,moderate,0.0036153929318887,0.0120959471911191,0.4,0.0036107057488512,0.0025437427783625,0.3090909090909091,0.0034587449669839,0.2909090909090909,0.0038432193667669,0.3636363636363636,0.0046158646154417,0.6363636363636364
2515829757,E031,robust_control_aware,strong,0.0050600301642535,0.0154560061029534,0.3318181818181818,0.0036107057488512,0.0039297136530569,0.2363636363636363,0.0042971012522631,0.2363636363636363,0.0037574385988843,0.3818181818181818,0.0082558671528098,0.4727272727272727
2889646967,E020,boundary_aware,moderate,0.003050933003271,0.0128857778116122,0.4454545454545454,0.0038573406460951,0.0021615144314769,0.3818181818181818,0.0023996287123936,0.3272727272727272,0.0031490154604555,0.4545454545454545,0.004493573408758,0.6181818181818182
2889646967,E020,boundary_aware,strong,0.0045015450856025,0.0161322016224968,0.3409090909090909,0.0038573406460951,0.0028215610213789,0.3272727272727272,0.0030848993867489,0.2727272727272727,0.0049441751202895,0.3454545454545454,0.0071555448139929,0.4181818181818181
2889646967,E020,robust_control_aware,moderate,0.000769347408963,0.0039467000578703,0.6545454545454545,0.0038573406460951,0.0007702801786154,0.4,0.0010394145781533,0.5272727272727272,0.0010608686606103,0.7272727272727273,0.0002068262184731,0.9636363636363636
2889646967,E020,robust_control_aware,strong,0.002455302417071,0.0114330410622074,0.5045454545454545,0.0038573406460951,0.0024485999447357,0.3454545454545454,0.0021998413579334,0.4,0.0025489631926636,0.509090909090909,0.0026238051729513,0.7636363636363637
2889646967,E031,boundary_aware,moderate,0.004388182664421,0.015172252071131,0.3545454545454545,0.0038573406460951,0.0023125059673841,0.3090909090909091,0.0030779555628243,0.3454545454545454,0.0037982851304227,0.3272727272727272,0.0083639839970528,0.4363636363636363
2889646967,E031,boundary_aware,strong,0.0051921032705369,0.0168658652342855,0.3227272727272727,0.0038573406460951,0.0034470791593743,0.3090909090909091,0.0042099238483678,0.2727272727272727,0.0041328867758048,0.3090909090909091,0.0089785232986006,0.4
2889646967,E031,robust_control_aware,moderate,0.004014812508582,0.0145374593510873,0.3772727272727272,0.0038573406460951,0.0023261052285376,0.2727272727272727,0.0035903813860557,0.3090909090909091,0.0037367230698938,0.4,0.0064060403498411,0.5272727272727272
2889646967,E031,robust_control_aware,strong,0.0044559668217839,0.0144072342806967,0.3363636363636363,0.0038573406460951,0.0023521052716849,0.2909090909090909,0.0041917028959592,0.2363636363636363,0.0042173511678343,0.3272727272727272,0.007062707951657,0.4909090909090909
2540076623,E020,boundary_aware,moderate,0.0026093574085612,0.0113030432953018,0.5409090909090909,0.003412540836329,0.0019974364293518,0.5272727272727272,0.002158926568251,0.509090909090909,0.0028168864760411,0.5272727272727272,0.0034641801606008,0.6
2540076623,E020,boundary_aware,strong,0.0050687739872391,0.017768532979207,0.3863636363636363,0.003412540836329,0.004198242047836,0.4,0.003772979334434,0.3818181818181818,0.004291926499509,0.4,0.0080119480671774,0.3636363636363636
2540076623,E020,robust_control_aware,moderate,0.000921170231849,0.0050295248803588,0.7136363636363636,0.003412540836329,0.0011498605139343,0.5272727272727272,0.0008062133506689,0.6727272727272727,0.0009908157026038,0.7818181818181819,0.0007377913601892,0.8727272727272727
2540076623,E020,robust_control_aware,strong,0.0019334831078693,0.0084657549435711,0.6045454545454545,0.003412540836329,0.001597689828917,0.4909090909090909,0.0015494198217988,0.5454545454545454,0.0025336033800007,0.6,0.0020532194007608,0.7818181818181819
2540076623,E031,boundary_aware,moderate,0.0043134607287376,0.0167078878497704,0.3818181818181818,0.003412540836329,0.0016695370130885,0.4727272727272727,0.0037448723709997,0.2909090909090909,0.0045750507351157,0.3454545454545454,0.0072643827957463,0.4181818181818181
2540076623,E031,boundary_aware,strong,0.0049875398342859,0.0183984525898833,0.35,0.003412540836329,0.0028672862169715,0.4363636363636363,0.0037486864274318,0.2727272727272727,0.0048797519750369,0.3272727272727272,0.0084544347177033,0.3636363636363636
2540076623,E031,robust_control_aware,moderate,0.0030587473154725,0.0123532490685576,0.4727272727272727,0.003412540836329,0.001556065947193,0.4727272727272727,0.0031672667621547,0.3090909090909091,0.0032007967336909,0.4545454545454545,0.0043108598188515,0.6545454545454545
2540076623,E031,robust_control_aware,strong,0.0040883100573363,0.0155308827455287,0.4,0.003412540836329,0.0017843822572114,0.4727272727272727,0.0038484357559917,0.2727272727272727,0.004128148551308,0.3636363636363636,0.0065922736648342,0.4909090909090909
2795205179,E020,boundary_aware,moderate,0.0022432038855798,0.0092246167254468,0.4863636363636364,0.0041797491296365,0.0015391416499594,0.2727272727272727,0.0018648746246397,0.4727272727272727,0.0025723397602282,0.5272727272727272,0.0029964595074917,0.6727272727272727
2795205179,E020,boundary_aware,strong,0.003722613501983,0.015983969378988,0.4045454545454545,0.0041797491296365,0.0021691960971184,0.2363636363636363,0.0023480152042363,0.4181818181818181,0.0034504980648325,0.4727272727272727,0.0069227446417447,0.4909090909090909
2795205179,E020,robust_control_aware,moderate,0.0011812351164047,0.0047970720778831,0.6681818181818182,0.0041797491296365,0.0009985080377011,0.4,0.0009863374977258,0.6181818181818182,0.0014321611241658,0.7090909090909091,0.0013079338060261,0.9454545454545454
2795205179,E020,robust_control_aware,strong,0.0019937811587295,0.0086993224015253,0.5636363636363636,0.0041797491296365,0.0015039984962936,0.3454545454545454,0.0014823151491013,0.5454545454545454,0.0021159146054387,0.5818181818181818,0.0028728963840845,0.7818181818181819
2795205179,E031,boundary_aware,moderate,0.0050956176411326,0.0186133548293067,0.3227272727272727,0.0041797491296365,0.0034210356992026,0.4,0.0038914090005864,0.2,0.0053539293262104,0.3090909090909091,0.0077160965385312,0.3818181818181818
2795205179,E031,boundary_aware,strong,0.0063260600333645,0.0234698673793051,0.2681818181818182,0.0041797491296365,0.0043975251643959,0.3272727272727272,0.0041978711510978,0.1636363636363636,0.0062519453574475,0.2727272727272727,0.010456898460517,0.3090909090909091
2795205179,E031,robust_control_aware,moderate,0.0038293006248827,0.0137406366623508,0.3954545454545454,0.0041797491296365,0.0031133841620102,0.3272727272727272,0.0040637646188471,0.2363636363636363,0.0039468771548753,0.4181818181818181,0.004193176563798,0.6
2795205179,E031,robust_control_aware,strong,0.0053672250728559,0.019648131365215,0.3181818181818182,0.0041797491296365,0.0038476076932071,0.2727272727272727,0.0041485957208885,0.2363636363636363,0.0055312823828967,0.3090909090909091,0.0079414144944313,0.4545454545454545
2850690596,E020,boundary_aware,moderate,0.0031763392944953,0.0114971946373154,0.359090909090909,0.0033900113737448,0.0018632577583695,0.2545454545454545,0.0023666819740855,0.2909090909090909,0.0030087731160823,0.4545454545454545,0.0054666443294438,0.4363636363636363
2850690596,E020,boundary_aware,strong,0.0050676914317875,0.0165272221267655,0.2863636363636364,0.0033900113737448,0.0030157720371285,0.2363636363636363,0.0033743384203309,0.2727272727272727,0.0048344492385777,0.3818181818181818,0.0090462060311128,0.2545454545454545
2850690596,E020,robust_control_aware,moderate,0.0011667080939185,0.0056541564774546,0.6181818181818182,0.0033900113737448,0.0007327804275203,0.4363636363636363,0.0015382568303602,0.4909090909090909,0.0011233044903117,0.7272727272727273,0.001272490627482,0.8181818181818182
2850690596,E020,robust_control_aware,strong,0.0026438130365221,0.0114971946373154,0.4681818181818182,0.0033900113737448,0.0015806877210707,0.3636363636363636,0.0021466344698832,0.4363636363636363,0.0026517988157677,0.509090909090909,0.0041961311393668,0.5636363636363636
2850690596,E031,boundary_aware,moderate,0.0047586909034619,0.0153600903610071,0.2909090909090909,0.0033900113737448,0.0029239579644317,0.2545454545454545,0.0040540149605385,0.2545454545454545,0.0034068946178184,0.3636363636363636,0.0086498960710589,0.2909090909090909
2850690596,E031,boundary_aware,strong,0.005470398656861,0.0159836525546373,0.2772727272727273,0.0033900113737448,0.0034972261893603,0.2363636363636363,0.004020890243374,0.2727272727272727,0.0042565607659963,0.3272727272727272,0.0101069174287132,0.2727272727272727
2850690596,E031,robust_control_aware,moderate,0.0041256159070474,0.0148230629485861,0.359090909090909,0.0033900113737448,0.0023735195969531,0.3272727272727272,0.0037710562652791,0.2727272727272727,0.0035945885176752,0.3818181818181818,0.0067632992482823,0.4545454545454545
2850690596,E031,robust_control_aware,strong,0.0052507658287715,0.0159836525546373,0.2818181818181818,0.0033900113737448,0.0038470106401605,0.1818181818181818,0.0041300203812975,0.2727272727272727,0.004472278793578,0.3272727272727272,0.0085537535000502,0.3454545454545454
2886865402,E020,boundary_aware,moderate,0.0027254549373381,0.0110196679101641,0.4363636363636363,0.0036938832052054,0.0015434688842412,0.3818181818181818,0.0022274692856227,0.3636363636363636,0.0032821221374298,0.4,0.0038487594420587,0.6
2886865402,E020,boundary_aware,strong,0.0040933250426,0.0134459334939124,0.35,0.0036938832052054,0.002802034970492,0.2909090909090909,0.0032199268064254,0.2545454545454545,0.0037179923874859,0.3818181818181818,0.0066333460059967,0.4727272727272727
2886865402,E020,robust_control_aware,moderate,0.0010451348489921,0.0054308317092928,0.6681818181818182,0.0036938832052054,0.0010231373094923,0.4909090909090909,0.0014719324547041,0.5454545454545454,0.0013085999975786,0.7090909090909091,0.0003768696341936,0.9272727272727272
2886865402,E020,robust_control_aware,strong,0.0021433326885863,0.0097085437132124,0.5272727272727272,0.0036938832052054,0.0016036146849791,0.3818181818181818,0.0022973104116558,0.4363636363636363,0.002481752502108,0.5454545454545454,0.0021906531556025,0.7454545454545455
2886865402,E031,boundary_aware,moderate,0.0049834381351061,0.0187537826975836,0.3181818181818182,0.0036938832052054,0.0037278840170679,0.3090909090909091,0.0030660074226305,0.3090909090909091,0.0045884639359847,0.3636363636363636,0.0085513971647413,0.2909090909090909
2886865402,E031,boundary_aware,strong,0.006183994724817,0.0223798133326019,0.2727272727272727,0.0036938832052054,0.0046662214603258,0.2909090909090909,0.0041273313729237,0.2545454545454545,0.0050276722730447,0.3272727272727272,0.0109147537929738,0.2181818181818181
2886865402,E031,robust_control_aware,moderate,0.0037449295725919,0.0124682944060974,0.3727272727272727,0.0036938832052054,0.0024817472486575,0.3272727272727272,0.0028077172753183,0.3272727272727272,0.0036821268839736,0.3636363636363636,0.0060081268824184,0.4727272727272727
2886865402,E031,robust_control_aware,strong,0.0051276279481407,0.0167047936909968,0.3045454545454545,0.0036938832052054,0.0044702968382285,0.2,0.0033008923903124,0.3090909090909091,0.0046857109673217,0.3454545454545454,0.0080536115967001,0.3636363636363636
2586607378,E020,boundary_aware,moderate,0.0024487158436108,0.0091171481646597,0.4409090909090909,0.0032373224363105,0.0018934509847072,0.3454545454545454,0.0017605986978632,0.3636363636363636,0.0026183152638224,0.4909090909090909,0.0035224984280502,0.5636363636363636
2586607378,E020,boundary_aware,strong,0.0035400233134051,0.010779514587161,0.3636363636363636,0.0032373224363105,0.0032154499069048,0.2727272727272727,0.0023920541529117,0.3454545454545454,0.0033316285500474,0.4363636363636363,0.0052209606437564,0.4
2586607378,E020,robust_control_aware,moderate,0.0011101008625746,0.0058889144334016,0.65,0.0032373224363105,0.0012754068998818,0.4545454545454545,0.001259099869486,0.5272727272727272,0.0015078434351433,0.6909090909090909,0.0003980532457874,0.9272727272727272
2586607378,E020,robust_control_aware,strong,0.0019285101698122,0.0085095715849978,0.5590909090909091,0.0032373224363105,0.0020255336649585,0.4545454545454545,0.0018878727463714,0.4363636363636363,0.0024277455427895,0.5636363636363636,0.0013728887251295,0.7818181818181819
2586607378,E031,boundary_aware,moderate,0.0041013479730093,0.0121934193229903,0.3090909090909091,0.0032373224363105,0.0033383174024159,0.1818181818181818,0.0037068027921545,0.2363636363636363,0.0042438461060184,0.3818181818181818,0.0051164255914483,0.4363636363636363
2586607378,E031,boundary_aware,strong,0.0049344315887726,0.0154709841122469,0.2954545454545454,0.0032373224363105,0.0034992568540319,0.1818181818181818,0.0043904393092432,0.2727272727272727,0.0049004120494976,0.3636363636363636,0.0069476181423175,0.3636363636363636
2586607378,E031,robust_control_aware,moderate,0.0033746626890504,0.0115177103999076,0.3954545454545454,0.0032373224363105,0.0030946436959015,0.2181818181818181,0.0036739054973882,0.2909090909090909,0.0033664513700278,0.4545454545454545,0.0033636501928841,0.6181818181818182
2586607378,E031,robust_control_aware,strong,0.0047783386021028,0.0126271849917615,0.2909090909090909,0.0032373224363105,0.0039707742786378,0.1818181818181818,0.0046494579794243,0.1818181818181818,0.0044726052638525,0.3818181818181818,0.0060205168864967,0.4181818181818181
2735447405,E020,boundary_aware,moderate,0.003056396918945,0.012824493600549,0.4409090909090909,0.003777411101232,0.0023638861139274,0.4,0.002198551535411,0.3818181818181818,0.0029377885554537,0.4,0.0047253614709878,0.5818181818181818
2735447405,E020,boundary_aware,strong,0.005664025096399,0.0200418931799798,0.2954545454545454,0.003777411101232,0.0041052130519133,0.2909090909090909,0.0044596350097857,0.2181818181818181,0.0043527452487966,0.3090909090909091,0.0097385070751006,0.3636363636363636
2735447405,E020,robust_control_aware,moderate,0.0010420904809736,0.0055804160499746,0.65,0.003777411101232,0.0009177780433168,0.4363636363636363,0.001383560473991,0.5272727272727272,0.0014606450035475,0.6727272727272727,0.0004063784030391,0.9636363636363636
2735447405,E020,robust_control_aware,strong,0.0032073887805721,0.0130341331226683,0.4681818181818182,0.003777411101232,0.0024397149245169,0.3818181818181818,0.0026067008941093,0.4181818181818181,0.0029172324448807,0.4181818181818181,0.0048659068587813,0.6545454545454545
2735447405,E031,boundary_aware,moderate,0.004148843337631,0.0161218422691086,0.3818181818181818,0.003777411101232,0.002743664184954,0.3818181818181818,0.0035072669642203,0.3090909090909091,0.004764448427607,0.3272727272727272,0.0055799937737426,0.509090909090909
2735447405,E031,boundary_aware,strong,0.0052750624766309,0.0189375266918951,0.3227272727272727,0.003777411101232,0.0036945910577629,0.2545454545454545,0.0041767983234068,0.2909090909090909,0.0048088014498098,0.3636363636363636,0.0084200590755443,0.3818181818181818
2735447405,E031,robust_control_aware,moderate,0.003012616005096,0.0119772608535099,0.45,0.003777411101232,0.0025509308201619,0.3272727272727272,0.00299349669724,0.3818181818181818,0.003934234504376,0.3454545454545454,0.0025718019986063,0.7454545454545455
2735447405,E031,robust_control_aware,strong,0.004343680453407,0.0161234342388095,0.359090909090909,0.003777411101232,0.0031164010575658,0.2909090909090909,0.003368631762657,0.3090909090909091,0.0052543027662832,0.3090909090909091,0.0056353862271222,0.5272727272727272
2688569831,E020,boundary_aware,moderate,0.0027264926892981,0.0104436745648003,0.4227272727272727,0.0033314952586299,0.0012190436189546,0.3636363636363636,0.0033355031862545,0.2909090909090909,0.0023080683963997,0.4909090909090909,0.0040433555555837,0.5454545454545454
2688569831,E020,boundary_aware,strong,0.0047632279015578,0.0179244273408403,0.3136363636363636,0.0033314952586299,0.0030864195785049,0.2909090909090909,0.0047132567687968,0.1818181818181818,0.003687966186572,0.3636363636363636,0.0075652690723575,0.4181818181818181
2688569831,E020,robust_control_aware,moderate,0.0010830889390579,0.0049226938889498,0.6318181818181818,0.0033314952586299,0.0009744240165327,0.4545454545454545,0.0017144290618043,0.4363636363636363,0.0010031040149135,0.7272727272727273,0.0006403986629814,0.9090909090909092
2688569831,E020,robust_control_aware,strong,0.0024613411167504,0.0093353827067798,0.4681818181818182,0.0033314952586299,0.0014447360150873,0.3818181818181818,0.0029313814836543,0.3090909090909091,0.0022078723256014,0.509090909090909,0.0032613746426587,0.6727272727272727
2688569831,E031,boundary_aware,moderate,0.0047221829463754,0.0153133700837129,0.2909090909090909,0.0033314952586299,0.0032268102804391,0.2727272727272727,0.0038630532146536,0.2181818181818181,0.0042218660972139,0.3454545454545454,0.007577002193195,0.3272727272727272
2688569831,E031,boundary_aware,strong,0.0059387689930004,0.0214347743514344,0.2272727272727272,0.0033314952586299,0.0034773231073311,0.2,0.0051837959087213,0.1454545454545454,0.0044313883176602,0.3454545454545454,0.0106625686382889,0.2181818181818181
2688569831,E031,robust_control_aware,moderate,0.0037801695003519,0.0120138049454181,0.3272727272727272,0.0033314952586299,0.0024222773770749,0.3454545454545454,0.0038590885388723,0.1454545454545454,0.0036775426431641,0.3636363636363636,0.0051617694422964,0.4545454545454545
2688569831,E031,robust_control_aware,strong,0.0050338707941988,0.0154472201445774,0.2727272727272727,0.0033314952586299,0.003302977488552,0.2909090909090909,0.0042861613884791,0.1636363636363636,0.0045257066846696,0.3272727272727272,0.0080206376150943,0.3090909090909091
2724652561,E020,boundary_aware,moderate,0.0028403049004485,0.0118805174273545,0.4545454545454545,0.0034910370646041,0.0022878502733875,0.3272727272727272,0.0021346821099118,0.4,0.0025787524216684,0.4727272727272727,0.0043599347968263,0.6181818181818182
2724652561,E020,boundary_aware,strong,0.0047433411401171,0.0170087604918044,0.3681818181818181,0.0034910370646041,0.0039690857930887,0.2545454545454545,0.0040348236156405,0.3636363636363636,0.0043826219597177,0.3636363636363636,0.0065868331920213,0.4909090909090909
2724652561,E020,robust_control_aware,moderate,0.0011298471098495,0.0055347670675265,0.6772727272727272,0.0034910370646041,0.0011407357259255,0.4545454545454545,0.0014226662985818,0.5818181818181818,0.0010053039234007,0.7636363636363637,0.0009506824914902,0.9090909090909092
2724652561,E020,robust_control_aware,strong,0.0024446293600182,0.0096106224920982,0.5318181818181819,0.0034910370646041,0.0023768267850457,0.3818181818181818,0.0027878777673464,0.4545454545454545,0.0020945163373434,0.5454545454545454,0.0025192965503374,0.7454545454545455
2724652561,E031,boundary_aware,moderate,0.0048895549397462,0.0181073006362909,0.3454545454545454,0.0034910370646041,0.0035747770576821,0.3272727272727272,0.0043992268871806,0.2909090909090909,0.0038443590443334,0.4363636363636363,0.0077398567697886,0.3272727272727272
2724652561,E031,boundary_aware,strong,0.0063725140103699,0.0229413962989201,0.3045454545454545,0.0034910370646041,0.0048830282807381,0.2727272727272727,0.0055048089430375,0.2727272727272727,0.0059666739663034,0.3818181818181818,0.0091355448514006,0.2909090909090909
2724652561,E031,robust_control_aware,moderate,0.0035850470250223,0.0131798981722597,0.4045454545454545,0.0034910370646041,0.0029690533868332,0.2545454545454545,0.0039013827393532,0.3272727272727272,0.0031716797211025,0.4909090909090909,0.0042980722528002,0.5454545454545454
2724652561,E031,robust_control_aware,strong,0.0052477851388803,0.02035670409516,0.3454545454545454,0.0034910370646041,0.0046975496051227,0.2363636363636363,0.0044478697963845,0.2909090909090909,0.0042175956111577,0.4909090909090909,0.0076281255428561,0.3636363636363636
2769739939,E020,boundary_aware,moderate,0.0025618286166025,0.0114383824908648,0.4681818181818182,0.0039454053236036,0.0016745846913607,0.3454545454545454,0.0017087693375288,0.4363636363636363,0.0025681332397204,0.5272727272727272,0.0042958271978,0.5636363636363636
2769739939,E020,boundary_aware,strong,0.0041261040942188,0.0141383637551545,0.3636363636363636,0.0039454053236036,0.0024579062202592,0.2909090909090909,0.0035217494169646,0.3272727272727272,0.0035239447834238,0.4363636363636363,0.0070008159562277,0.4
2769739939,E020,robust_control_aware,moderate,0.0009290664856347,0.0062639583133307,0.6909090909090909,0.0039454053236036,0.0009946404366731,0.4727272727272727,0.0011868770644466,0.5454545454545454,0.0008138630023409,0.8363636363636363,0.0007208854390779,0.9090909090909092
2769739939,E020,robust_control_aware,strong,0.0018774022457616,0.0086088559708359,0.5590909090909091,0.0039454053236036,0.0014510793213812,0.4,0.0016054577262148,0.4363636363636363,0.0019271809276425,0.6363636363636364,0.002525891007808,0.7636363636363637
2769739939,E031,boundary_aware,moderate,0.0046552498093208,0.0173044797033071,0.3,0.0039454053236036,0.002736259126831,0.2363636363636363,0.0029121636777346,0.2727272727272727,0.0039180966347343,0.3090909090909091,0.0090544797979834,0.3818181818181818
2769739939,E031,boundary_aware,strong,0.0060379012265714,0.0244092835636693,0.2545454545454545,0.0039454053236036,0.0032950506708613,0.1818181818181818,0.0040745848952078,0.2727272727272727,0.0047412290813591,0.2727272727272727,0.0120407402588576,0.2909090909090909
2769739939,E031,robust_control_aware,moderate,0.0034270873192679,0.0132025605998933,0.3909090909090909,0.0039454053236036,0.0022630633496253,0.2181818181818181,0.0023593835936439,0.3090909090909091,0.0041185298560751,0.4,0.0049673724777274,0.6363636363636364
2769739939,E031,robust_control_aware,strong,0.0047318517339144,0.0159338942728936,0.2954545454545454,0.0039454053236036,0.0029067837618848,0.2,0.0029054415053642,0.2727272727272727,0.0045495455042184,0.3090909090909091,0.0085656361641905,0.4
2892619186,E020,boundary_aware,moderate,0.0025522340703327,0.0100310966235458,0.4772727272727273,0.0037993834585507,0.0018046801387988,0.3818181818181818,0.0020036966681862,0.4181818181818181,0.0027911337818714,0.4545454545454545,0.0036094256924744,0.6545454545454545
2892619186,E020,boundary_aware,strong,0.0040653857389462,0.0140012427447856,0.3863636363636363,0.0037993834585507,0.0037607661433374,0.2545454545454545,0.0026666083634049,0.4,0.0036534870253621,0.3818181818181818,0.0061806814236802,0.509090909090909
2892619186,E020,robust_control_aware,moderate,0.0010190975559555,0.0050107284869436,0.6590909090909091,0.0037993834585507,0.0010612181732838,0.4545454545454545,0.0015807725770915,0.5272727272727272,0.0012209294674852,0.6909090909090909,0.0002134700059614,0.9636363636363636
2892619186,E020,robust_control_aware,strong,0.0027680735610146,0.0119794506506875,0.4954545454545455,0.0037993834585507,0.002318740372752,0.3272727272727272,0.0026579949095328,0.4727272727272727,0.0024250199949484,0.509090909090909,0.003670538966825,0.6727272727272727
2892619186,E031,boundary_aware,moderate,0.0049850310564581,0.0163358826722055,0.3136363636363636,0.0037993834585507,0.0041689922089372,0.2727272727272727,0.0043496094761788,0.2909090909090909,0.0045983493845157,0.2727272727272727,0.0068231731562008,0.4181818181818181
2892619186,E031,boundary_aware,strong,0.0061927885823344,0.0176859334157707,0.2727272727272727,0.0037993834585507,0.0043696481310146,0.2909090909090909,0.0054492731958314,0.2545454545454545,0.0047397359659339,0.2909090909090909,0.0102124970365576,0.2545454545454545
2892619186,E031,robust_control_aware,moderate,0.0037514082731443,0.0141852603868516,0.4090909090909091,0.0037993834585507,0.0028781909075086,0.3454545454545454,0.0048426954658152,0.2909090909090909,0.00432049584987,0.2909090909090909,0.0029642508693832,0.7090909090909091
2892619186,E031,robust_control_aware,strong,0.0055968865964614,0.0169585227475557,0.3,0.0037993834585507,0.0046678826097906,0.2545454545454545,0.0052618713210231,0.2363636363636363,0.0047266690850468,0.2727272727272727,0.0077311233699849,0.4363636363636363
2655425949,E020,boundary_aware,moderate,0.0028260008929916,0.0119961160655887,0.4454545454545454,0.0038189176561143,0.0015433893146391,0.3818181818181818,0.0033590911257761,0.3636363636363636,0.0028220386533377,0.4363636363636363,0.0035794844782134,0.6
2655425949,E020,boundary_aware,strong,0.0046355952786282,0.0151217627178279,0.3227272727272727,0.0038189176561143,0.0036745175576772,0.2363636363636363,0.0038652141735816,0.3090909090909091,0.0042996232278793,0.3454545454545454,0.0067030261553746,0.4
2655425949,E020,robust_control_aware,moderate,0.0010400628036698,0.0048842935590073,0.6363636363636364,0.0038189176561143,0.0011217171109558,0.4,0.0010974885803936,0.6,0.0014704014292184,0.6181818181818182,0.0004706440941114,0.9272727272727272
2655425949,E020,robust_control_aware,strong,0.0022480192548007,0.0104188794502988,0.5136363636363637,0.0038189176561143,0.0014544657230104,0.3818181818181818,0.0023278257486931,0.4727272727272727,0.0021128673376782,0.509090909090909,0.003096918209821,0.6909090909090909
2655425949,E031,boundary_aware,moderate,0.004773509580206,0.0153685119003057,0.2681818181818182,0.0038189176561143,0.002809745541252,0.2545454545454545,0.0035086896651561,0.1818181818181818,0.0045421217921066,0.2363636363636363,0.0082334813223093,0.4
2655425949,E031,boundary_aware,strong,0.0060566632832173,0.0218619275422111,0.25,0.0038189176561143,0.0040265434025869,0.2363636363636363,0.0039709104452855,0.1818181818181818,0.00533911431849,0.2363636363636363,0.0108900849665069,0.3454545454545454
2655425949,E031,robust_control_aware,moderate,0.0039025509300197,0.0126128623661497,0.3318181818181818,0.0038189176561143,0.0026354087764813,0.2545454545454545,0.0031992838661325,0.2545454545454545,0.0044146730544196,0.3090909090909091,0.0053608380230453,0.509090909090909
2655425949,E031,robust_control_aware,strong,0.005101658671148,0.015664089564234,0.2590909090909091,0.0038189176561143,0.003394981454665,0.2363636363636363,0.0034232824199347,0.2181818181818181,0.0049163735999056,0.1818181818181818,0.0086719972100868,0.4
2550355338,E020,boundary_aware,moderate,0.0030681446962803,0.0110087234327716,0.3863636363636363,0.0038138309535819,0.0021948630363344,0.2545454545454545,0.0028346626037356,0.3090909090909091,0.0036118961141191,0.3818181818181818,0.0036311570309321,0.6
2550355338,E020,boundary_aware,strong,0.0061471974337865,0.0204499689433107,0.2863636363636364,0.0038138309535819,0.0042182184037822,0.1818181818181818,0.0048107096721108,0.2727272727272727,0.0058248591758335,0.2727272727272727,0.0097350024834196,0.4181818181818181
2550355338,E020,robust_control_aware,moderate,0.0012837977165646,0.0061354752887171,0.6227272727272727,0.0038138309535819,0.0008319732431447,0.4727272727272727,0.0016067401617312,0.5454545454545454,0.0021322582319288,0.5636363636363636,0.0005642192294537,0.9090909090909092
2550355338,E020,robust_control_aware,strong,0.0047012222724782,0.0185867512442658,0.4181818181818181,0.0038138309535819,0.0032608405326719,0.3272727272727272,0.0041616095902362,0.3636363636363636,0.0049118977194122,0.3818181818181818,0.0064705412475926,0.6
2550355338,E031,boundary_aware,moderate,0.0050209233357688,0.0189843575470149,0.3272727272727272,0.0038138309535819,0.0026646692835741,0.2909090909090909,0.0050720207531532,0.3090909090909091,0.0041194383998296,0.3272727272727272,0.0082275649065185,0.3818181818181818
2550355338,E031,boundary_aware,strong,0.0068387911621638,0.0257313649390684,0.2818181818181818,0.0038138309535819,0.0044743259213706,0.2545454545454545,0.0074078307137634,0.2545454545454545,0.0050227387934244,0.2909090909090909,0.0104502692200967,0.3272727272727272
2550355338,E031,robust_control_aware,moderate,0.0037253249249581,0.0130747571504175,0.3909090909090909,0.0038138309535819,0.0030697905848894,0.2363636363636363,0.0041985995161588,0.3454545454545454,0.0036672744975122,0.3454545454545454,0.0039656351012721,0.6363636363636364
2550355338,E031,robust_control_aware,strong,0.0049609717954213,0.0175674016121774,0.3272727272727272,0.0038138309535819,0.003408766553941,0.2363636363636363,0.0048836033420115,0.3090909090909091,0.0037919393123096,0.3090909090909091,0.0077595779734231,0.4545454545454545
2819992910,E020,boundary_aware,moderate,0.002687608637493,0.0108570323325693,0.45,0.0034888732505954,0.001597867914867,0.4,0.0022981145935736,0.3636363636363636,0.0031577455436155,0.4545454545454545,0.0036967064979159,0.5818181818181818
2819992910,E020,boundary_aware,strong,0.0041595033796692,0.0167826900617164,0.3863636363636363,0.0034888732505954,0.0022926439704462,0.4,0.003672251454552,0.3272727272727272,0.004703172777643,0.3636363636363636,0.0059699453160355,0.4545454545454545
2819992910,E020,robust_control_aware,moderate,0.001127123735567,0.0061292667437679,0.6454545454545455,0.0034888732505954,0.0009283998122077,0.4545454545454545,0.0015363053768602,0.509090909090909,0.0015237870271807,0.7090909090909091,0.0005200027260193,0.9090909090909092
2819992910,E020,robust_control_aware,strong,0.0021628188378113,0.0097819280510954,0.5363636363636364,0.0034888732505954,0.0012817570800114,0.4545454545454545,0.0020185056855897,0.4727272727272727,0.0029160088561235,0.5272727272727272,0.0024350037295207,0.6909090909090909
2819992910,E031,boundary_aware,moderate,0.0045946688454698,0.0167714097389325,0.3409090909090909,0.0034888732505954,0.003149692137477,0.2909090909090909,0.0037677124452994,0.3818181818181818,0.0046610357473751,0.3454545454545454,0.0068002350517278,0.3454545454545454
2819992910,E031,boundary_aware,strong,0.0057906327695389,0.0184933031084926,0.2727272727272727,0.0034888732505954,0.004067926784393,0.2363636363636363,0.0047035120705102,0.3090909090909091,0.0060031902192415,0.2727272727272727,0.0083879020040109,0.2727272727272727
2819992910,E031,robust_control_aware,moderate,0.0039541544034338,0.0140026545389491,0.3909090909090909,0.0034888732505954,0.0030222496043593,0.3454545454545454,0.0034225075820403,0.4,0.004191604126015,0.3454545454545454,0.0051802563013205,0.4727272727272727
2819992910,E031,robust_control_aware,strong,0.0048427755187623,0.0151005879975855,0.3181818181818182,0.0034888732505954,0.0033865126285074,0.3090909090909091,0.0044649353692918,0.2727272727272727,0.0045735370408014,0.3454545454545454,0.0069461170364484,0.3454545454545454
2742807292,E020,boundary_aware,moderate,0.0024716699809635,0.0100605440225168,0.45,0.0032932128475679,0.0015425493766439,0.4181818181818181,0.0017385110398036,0.3636363636363636,0.0027621692759689,0.4,0.0038434502314375,0.6181818181818182
2742807292,E020,boundary_aware,strong,0.0040930046200667,0.0169285402059745,0.3863636363636363,0.0032932128475679,0.002145669559784,0.4,0.0034707788700005,0.3272727272727272,0.0037194316657976,0.4,0.0070361383846847,0.4181818181818181
2742807292,E020,robust_control_aware,moderate,0.0010411194030663,0.0052101245999284,0.65,0.0032932128475679,0.0010515799053316,0.4545454545454545,0.0011437030884888,0.5272727272727272,0.0010506518976118,0.7454545454545455,0.0009185427208332,0.8727272727272727
2742807292,E020,robust_control_aware,strong,0.0019752128260459,0.0088796605659908,0.5545454545454546,0.0032932128475679,0.0010337087173607,0.4545454545454545,0.0013462574369434,0.4909090909090909,0.0020366738091154,0.6181818181818182,0.0034842113407641,0.6545454545454545
2742807292,E031,boundary_aware,moderate,0.0045670199775889,0.0170568236391321,0.3318181818181818,0.0032932128475679,0.0026894359526391,0.2545454545454545,0.0029775593392348,0.3272727272727272,0.0046195963832817,0.3636363636363636,0.0079814882352,0.3818181818181818
2742807292,E031,boundary_aware,strong,0.0062236677239195,0.0233870076957972,0.2590909090909091,0.0032932128475679,0.0040330533396853,0.2545454545454545,0.0042208689243664,0.2181818181818181,0.0054236391661194,0.3090909090909091,0.0112171094655069,0.2545454545454545
2742807292,E031,robust_control_aware,moderate,0.0037323528266861,0.0147430081578904,0.359090909090909,0.0032932128475679,0.0024511097637516,0.2181818181818181,0.0028448695509038,0.3454545454545454,0.0044808654795731,0.3454545454545454,0.0051525665125161,0.5272727272727272
2742807292,E031,robust_control_aware,strong,0.0045212914411604,0.0158997925787282,0.3227272727272727,0.0032932128475679,0.0032350309031427,0.2181818181818181,0.0034280666449685,0.3090909090909091,0.0045076327171937,0.3454545454545454,0.0069144354993366,0.4181818181818181
2573597253,E020,boundary_aware,moderate,0.002714925476827,0.0106373363640159,0.4272727272727272,0.0034666564266253,0.0016497245520814,0.3454545454545454,0.0024146659595882,0.4727272727272727,0.0027374015999964,0.3818181818181818,0.004057909795642,0.509090909090909
2573597253,E020,boundary_aware,strong,0.0043897991463224,0.0152423570863902,0.3272727272727272,0.0034666564266253,0.002757651269835,0.2545454545454545,0.0036020602445101,0.3818181818181818,0.0043327472604169,0.2727272727272727,0.0068667378105277,0.4
2573597253,E020,robust_control_aware,moderate,0.001192165181069,0.0050331642779995,0.6227272727272727,0.0034666564266253,0.0011158094978155,0.3636363636363636,0.0010869360342228,0.6363636363636364,0.001372770296976,0.6181818181818182,0.0011931448952615,0.8727272727272727
2573597253,E020,robust_control_aware,strong,0.0023093194550935,0.0090821973346387,0.5181818181818182,0.0034666564266253,0.0021565307248669,0.3272727272727272,0.0023950280990401,0.509090909090909,0.0020175234228573,0.509090909090909,0.0026681955736098,0.7272727272727273
2573597253,E031,boundary_aware,moderate,0.0042258813451596,0.0178830159835049,0.3545454545454545,0.0034666564266253,0.002110064928325,0.3636363636363636,0.0034888831046203,0.3454545454545454,0.0058165029153968,0.1818181818181818,0.0054880744322963,0.5272727272727272
2573597253,E031,boundary_aware,strong,0.0055330506566665,0.0222708954622548,0.2954545454545454,0.0034666564266253,0.0029080544538195,0.3090909090909091,0.0055131713395909,0.2363636363636363,0.0060716174407367,0.2,0.007639359392519,0.4363636363636363
2573597253,E031,robust_control_aware,moderate,0.0037481014717703,0.0140266045844614,0.3681818181818181,0.0034666564266253,0.0022572649989962,0.3454545454545454,0.0024697646445526,0.3454545454545454,0.0049925082953982,0.2,0.0052728679481341,0.5818181818181818
2573597253,E031,robust_control_aware,strong,0.0049120485101616,0.019843528218762,0.3409090909090909,0.0034666564266253,0.0027225140298303,0.3454545454545454,0.004581394969712,0.2909090909090909,0.0059400733920564,0.2181818181818181,0.0064042116490476,0.509090909090909
2733580940,E020,boundary_aware,moderate,0.0027279907727337,0.0113104149928321,0.45,0.0037251760292944,0.001782932256669,0.3272727272727272,0.0028562548702635,0.3636363636363636,0.0025476468298087,0.4909090909090909,0.0037251291341937,0.6181818181818182
2733580940,E020,boundary_aware,strong,0.0044967078264841,0.0156680395128205,0.35,0.0037251760292944,0.0031391739208094,0.3090909090909091,0.0031818408337864,0.3454545454545454,0.0039793482631242,0.3818181818181818,0.0076864682882165,0.3636363636363636
2733580940,E020,robust_control_aware,moderate,0.0010063648867477,0.0054776618593271,0.6636363636363637,0.0037251760292944,0.0008874990089512,0.3454545454545454,0.000951191422964,0.7090909090909091,0.0013201208967635,0.7272727272727273,0.0008666482183122,0.8727272727272727
2733580940,E020,robust_control_aware,strong,0.0019995834900562,0.0083126651687741,0.5363636363636364,0.0037251760292944,0.0015248844109842,0.3454545454545454,0.0017683201622199,0.4545454545454545,0.0020684843704027,0.6181818181818182,0.0026366450166179,0.7272727272727273
2733580940,E031,boundary_aware,moderate,0.0038592314566796,0.0156867228594639,0.3681818181818181,0.0037251760292944,0.0030942364015347,0.3454545454545454,0.0024097061418641,0.3272727272727272,0.0037044346317347,0.3636363636363636,0.0062285486515847,0.4363636363636363
2733580940,E031,boundary_aware,strong,0.0049892275390238,0.0196131216215004,0.3409090909090909,0.0037251760292944,0.0042576167992181,0.3636363636363636,0.0034063181913403,0.3090909090909091,0.0045924136306025,0.2909090909090909,0.0077005615349342,0.4
2733580940,E031,robust_control_aware,moderate,0.0032452041682124,0.0121511405041693,0.4181818181818181,0.0037251760292944,0.0026890080892886,0.3818181818181818,0.0023622125408109,0.3272727272727272,0.0036238980703155,0.3636363636363636,0.0043056979724345,0.6
2733580940,E031,robust_control_aware,strong,0.0041315753228891,0.0153229267131716,0.3636363636363636,0.0037251760292944,0.0035765557931468,0.3454545454545454,0.0023337421070979,0.3454545454545454,0.0044855297109211,0.2909090909090909,0.0061304736803905,0.4727272727272727
2766388258,E020,boundary_aware,moderate,0.0030742473027628,0.0117103978057096,0.4045454545454545,0.0034748517196283,0.0011985486713477,0.3818181818181818,0.0028637834565196,0.3272727272727272,0.0027501254168644,0.4181818181818181,0.0054845316663195,0.4909090909090909
2766388258,E020,boundary_aware,strong,0.0042510514933613,0.0171511815874581,0.3227272727272727,0.0034748517196283,0.0023171439212908,0.3090909090909091,0.0039439343449013,0.2545454545454545,0.0035328056699021,0.3272727272727272,0.0072103220373511,0.4
2766388258,E020,robust_control_aware,moderate,0.0012561281287978,0.0050902420451751,0.5954545454545455,0.0034748517196283,0.0006463443100051,0.4363636363636363,0.0013119123158414,0.4363636363636363,0.0013397310624325,0.6727272727272727,0.0017265248269122,0.8363636363636363
2766388258,E020,robust_control_aware,strong,0.0023609569253826,0.0109768435681711,0.4727272727272727,0.0034748517196283,0.0011297421936867,0.3818181818181818,0.0021340562195442,0.3272727272727272,0.0021300983763517,0.5454545454545454,0.0040499309119479,0.6363636363636364
2766388258,E031,boundary_aware,moderate,0.0038604416367676,0.0125182733405381,0.3318181818181818,0.0034748517196283,0.0025866339455244,0.2,0.0023371685682612,0.2727272727272727,0.0032684213317003,0.4909090909090909,0.0072495427015844,0.3636363636363636
2766388258,E031,boundary_aware,strong,0.0043108105750011,0.0161936294849956,0.3272727272727272,0.0034748517196283,0.0030290370497424,0.2181818181818181,0.002884851905329,0.2545454545454545,0.0033366302837113,0.4727272727272727,0.0079927230612215,0.3636363636363636
2766388258,E031,robust_control_aware,moderate,0.0034735025964053,0.0125017052050679,0.4,0.0034748517196283,0.0028723173079356,0.2545454545454545,0.002885473731459,0.3272727272727272,0.002909348719463,0.509090909090909,0.0052268706267636,0.509090909090909
2766388258,E031,robust_control_aware,strong,0.0042315116413516,0.0134574150816852,0.3227272727272727,0.0034748517196283,0.002839507616226,0.2363636363636363,0.004082807791102,0.2,0.0036744051275559,0.4363636363636363,0.0063293260305224,0.4181818181818181
2894316260,E020,boundary_aware,moderate,0.0033329656968169,0.0146492488216608,0.4090909090909091,0.0038636290336124,0.0019340926855247,0.2363636363636363,0.0025041967767446,0.3818181818181818,0.0024023189017402,0.5636363636363636,0.0064912544232583,0.4545454545454545
2894316260,E020,boundary_aware,strong,0.0046205355231604,0.0160344993735529,0.35,0.0038636290336124,0.0023139499840422,0.2,0.0042223510914854,0.3818181818181818,0.003131801513058,0.4909090909090909,0.008814039504056,0.3272727272727272
2894316260,E020,robust_control_aware,moderate,0.0009371708738496,0.004646084609417,0.6772727272727272,0.0038636290336124,0.0013537154371921,0.3090909090909091,0.0008197050564694,0.6909090909090909,0.0008920208534035,0.7818181818181819,0.0006832421483333,0.9272727272727272
2894316260,E020,robust_control_aware,strong,0.0023437183067569,0.0112943150440297,0.5454545454545454,0.0038636290336124,0.001840312177247,0.3090909090909091,0.0022408302354605,0.4909090909090909,0.0015654117494548,0.6727272727272727,0.0037283190648653,0.7090909090909091
2894316260,E031,boundary_aware,moderate,0.0052285894935864,0.0202645663882151,0.3181818181818182,0.0038636290336124,0.0037834980276406,0.2545454545454545,0.004245210070052,0.2727272727272727,0.0041380671738546,0.3636363636363636,0.0087475827027984,0.3818181818181818
2894316260,E031,boundary_aware,strong,0.0065684558008487,0.0223618233858544,0.2681818181818182,0.0038636290336124,0.0053097872107639,0.2181818181818181,0.005103955754238,0.2545454545454545,0.0048108017993518,0.3090909090909091,0.0110492784390412,0.2909090909090909
2894316260,E031,robust_control_aware,moderate,0.0034905049526899,0.0138788030998705,0.4272727272727272,0.0038636290336124,0.0021523859368511,0.3272727272727272,0.0026389741040031,0.3636363636363636,0.00343585699743,0.4,0.0057348027724755,0.6181818181818182
2894316260,E031,robust_control_aware,strong,0.0052647076592879,0.0213731049918097,0.3227272727272727,0.0038636290336124,0.0037979478775591,0.2363636363636363,0.0040055825790479,0.2727272727272727,0.0042588622078368,0.3636363636363636,0.0089964379727079,0.4181818181818181
2558385932,E020,boundary_aware,moderate,0.0030018814873956,0.0108231901811874,0.45,0.0035338424742171,0.0020557183918394,0.3454545454545454,0.0020685327375845,0.4545454545454545,0.0029715488310417,0.4909090909090909,0.0049117259891167,0.509090909090909
2558385932,E020,boundary_aware,strong,0.0042795385850605,0.0141979856131775,0.359090909090909,0.0035338424742171,0.0031249442765658,0.2727272727272727,0.0029379486056322,0.3636363636363636,0.0043226651676535,0.3818181818181818,0.0067325962903906,0.4181818181818181
2558385932,E020,robust_control_aware,moderate,0.0010746591353922,0.0059381318698455,0.65,0.0035338424742171,0.0013236643954773,0.3636363636363636,0.0012019231135712,0.6181818181818182,0.0013320856230107,0.6909090909090909,0.0004409634095097,0.9272727272727272
2558385932,E020,robust_control_aware,strong,0.0029513659557926,0.0108488287698916,0.4954545454545455,0.0035338424742171,0.0023410478722163,0.3818181818181818,0.0022145962364942,0.4545454545454545,0.0026540745202557,0.5454545454545454,0.0045957451942045,0.6
2558385932,E031,boundary_aware,moderate,0.0047081470333568,0.016233408035451,0.3181818181818182,0.0035338424742171,0.0037153267530787,0.1818181818181818,0.0034456999673886,0.2909090909090909,0.0032075977008062,0.4363636363636363,0.0084639637121537,0.3636363636363636
2558385932,E031,boundary_aware,strong,0.0059919618077502,0.0193336392178286,0.2772727272727273,0.0035338424742171,0.0047015047195941,0.1454545454545454,0.0039117174475346,0.3090909090909091,0.0055449231714753,0.3454545454545454,0.0098097018923967,0.3090909090909091
2558385932,E031,robust_control_aware,moderate,0.0029961228469653,0.0120908123351428,0.4409090909090909,0.0035338424742171,0.0026087699577558,0.2727272727272727,0.0029543448484665,0.3636363636363636,0.0033552525404777,0.4181818181818181,0.0030661240411611,0.7090909090909091
2558385932,E031,robust_control_aware,strong,0.0052157894762613,0.0178245970513671,0.3272727272727272,0.0035338424742171,0.0034208426873648,0.2363636363636363,0.0039838535758234,0.2909090909090909,0.0046546623876712,0.3636363636363636,0.0088037992541858,0.4181818181818181
2702836891,E020,boundary_aware,moderate,0.0025566262622533,0.0100395078407528,0.4409090909090909,0.0036782184116147,0.0018265501777806,0.2909090909090909,0.0021868534003808,0.3454545454545454,0.0027671394643012,0.509090909090909,0.0034459620065505,0.6181818181818182
2702836891,E020,boundary_aware,strong,0.0041531202109039,0.0151627043987922,0.3409090909090909,0.0036782184116147,0.0019418331496301,0.2545454545454545,0.0031736886169185,0.2363636363636363,0.0043876340567402,0.4363636363636363,0.0071093250203271,0.4363636363636363
2702836891,E020,robust_control_aware,moderate,0.0008480425051114,0.0048590876273645,0.6681818181818182,0.0036782184116147,0.0011586050501047,0.4,0.0009083337549506,0.5818181818181818,0.0010190310762373,0.7454545454545455,0.0003062001391529,0.9454545454545454
2702836891,E020,robust_control_aware,strong,0.0016776389364751,0.0078034890789065,0.5454545454545454,0.0036782184116147,0.0014530271277611,0.3272727272727272,0.0019461792338159,0.4181818181818181,0.0017966679392638,0.6181818181818182,0.0015146814450597,0.8181818181818182
2702836891,E031,boundary_aware,moderate,0.0046828673279798,0.017032056038318,0.3181818181818182,0.0036782184116147,0.0021536201012205,0.3272727272727272,0.0041848235477176,0.2363636363636363,0.0042113389515603,0.3636363636363636,0.0081816867114208,0.3454545454545454
2702836891,E031,boundary_aware,strong,0.0060855820877728,0.0217798083875491,0.2590909090909091,0.0036782184116147,0.0027271212138745,0.3090909090909091,0.0056241229216911,0.2,0.0053202204848061,0.3090909090909091,0.0106708637307196,0.2181818181818181
2702836891,E031,robust_control_aware,moderate,0.003899941863991,0.0138407401269266,0.3954545454545454,0.0036782184116147,0.0020434170752806,0.3454545454545454,0.0038982941042626,0.2909090909090909,0.0045024916205147,0.4,0.0051555646559062,0.5454545454545454
2702836891,E031,robust_control_aware,strong,0.0053136058736149,0.0171097934619648,0.3181818181818182,0.0036782184116147,0.0019882086217597,0.3636363636363636,0.0048883363568852,0.2181818181818181,0.0051291802017477,0.3818181818181818,0.0092486983140669,0.3090909090909091
2692147715,E020,boundary_aware,moderate,0.0025028843350004,0.008575492232206,0.45,0.0036833019786773,0.0016212560770875,0.3090909090909091,0.0019728776604705,0.4727272727272727,0.0034859227350896,0.3818181818181818,0.0029314808673538,0.6363636363636364
2692147715,E020,boundary_aware,strong,0.0042208311403581,0.0163947109133005,0.3818181818181818,0.0036833019786773,0.0036606844334151,0.2727272727272727,0.0030616476313033,0.4,0.0047578502717877,0.3454545454545454,0.0054031422249264,0.509090909090909
2692147715,E020,robust_control_aware,moderate,0.0010647119371309,0.0052899202540105,0.6409090909090909,0.0036833019786773,0.0009150261005099,0.4,0.0010615141985808,0.6363636363636364,0.0015816645386254,0.6545454545454545,0.0007006429108074,0.8727272727272727
2692147715,E020,robust_control_aware,strong,0.0019708736981712,0.0085626614182658,0.5272727272727272,0.0036833019786773,0.001877346070896,0.3636363636363636,0.0019576309286021,0.4909090909090909,0.0026598555490425,0.4727272727272727,0.001388662244144,0.7818181818181819
2692147715,E031,boundary_aware,moderate,0.0052632423998152,0.0183924504323021,0.2863636363636364,0.0036833019786773,0.0027403885611549,0.2727272727272727,0.0039503879292345,0.3090909090909091,0.0051881823965814,0.2545454545454545,0.0091740107122899,0.3090909090909091
2692147715,E031,boundary_aware,strong,0.006003981827368,0.0199985031703676,0.2863636363636364,0.0036833019786773,0.0033821869324835,0.2727272727272727,0.0044683074491274,0.3272727272727272,0.0055988783159189,0.2909090909090909,0.0105665546119421,0.2545454545454545
2692147715,E031,robust_control_aware,moderate,0.0043490889601178,0.0148521558847278,0.3636363636363636,0.0036833019786773,0.0018201989309551,0.4,0.0038626773564378,0.3272727272727272,0.0045049485755473,0.2909090909090909,0.007208530977531,0.4363636363636363
2692147715,E031,robust_control_aware,strong,0.0059340573203461,0.0184114798276795,0.2909090909090909,0.0036833019786773,0.0032246029074745,0.2909090909090909,0.0046017198690768,0.3090909090909091,0.0053869203945289,0.2727272727272727,0.0105229861103041,0.2909090909090909
2551080192,E020,boundary_aware,moderate,0.003042848495385,0.0112601370200033,0.4363636363636363,0.0036053602181855,0.0021033189943606,0.3636363636363636,0.0029588111261336,0.3636363636363636,0.0025491998729851,0.4909090909090909,0.0045600639880606,0.5272727272727272
2551080192,E020,boundary_aware,strong,0.0046139219276628,0.0179448189908001,0.3545454545454545,0.0036053602181855,0.0035261522657182,0.2909090909090909,0.003430734288296,0.3090909090909091,0.0031136218270968,0.4363636363636363,0.0083851793295403,0.3818181818181818
2551080192,E020,robust_control_aware,moderate,0.0011394569585456,0.006034680455923,0.5818181818181818,0.0036053602181855,0.0012035972316972,0.2727272727272727,0.0014750055876048,0.4727272727272727,0.0012694443321553,0.6909090909090909,0.000609780682725,0.8909090909090909
2551080192,E020,robust_control_aware,strong,0.0026599739501784,0.0109549265955803,0.4636363636363636,0.0036053602181855,0.002108591607104,0.2545454545454545,0.0024606504487176,0.3636363636363636,0.0019834595850852,0.6,0.0040871941598067,0.6363636363636364
2551080192,E031,boundary_aware,moderate,0.005042610382285,0.016294099442892,0.3227272727272727,0.0036053602181855,0.0054608942825506,0.2545454545454545,0.0041820266474547,0.2727272727272727,0.0039907373646786,0.3454545454545454,0.0065367832344559,0.4181818181818181
2551080192,E031,boundary_aware,strong,0.0059817726498326,0.0184866313144259,0.2727272727272727,0.0036053602181855,0.0060649903770406,0.2181818181818181,0.0043569442366496,0.2545454545454545,0.0055517361913604,0.2545454545454545,0.0079534197942797,0.3636363636363636
2551080192,E031,robust_control_aware,moderate,0.0038619112046407,0.0146430422813839,0.4045454545454545,0.0036053602181855,0.0036086600036805,0.3272727272727272,0.0039803817359395,0.2909090909090909,0.0038893517266913,0.3818181818181818,0.0039692513522514,0.6181818181818182
2551080192,E031,robust_control_aware,strong,0.0053340205176817,0.0165806138149596,0.3,0.0036053602181855,0.0058552651186644,0.2181818181818181,0.0044701407187424,0.2545454545454545,0.0047942623264784,0.2545454545454545,0.0062164139068416,0.4727272727272727
2846620148,E020,boundary_aware,moderate,0.0026678187528372,0.0114509276307405,0.4272727272727272,0.0034696306003321,0.001924283637238,0.4181818181818181,0.0017725865261398,0.3454545454545454,0.002638615655403,0.4,0.004335789192568,0.5454545454545454
2846620148,E020,boundary_aware,strong,0.0038431619126059,0.014602500749272,0.3818181818181818,0.0034696306003321,0.0031601471981636,0.3454545454545454,0.0025697373573199,0.3454545454545454,0.0031183654487964,0.3818181818181818,0.0065243976461438,0.4545454545454545
2846620148,E020,robust_control_aware,moderate,0.0013677086943131,0.0068293612454009,0.6,0.0034696306003321,0.0009630959941206,0.509090909090909,0.0014035395993875,0.4909090909090909,0.0015969569518788,0.5636363636363636,0.0015072422318656,0.8363636363636363
2846620148,E020,robust_control_aware,strong,0.0035109524870931,0.0125637562077396,0.4227272727272727,0.0034696306003321,0.0029234973014722,0.3636363636363636,0.0028136071924426,0.3090909090909091,0.0027859044870888,0.4545454545454545,0.0055208009673689,0.5636363636363636
2846620148,E031,boundary_aware,moderate,0.0044172179242996,0.0160860671661794,0.3272727272727272,0.0034696306003321,0.0038806636694622,0.2,0.0047464194364294,0.2545454545454545,0.0035704664637047,0.3636363636363636,0.0054713221276022,0.4909090909090909
2846620148,E031,boundary_aware,strong,0.0061141384227733,0.0232339753241944,0.3045454545454545,0.0034696306003321,0.0052232237878473,0.1636363636363636,0.0063833927031847,0.2545454545454545,0.0035302212472308,0.4,0.0093197159528306,0.4
2846620148,E031,robust_control_aware,moderate,0.003446833398187,0.0123651062958107,0.3863636363636363,0.0034696306003321,0.0026046438823395,0.2363636363636363,0.0038618489395828,0.2727272727272727,0.0036382207548118,0.3818181818181818,0.0036826200160138,0.6545454545454545
2846620148,E031,robust_control_aware,strong,0.0045815797313624,0.0160860671661794,0.3227272727272727,0.0034696306003321,0.0040136965267151,0.1636363636363636,0.0050289008185869,0.2363636363636363,0.0035281306510526,0.3818181818181818,0.0057555909290952,0.509090909090909
2887952070,E020,boundary_aware,moderate,0.0027246808494626,0.011046264541801,0.4909090909090909,0.0042144681001871,0.0020148014428401,0.4,0.0021651828500769,0.4363636363636363,0.0029455662208258,0.4363636363636363,0.0037731728841074,0.6909090909090909
2887952070,E020,boundary_aware,strong,0.0043095070976185,0.0164166409565772,0.3727272727272727,0.0042144681001871,0.0038108151947824,0.2181818181818181,0.0024465376578364,0.4,0.004039473296668,0.3636363636363636,0.0069412022411871,0.509090909090909
2887952070,E020,robust_control_aware,moderate,0.001045083309423,0.0056554741071877,0.6909090909090909,0.0042144681001871,0.0007451051469043,0.5818181818181818,0.0009546743532538,0.6,0.0012619502148031,0.7090909090909091,0.0012186035227309,0.8727272727272727
2887952070,E020,robust_control_aware,strong,0.0021744132858484,0.009960116627098,0.5727272727272728,0.0042144681001871,0.0017973357374432,0.4545454545454545,0.0016447953150025,0.4909090909090909,0.0026562995827037,0.5272727272727272,0.0025992225082443,0.8181818181818182
2887952070,E031,boundary_aware,moderate,0.0046414885819445,0.017113147052246,0.3863636363636363,0.0042144681001871,0.0029753434570582,0.2909090909090909,0.0039468514453564,0.3818181818181818,0.0035781313742662,0.4181818181818181,0.0080656280510971,0.4545454545454545
2887952070,E031,boundary_aware,strong,0.0064221053297892,0.0267055283292063,0.3318181818181818,0.0042144681001871,0.0043580422612145,0.2545454545454545,0.0043851117854238,0.3272727272727272,0.0049400231667276,0.3818181818181818,0.0120052441057909,0.3636363636363636
2887952070,E031,robust_control_aware,moderate,0.0036820962133653,0.0152275806292891,0.45,0.0042144681001871,0.0025785986454023,0.2909090909090909,0.0029130258281067,0.4,0.0027116703288375,0.5272727272727272,0.0065250900511149,0.5818181818181818
2887952070,E031,robust_control_aware,strong,0.0054108940538562,0.018889078288339,0.3681818181818181,0.0042144681001871,0.0036110613696217,0.2727272727272727,0.0044452339335802,0.3090909090909091,0.0041305247069206,0.4363636363636363,0.0094567562053024,0.4545454545454545
2688877423,E020,boundary_aware,moderate,0.0024516092041209,0.009333349294338,0.4409090909090909,0.0036796638748713,0.0019250721397057,0.3090909090909091,0.0020274169399062,0.3818181818181818,0.0024393517354369,0.4909090909090909,0.0034145960014346,0.5818181818181818
2688877423,E020,boundary_aware,strong,0.0033068974064084,0.010901706615478,0.3727272727272727,0.0036796638748713,0.0023642099027942,0.2909090909090909,0.0023174861973457,0.3454545454545454,0.0039784676642958,0.3272727272727272,0.004567425861198,0.5272727272727272
2688877423,E020,robust_control_aware,moderate,0.0011047117831581,0.0050017390722284,0.6045454545454545,0.0036796638748713,0.0009043891811057,0.4181818181818181,0.0012585478983957,0.4727272727272727,0.001253108444435,0.6909090909090909,0.0010028016086961,0.8363636363636363
2688877423,E020,robust_control_aware,strong,0.0021248267711003,0.0090427507790166,0.4818181818181818,0.0036796638748713,0.0017673773615985,0.3090909090909091,0.001814977830363,0.4181818181818181,0.0020604756104423,0.5636363636363636,0.0028564762819971,0.6363636363636364
2688877423,E031,boundary_aware,moderate,0.0045653155189006,0.0170453442851404,0.3181818181818182,0.0036796638748713,0.0027824451153333,0.2909090909090909,0.0032981612551733,0.3090909090909091,0.0047328319957994,0.2909090909090909,0.0074478237092965,0.3818181818181818
2688877423,E031,boundary_aware,strong,0.0061947671077139,0.0201493903285105,0.2772727272727273,0.0036796638748713,0.0040879291615863,0.2727272727272727,0.0047319673493622,0.2909090909090909,0.0050904674114257,0.2545454545454545,0.0108687045084814,0.2909090909090909
2688877423,E031,robust_control_aware,moderate,0.0034162447002258,0.0126362783878442,0.4181818181818181,0.0036796638748713,0.0027719726020197,0.2727272727272727,0.0028561505117588,0.3818181818181818,0.0038873074635079,0.3636363636363636,0.0041495482236169,0.6545454545454545
2688877423,E031,robust_control_aware,strong,0.0049869357984316,0.0170853733317926,0.3181818181818182,0.0036796638748713,0.0032993640861215,0.2545454545454545,0.0036696459854017,0.3090909090909091,0.0051884269216143,0.2727272727272727,0.007790306200589,0.4363636363636363
2697481513,E020,boundary_aware,moderate,0.0025744056863615,0.0104573525025506,0.4818181818181818,0.0038494580178485,0.001720983471646,0.3636363636363636,0.002018936197492,0.4363636363636363,0.0033317977366672,0.4545454545454545,0.0032259053396409,0.6727272727272727
2697481513,E020,boundary_aware,strong,0.0038726406849135,0.0124514972791075,0.4,0.0038494580178485,0.0036975266209984,0.3454545454545454,0.0030117711590068,0.3636363636363636,0.0043548139643396,0.3454545454545454,0.004426450995309,0.5454545454545454
2697481513,E020,robust_control_aware,moderate,0.0009506938401767,0.0049360309327464,0.6727272727272727,0.0038494580178485,0.0012206197258755,0.4181818181818181,0.0011641302344716,0.5636363636363636,0.0007588038916985,0.8,0.000659221508661,0.9090909090909092
2697481513,E020,robust_control_aware,strong,0.0018839492683227,0.0089970548604693,0.5681818181818182,0.0038494580178485,0.0022288315025024,0.3818181818181818,0.0018902171379548,0.4545454545454545,0.0019717573719885,0.6181818181818182,0.0014449910608451,0.8181818181818182
2697481513,E031,boundary_aware,moderate,0.0043621040048516,0.0147944018732371,0.3318181818181818,0.0038494580178485,0.0026174822441387,0.2909090909090909,0.0031944262573569,0.3090909090909091,0.0050582355876149,0.2727272727272727,0.0065782719302959,0.4545454545454545
2697481513,E031,boundary_aware,strong,0.0055583119563531,0.0179539258800483,0.2909090909090909,0.0038494580178485,0.0033930230673994,0.2363636363636363,0.0044138490040785,0.2727272727272727,0.0064532219581992,0.2545454545454545,0.0079731537957352,0.4
2697481513,E031,robust_control_aware,moderate,0.0036720183129231,0.0134054818002466,0.4,0.0038494580178485,0.0021973633504875,0.3454545454545454,0.0036084406489925,0.3090909090909091,0.0038602985997416,0.4,0.0050219706524708,0.5454545454545454
2697481513,E031,robust_control_aware,strong,0.0048157397508665,0.0153089789713598,0.3318181818181818,0.0038494580178485,0.0025803700582715,0.2909090909090909,0.0038649812760188,0.3090909090909091,0.0062078034594277,0.2545454545454545,0.0066098042097481,0.4727272727272727
2644296404,E020,boundary_aware,moderate,0.002722234625294,0.0093859356987729,0.4318181818181818,0.003633830513716,0.0012651973921106,0.4,0.0025020454161632,0.3454545454545454,0.0037181241854943,0.3636363636363636,0.0034035715074077,0.6181818181818182
2644296404,E020,boundary_aware,strong,0.0031769948061957,0.0114103277071429,0.3954545454545454,0.003633830513716,0.0016652992740462,0.3636363636363636,0.0025952070422543,0.3454545454545454,0.0045980429649905,0.2909090909090909,0.0038494299434917,0.5818181818181818
2644296404,E020,robust_control_aware,moderate,0.0013090248112932,0.006135235332517,0.6045454545454545,0.003633830513716,0.0005116994616243,0.509090909090909,0.0016187564307855,0.4727272727272727,0.0021193352450137,0.5454545454545454,0.0009863081077493,0.8909090909090909
2644296404,E020,robust_control_aware,strong,0.0020097911845517,0.0093230460407189,0.5363636363636364,0.003633830513716,0.0012775077970581,0.4545454545454545,0.0016876998328886,0.4727272727272727,0.0028447064954241,0.4545454545454545,0.0022292506128361,0.7636363636363637
2644296404,E031,boundary_aware,moderate,0.0047385855869432,0.0182530629554068,0.3227272727272727,0.003633830513716,0.0028695945356258,0.2909090909090909,0.0028236941239602,0.2909090909090909,0.0040820832410279,0.3818181818181818,0.0091789704471588,0.3272727272727272
2644296404,E031,boundary_aware,strong,0.0058679757410375,0.0205533136292196,0.2636363636363636,0.003633830513716,0.0044912866222608,0.2,0.003596808821135,0.2363636363636363,0.0043461448758022,0.3454545454545454,0.0110376626449521,0.2727272727272727
2644296404,E031,robust_control_aware,moderate,0.0033950924486237,0.0120446400272892,0.3818181818181818,0.003633830513716,0.0028521940632531,0.2363636363636363,0.0031256219559368,0.2545454545454545,0.0033486153874556,0.4181818181818181,0.0042539383878492,0.6181818181818182
2644296404,E031,robust_control_aware,strong,0.005016156772303,0.0177391106838321,0.2909090909090909,0.003633830513716,0.0036737843874597,0.2,0.0037610890312338,0.2181818181818181,0.0045264905996249,0.3454545454545454,0.0081032630708934,0.4
2795100383,E020,boundary_aware,moderate,0.0030473051145992,0.0116117051208498,0.4772727272727273,0.0035212725139079,0.0027670028115371,0.3090909090909091,0.0021360464503977,0.509090909090909,0.003054010481599,0.5272727272727272,0.0042321607148631,0.5636363636363636
2795100383,E020,boundary_aware,strong,0.0047919052550627,0.0172355046424716,0.3863636363636363,0.0035212725139079,0.0044736252359108,0.2363636363636363,0.0034476542295261,0.4545454545454545,0.0042879233788004,0.4545454545454545,0.0069584181760133,0.4
2795100383,E020,robust_control_aware,moderate,0.0010060833365126,0.0048226568256568,0.65,0.0035212725139079,0.0010490615690716,0.4,0.0010683728014038,0.5818181818181818,0.0009613075628414,0.7636363636363637,0.0009455914127335,0.8545454545454545
2795100383,E020,robust_control_aware,strong,0.0016665424198965,0.008027131085966,0.5818181818181818,0.0035212725139079,0.0013095336776559,0.4545454545454545,0.0014844366973474,0.509090909090909,0.0021198799374213,0.5818181818181818,0.0017523193671614,0.7818181818181819
2795100383,E031,boundary_aware,moderate,0.0046566803872361,0.0176406076410785,0.3454545454545454,0.0035212725139079,0.003263878520211,0.3272727272727272,0.004279081932222,0.2727272727272727,0.0043630151161792,0.3454545454545454,0.0067207459803323,0.4363636363636363
2795100383,E031,boundary_aware,strong,0.0062298463229655,0.0243145724418234,0.3045454545454545,0.0035212725139079,0.0053595406295262,0.2909090909090909,0.0054614093646046,0.2545454545454545,0.005487592804632,0.3090909090909091,0.0086108424930992,0.3636363636363636
2795100383,E031,robust_control_aware,moderate,0.0034615338097246,0.0126548350779721,0.4227272727272727,0.0035212725139079,0.0028026497193808,0.3636363636363636,0.003375969667213,0.3090909090909091,0.0042092368914213,0.3818181818181818,0.0034582789608834,0.6363636363636364
2795100383,E031,robust_control_aware,strong,0.005558326192001,0.0209989688103552,0.3363636363636363,0.0035212725139079,0.0053582877436164,0.2727272727272727,0.0045484088791308,0.2909090909090909,0.0047242300796093,0.3636363636363636,0.0076023780656477,0.4181818181818181
2584531568,E020,boundary_aware,moderate,0.0026041245715407,0.0094050039355256,0.4545454545454545,0.0031857079252915,0.0016117187251317,0.4,0.0018795340526113,0.4727272727272727,0.0034415754095743,0.3454545454545454,0.0034836700988454,0.6
2584531568,E020,boundary_aware,strong,0.0037430002775126,0.0131805973591567,0.3772727272727272,0.0031857079252915,0.0024886738737773,0.3636363636363636,0.0027525200260337,0.4181818181818181,0.0040959330608868,0.2909090909090909,0.0056348741493526,0.4363636363636363
2584531568,E020,robust_control_aware,moderate,0.0009620872036428,0.0052946532911768,0.6727272727272727,0.0031857079252915,0.0006282102307367,0.5454545454545454,0.001016870694215,0.6181818181818182,0.0015732269691927,0.6363636363636364,0.0006300409204267,0.8909090909090909
2584531568,E020,robust_control_aware,strong,0.002025313400556,0.0075474048026108,0.5681818181818182,0.0031857079252915,0.001322139567066,0.509090909090909,0.0019738893269504,0.509090909090909,0.0022857993915655,0.5272727272727272,0.002519425316642,0.7272727272727273
2584531568,E031,boundary_aware,moderate,0.0047069468538981,0.0159511804580688,0.2727272727272727,0.0031857079252915,0.0047023563474093,0.1454545454545454,0.0027842571556309,0.3272727272727272,0.0037932823704673,0.3454545454545454,0.007547891542085,0.2727272727272727
2584531568,E031,boundary_aware,strong,0.0058599086883506,0.0196216278580036,0.2409090909090909,0.0031857079252915,0.0047697080722454,0.1636363636363636,0.005016830670496,0.2545454545454545,0.0045343291258338,0.3090909090909091,0.0091187668848272,0.2363636363636363
2584531568,E031,robust_control_aware,moderate,0.0036676260775073,0.0136079446623462,0.35,0.0031857079252915,0.0040460460477382,0.1636363636363636,0.0034742389410413,0.2545454545454545,0.0028250757030759,0.4363636363636363,0.004325143618174,0.5454545454545454
2584531568,E031,robust_control_aware,strong,0.0047032926657144,0.0166300624187048,0.3045454545454545,0.0031857079252915,0.0043217985756057,0.1818181818181818,0.0032725346556754,0.3272727272727272,0.0040353500824065,0.3818181818181818,0.0071834873491702,0.3272727272727272
2599463621,E020,boundary_aware,moderate,0.0029572789582007,0.0118872326628637,0.4909090909090909,0.003578557545085,0.0013108319132681,0.3818181818181818,0.0026209727048455,0.5454545454545454,0.0034654548635969,0.4909090909090909,0.0044318563510924,0.5454545454545454
2599463621,E020,boundary_aware,strong,0.0056420529149413,0.0205740205452067,0.3863636363636363,0.003578557545085,0.0042472501509342,0.3090909090909091,0.0062506945693438,0.4,0.0046057689481015,0.4545454545454545,0.0074644979913856,0.3818181818181818
2599463621,E020,robust_control_aware,moderate,0.0010952877315842,0.0053099664573271,0.6363636363636364,0.003578557545085,0.0010311758689596,0.4181818181818181,0.0011659577664438,0.5454545454545454,0.001479242258943,0.6727272727272727,0.0007047750319905,0.9090909090909092
2599463621,E020,robust_control_aware,strong,0.0035444420196056,0.0157803572192673,0.4818181818181818,0.003578557545085,0.0025670666859135,0.3454545454545454,0.0032169815643479,0.4727272727272727,0.0044031183317541,0.4363636363636363,0.0039906014964069,0.6727272727272727
2599463621,E031,boundary_aware,moderate,0.0039405584717866,0.0139558210275557,0.3909090909090909,0.003578557545085,0.0018513210748268,0.4,0.0036605202783844,0.3636363636363636,0.0047196849923253,0.2727272727272727,0.0055307075416099,0.5272727272727272
2599463621,E031,boundary_aware,strong,0.005364816997802,0.0197813605889677,0.3136363636363636,0.003578557545085,0.0036756955751772,0.3090909090909091,0.0051117132688827,0.2909090909090909,0.0049677786533972,0.2363636363636363,0.0077040804937511,0.4181818181818181
2599463621,E031,robust_control_aware,moderate,0.0031927498336415,0.0112489794335596,0.4181818181818181,0.003578557545085,0.0018846030511628,0.3636363636363636,0.0037151372934021,0.3272727272727272,0.0039211457639332,0.3090909090909091,0.003250113226068,0.6727272727272727
2599463621,E031,robust_control_aware,strong,0.004360740851061,0.014019531797536,0.3318181818181818,0.003578557545085,0.0027518699907129,0.2909090909090909,0.0042070600082882,0.3090909090909091,0.0050793460578087,0.2181818181818181,0.0054046873474342,0.509090909090909
2628745584,E020,boundary_aware,moderate,0.0033688611464903,0.0112995338393375,0.4,0.0036592973932545,0.0019073198739782,0.2909090909090909,0.0029401552367895,0.3090909090909091,0.0029371343208719,0.4909090909090909,0.0056908351543217,0.509090909090909
2628745584,E020,boundary_aware,strong,0.0060303119022224,0.0232361107085942,0.3,0.0036592973932545,0.0049198484050837,0.2363636363636363,0.005187572190316,0.2,0.0050808677008066,0.3818181818181818,0.0089329593126833,0.3818181818181818
2628745584,E020,robust_control_aware,moderate,0.001194079132287,0.0061237243465153,0.6590909090909091,0.0036592973932545,0.0008855752581884,0.4545454545454545,0.0012096610454079,0.6181818181818182,0.0015675229895356,0.6909090909090909,0.001113557236016,0.8727272727272727
2628745584,E020,robust_control_aware,strong,0.002924046521594,0.0113386987708599,0.4818181818181818,0.0036592973932545,0.0020712622604403,0.3636363636363636,0.0025010255893772,0.4,0.0025447541877848,0.5272727272727272,0.0045791440487737,0.6363636363636364
2628745584,E031,boundary_aware,moderate,0.0043799841476457,0.0150434953330431,0.3545454545454545,0.0036592973932545,0.0027202298765726,0.2727272727272727,0.004927266465067,0.2727272727272727,0.0042653664523993,0.3454545454545454,0.0056070737965438,0.5272727272727272
2628745584,E031,boundary_aware,strong,0.0052122346648091,0.0185905555449099,0.3227272727272727,0.0036592973932545,0.0026300261396019,0.2909090909090909,0.00604189777742,0.2545454545454545,0.0048131791942392,0.3454545454545454,0.0073638355479754,0.4
2628745584,E031,robust_control_aware,moderate,0.0036101669935126,0.0131600798870221,0.4,0.0036592973932545,0.0025940857988014,0.2181818181818181,0.0041852468519009,0.3090909090909091,0.003481345382222,0.4363636363636363,0.0041799899411261,0.6363636363636364
2628745584,E031,robust_control_aware,strong,0.0047401661837467,0.0171670909349008,0.3409090909090909,0.0036592973932545,0.0025441263017045,0.2727272727272727,0.0051046654272815,0.2545454545454545,0.0054444461936562,0.3090909090909091,0.0058674268123445,0.5272727272727272
2769788379,E020,boundary_aware,moderate,0.0029878366645211,0.011902833863692,0.4272727272727272,0.0037508153587496,0.0010534620871059,0.3272727272727272,0.0030298095765972,0.4363636363636363,0.0034564337113495,0.4,0.0044116412830316,0.5454545454545454
2769788379,E020,boundary_aware,strong,0.0046082374413041,0.0173601086191921,0.3545454545454545,0.0037508153587496,0.0021910723079916,0.2909090909090909,0.003502909102491,0.4363636363636363,0.0046994203699166,0.3090909090909091,0.0080395479848173,0.3818181818181818
2769788379,E020,robust_control_aware,moderate,0.0011571458092845,0.0053932153455793,0.6272727272727273,0.0037508153587496,0.0010640878426635,0.4363636363636363,0.0017040707582102,0.4363636363636363,0.0013271434286678,0.7090909090909091,0.0005332812075964,0.9272727272727272
2769788379,E020,robust_control_aware,strong,0.0024695836887521,0.0113443211039389,0.5272727272727272,0.0037508153587496,0.0016293145780389,0.3636363636363636,0.0024157911259247,0.4181818181818181,0.0023076723731731,0.5818181818181818,0.0035255566778716,0.7454545454545455
2769788379,E031,boundary_aware,moderate,0.0047569148597403,0.0186396759112135,0.3227272727272727,0.0037508153587496,0.0024241458917654,0.3090909090909091,0.0026672143907141,0.3454545454545454,0.0048751994657891,0.2727272727272727,0.0090610996906926,0.3636363636363636
2769788379,E031,boundary_aware,strong,0.0056954775688625,0.0220316540181872,0.3,0.0037508153587496,0.0029955307077076,0.3636363636363636,0.003009877896375,0.3090909090909091,0.0056946500466461,0.2363636363636363,0.0110818516247211,0.2909090909090909
2769788379,E031,robust_control_aware,moderate,0.0033248911517642,0.0129172826185822,0.3863636363636363,0.0037508153587496,0.0021706607550902,0.2545454545454545,0.0030462970773351,0.2909090909090909,0.003578645885092,0.4,0.0045039608895396,0.6
2769788379,E031,robust_control_aware,strong,0.0050345362786375,0.018708983834813,0.3045454545454545,0.0037508153587496,0.0025036532707267,0.2909090909090909,0.0032474557577412,0.3090909090909091,0.0052346002990479,0.2545454545454545,0.0091524357870341,0.3636363636363636
2657062769,E020,boundary_aware,moderate,0.0029252256813714,0.0108893230563471,0.4363636363636363,0.0035463533640208,0.0018817399377327,0.2727272727272727,0.0028313332496815,0.3818181818181818,0.0032485252229175,0.4727272727272727,0.0037393043151539,0.6181818181818182
2657062769,E020,boundary_aware,strong,0.0039367118192965,0.0154754446198921,0.3772727272727272,0.0035463533640208,0.0029911736431437,0.1818181818181818,0.0038652209235362,0.3090909090909091,0.0037423129348063,0.4545454545454545,0.0051481397756998,0.5636363636363636
2657062769,E020,robust_control_aware,moderate,0.0009571012123721,0.0054446743591194,0.6545454545454545,0.0035463533640208,0.0009347723752359,0.4181818181818181,0.0010604973677405,0.5636363636363636,0.001285782419592,0.7272727272727273,0.0005473526869202,0.9090909090909092
2657062769,E020,robust_control_aware,strong,0.0026414144224847,0.0101931168597607,0.5136363636363637,0.0035463533640208,0.0020147700030911,0.3454545454545454,0.0021905823151566,0.4,0.002909772905526,0.5636363636363636,0.0034505324661651,0.7454545454545455
2657062769,E031,boundary_aware,moderate,0.0047359510430797,0.015776998642832,0.2772727272727273,0.0035463533640208,0.0032384548985423,0.1454545454545454,0.0033884327440533,0.2727272727272727,0.004152344741799,0.2909090909090909,0.0081645717879241,0.4
2657062769,E031,boundary_aware,strong,0.0056294069657684,0.0198637170257494,0.2636363636363636,0.0035463533640208,0.0046340263522592,0.1454545454545454,0.004151885232221,0.2181818181818181,0.004698383458134,0.3090909090909091,0.0090333328204596,0.3818181818181818
2657062769,E031,robust_control_aware,moderate,0.0036268010978927,0.0131481926701175,0.3863636363636363,0.0035463533640208,0.0025648016441976,0.2727272727272727,0.0032881517842635,0.3272727272727272,0.0034007485290336,0.3636363636363636,0.0052535024340761,0.5818181818181818
2657062769,E031,robust_control_aware,strong,0.0046849179790273,0.015776998642832,0.3136363636363636,0.0035463533640208,0.0032126016250656,0.2181818181818181,0.0037003642017144,0.2545454545454545,0.0045774523790903,0.3090909090909091,0.0072492537102388,0.4727272727272727
2510961267,E020,boundary_aware,moderate,0.0032106332350464,0.0136479815147845,0.4363636363636363,0.0037232707511681,0.0023890676407767,0.2545454545454545,0.0022691982982888,0.4545454545454545,0.0025631139179871,0.5272727272727272,0.0056211530831331,0.509090909090909
2510961267,E020,boundary_aware,strong,0.0049655434622421,0.0190681888364393,0.3454545454545454,0.0037232707511681,0.0037047233782285,0.2181818181818181,0.0030135219845697,0.3636363636363636,0.0040999720866565,0.4545454545454545,0.0090439563995139,0.3454545454545454
2510961267,E020,robust_control_aware,moderate,0.0009931372394744,0.0053419068971129,0.65,0.0037232707511681,0.0011369408812647,0.3272727272727272,0.0011409005822822,0.6,0.0011731658238881,0.7454545454545455,0.0005215416704627,0.9272727272727272
2510961267,E020,robust_control_aware,strong,0.0025156684229005,0.0106524940158344,0.5,0.0037232707511681,0.0023282084802077,0.2545454545454545,0.001760971459589,0.5272727272727272,0.00218528310244,0.5272727272727272,0.0037882106493651,0.6909090909090909
2510961267,E031,boundary_aware,moderate,0.004299565512291,0.018535636823028,0.3636363636363636,0.0037232707511681,0.003088987214041,0.2545454545454545,0.0029124602553076,0.3636363636363636,0.0046810624818885,0.2909090909090909,0.0065157520979268,0.5454545454545454
2510961267,E031,boundary_aware,strong,0.0057860413671996,0.0192229992011561,0.2772727272727273,0.0037232707511681,0.0039572859201123,0.1818181818181818,0.0037917219288259,0.2727272727272727,0.0061598857967004,0.2181818181818181,0.0092352718231599,0.4363636363636363
2510961267,E031,robust_control_aware,moderate,0.0036622837515524,0.0142630958463996,0.4272727272727272,0.0037232707511681,0.0027769552485639,0.3272727272727272,0.0028089236495003,0.3090909090909091,0.0034354985433663,0.4363636363636363,0.0056277575647792,0.6363636363636364
2510961267,E031,robust_control_aware,strong,0.0048106749516207,0.0185805679126417,0.3909090909090909,0.0037232707511681,0.0028983514846708,0.2909090909090909,0.0036081449384451,0.3818181818181818,0.00450492745633,0.3818181818181818,0.008231275927037,0.509090909090909
2649334850,E020,boundary_aware,moderate,0.0028619648526567,0.0130005147349374,0.4727272727272727,0.0040757636693363,0.0011493829982524,0.4363636363636363,0.0029116829269571,0.4545454545454545,0.003894921488392,0.3454545454545454,0.0034918719970253,0.6545454545454545
2649334850,E020,boundary_aware,strong,0.0042594756472975,0.0149906672624891,0.3727272727272727,0.0040757636693363,0.0021454581140707,0.3454545454545454,0.0038240596089394,0.3818181818181818,0.0046966229845499,0.2363636363636363,0.0063717618816299,0.5272727272727272
2649334850,E020,robust_control_aware,moderate,0.0017309770419167,0.0081190529656063,0.6545454545454545,0.0040757636693363,0.0008941377185295,0.4727272727272727,0.0016794041807361,0.6,0.001752062761916,0.6545454545454545,0.0025983035064852,0.8909090909090909
2649334850,E020,robust_control_aware,strong,0.0031329394170468,0.0130162288562093,0.5045454545454545,0.0040757636693363,0.001585765680645,0.3636363636363636,0.0029464079662965,0.4363636363636363,0.0031609247956956,0.509090909090909,0.0048386592255502,0.7090909090909091
2649334850,E031,boundary_aware,moderate,0.0046019709063847,0.0182337289994666,0.3454545454545454,0.0040757636693363,0.0036037901266883,0.2,0.0036473607555785,0.3818181818181818,0.0038006696734964,0.4,0.0073560630697755,0.4
2649334850,E031,boundary_aware,strong,0.0057571135410756,0.0226901524460422,0.2863636363636364,0.0040757636693363,0.0040268629511968,0.1818181818181818,0.0045648379039582,0.3636363636363636,0.004876359371108,0.3090909090909091,0.0095603939380392,0.2909090909090909
2649334850,E031,robust_control_aware,moderate,0.0032689062133825,0.0136557506540877,0.4318181818181818,0.0040757636693363,0.00288834822589,0.2181818181818181,0.0031424105270183,0.4,0.0038288387921321,0.4,0.0032160273084896,0.7090909090909091
2649334850,E031,robust_control_aware,strong,0.004823865003257,0.0183268666952172,0.359090909090909,0.0040757636693363,0.0041009426545655,0.2,0.004057588929335,0.3818181818181818,0.0040792879747574,0.3818181818181818,0.0070576404543701,0.4727272727272727
2607438462,E020,boundary_aware,moderate,0.0031342406253998,0.0124373177620467,0.4181818181818181,0.0037625627508966,0.0028929087543832,0.2363636363636363,0.0022311761499745,0.3818181818181818,0.003098739622226,0.4727272727272727,0.0043141379750154,0.5818181818181818
2607438462,E020,boundary_aware,strong,0.0047205078681821,0.0160034236889939,0.35,0.0037625627508966,0.0048825351648646,0.1818181818181818,0.0032933412948209,0.3272727272727272,0.0036173009546377,0.4363636363636363,0.0070888540584052,0.4545454545454545
2607438462,E020,robust_control_aware,moderate,0.0011989690205655,0.005624970525698,0.6181818181818182,0.0037625627508966,0.0012201774669159,0.4,0.0020566219493324,0.4181818181818181,0.0014051691574968,0.6727272727272727,0.0001139075085171,0.9818181818181818
2607438462,E020,robust_control_aware,strong,0.0026442942364202,0.0112851113137654,0.4954545454545455,0.0037625627508966,0.0026742790912099,0.3090909090909091,0.0024654963514118,0.3454545454545454,0.00282459826751,0.5454545454545454,0.002612803235549,0.7818181818181819
2607438462,E031,boundary_aware,moderate,0.0045609467675308,0.0150927610232942,0.3363636363636363,0.0037625627508966,0.003340524037208,0.2181818181818181,0.0042034173167504,0.2545454545454545,0.0045913717035274,0.3454545454545454,0.0061084740126374,0.5272727272727272
2607438462,E031,boundary_aware,strong,0.0057739752265961,0.0205282204001829,0.3090909090909091,0.0037625627508966,0.0045296803771125,0.2363636363636363,0.0051930329711251,0.2181818181818181,0.0044051584768896,0.3636363636363636,0.0089680290812573,0.4181818181818181
2607438462,E031,robust_control_aware,moderate,0.0033644147424855,0.0115162794909912,0.3954545454545454,0.0037625627508966,0.0024204421917894,0.2363636363636363,0.0037029062373993,0.2545454545454545,0.0037057995927819,0.4181818181818181,0.0036285109479712,0.6727272727272727
2607438462,E031,robust_control_aware,strong,0.0049573944029074,0.0167528643854893,0.3318181818181818,0.0037625627508966,0.0043320733355812,0.2363636363636363,0.0049530640193204,0.2181818181818181,0.0047652162141293,0.3272727272727272,0.0057792240425985,0.5454545454545454
2748663038,E020,boundary_aware,moderate,0.0030201348053392,0.0114178204504071,0.3954545454545454,0.0033937320437545,0.0019519744384293,0.3272727272727272,0.0025138608022532,0.3454545454545454,0.0037333100109567,0.3090909090909091,0.0038813939697174,0.6
2748663038,E020,boundary_aware,strong,0.0052153734596585,0.0200194227186244,0.2863636363636364,0.0033937320437545,0.004208057606193,0.2727272727272727,0.0042121653891793,0.2181818181818181,0.004753955484721,0.2181818181818181,0.0076873153585409,0.4363636363636363
2748663038,E020,robust_control_aware,moderate,0.0014523336450623,0.0064904104383186,0.6045454545454545,0.0033937320437545,0.0010292001258273,0.4909090909090909,0.0014158573000195,0.4909090909090909,0.0015741284284446,0.6181818181818182,0.0017901487259579,0.8181818181818182
2748663038,E020,robust_control_aware,strong,0.0027773797297946,0.0108478581910898,0.4590909090909091,0.0033937320437545,0.0023868027645234,0.3454545454545454,0.0025333533364834,0.3818181818181818,0.0028215795997976,0.4363636363636363,0.0033677832183741,0.6727272727272727
2748663038,E031,boundary_aware,moderate,0.0045008878800481,0.0154273843392729,0.3045454545454545,0.0033937320437545,0.0027856678782429,0.2727272727272727,0.0027535879999777,0.3272727272727272,0.0042416576304361,0.3454545454545454,0.0082226380115355,0.2727272727272727
2748663038,E031,boundary_aware,strong,0.0056137703452997,0.0179349357328464,0.2772727272727273,0.0033937320437545,0.0047011221706567,0.2181818181818181,0.0035857452012616,0.3272727272727272,0.0050885713549963,0.3272727272727272,0.009079642654284,0.2363636363636363
2748663038,E031,robust_control_aware,moderate,0.0038806798107893,0.0121157462941386,0.3545454545454545,0.0033937320437545,0.0028235259677205,0.2727272727272727,0.0029921214323723,0.3090909090909091,0.0037991891757878,0.4181818181818181,0.0059078826672766,0.4181818181818181
2748663038,E031,robust_control_aware,strong,0.0050628198166703,0.0153141095545157,0.2863636363636364,0.0033937320437545,0.0041280566024901,0.2545454545454545,0.0032846471179799,0.2909090909090909,0.0046273250844131,0.3272727272727272,0.0082112504617983,0.2727272727272727
2894855845,E020,boundary_aware,moderate,0.0028850657997408,0.0114949640230546,0.4272727272727272,0.0037452476515431,0.0015116019095808,0.4,0.0018459632892929,0.4363636363636363,0.0027100785530322,0.4,0.0054726194470571,0.4727272727272727
2894855845,E020,boundary_aware,strong,0.0047565361114774,0.0157106118605198,0.3318181818181818,0.0037452476515431,0.002424796519023,0.3454545454545454,0.003819108776415,0.3454545454545454,0.0049073287768034,0.2545454545454545,0.0078749103736683,0.3818181818181818
2894855845,E020,robust_control_aware,moderate,0.0012204878790194,0.0055046039687911,0.6409090909090909,0.0037452476515431,0.0005499217257594,0.5454545454545454,0.0016209844037873,0.5272727272727272,0.001591314486606,0.6,0.0011197308999247,0.8909090909090909
2894855845,E020,robust_control_aware,strong,0.0032218269452793,0.0141901995629779,0.4727272727272727,0.0037452476515431,0.0014155757864856,0.509090909090909,0.0027163437712252,0.4,0.0028348010353831,0.4363636363636363,0.0059205871880234,0.5454545454545454
2894855845,E031,boundary_aware,moderate,0.0050750290216346,0.0167162741413937,0.3454545454545454,0.0037452476515431,0.0038501199553441,0.3272727272727272,0.0034478985622898,0.2909090909090909,0.0045496087369918,0.3818181818181818,0.0084524888319128,0.3818181818181818
2894855845,E031,boundary_aware,strong,0.0061910442498301,0.0181070944992825,0.2909090909090909,0.0037452476515431,0.0044497541686816,0.2545454545454545,0.0042495116615765,0.2909090909090909,0.0057063312495677,0.3090909090909091,0.0103585799194947,0.3090909090909091
2894855845,E031,robust_control_aware,moderate,0.0036456335474528,0.0140563386384728,0.4045454545454545,0.0037452476515431,0.0029974359645869,0.2909090909090909,0.0032428221101314,0.2545454545454545,0.0036215121939152,0.4363636363636363,0.0047207639211778,0.6363636363636364
2894855845,E031,robust_control_aware,strong,0.0054061854307474,0.0176143133805576,0.3181818181818182,0.0037452476515431,0.0041533794646963,0.2545454545454545,0.0039722293638058,0.2545454545454545,0.00524871363713,0.3454545454545454,0.0082504192573577,0.4181818181818181
2781169015,E020,boundary_aware,moderate,0.0028918081628459,0.0101418648938693,0.4181818181818181,0.0034400289596186,0.0022092851961078,0.2545454545454545,0.0027827637736412,0.3818181818181818,0.0022915775764511,0.4909090909090909,0.0042836061051834,0.5454545454545454
2781169015,E020,boundary_aware,strong,0.0057426526305346,0.0192677019799759,0.2727272727272727,0.0034400289596186,0.0045731739020896,0.2181818181818181,0.0053312870888381,0.2545454545454545,0.0053724316398608,0.2727272727272727,0.0076937178913501,0.3454545454545454
2781169015,E020,robust_control_aware,moderate,0.001117256590621,0.0058320760825025,0.6454545454545455,0.0034400289596186,0.0010066340745182,0.4,0.0012903401944255,0.6,0.0013709629822586,0.6727272727272727,0.0008010891112817,0.9090909090909092
2781169015,E020,robust_control_aware,strong,0.0025198687827461,0.0092809263445869,0.4863636363636364,0.0034400289596186,0.0014578853272372,0.3818181818181818,0.003391471062497,0.3454545454545454,0.0027342272007003,0.4909090909090909,0.00249589154055,0.7272727272727273
2781169015,E031,boundary_aware,moderate,0.0042697372153802,0.0152578496985404,0.3227272727272727,0.0034400289596186,0.003306426659052,0.2181818181818181,0.0033759350692778,0.2727272727272727,0.0037348361915066,0.4181818181818181,0.0066617509416844,0.3818181818181818
2781169015,E031,boundary_aware,strong,0.0053887535163928,0.0197673730369206,0.3090909090909091,0.0034400289596186,0.0042145355751282,0.1818181818181818,0.0052854658628367,0.2727272727272727,0.0043972008878536,0.4181818181818181,0.0076578117397529,0.3636363636363636
2781169015,E031,robust_control_aware,moderate,0.0035994707523833,0.0112414172850549,0.3636363636363636,0.0034400289596186,0.0029862600870105,0.2181818181818181,0.002891761294573,0.2909090909090909,0.0040505373641929,0.4181818181818181,0.004469324263757,0.5272727272727272
2781169015,E031,robust_control_aware,strong,0.0046850073457089,0.0153264804787601,0.3227272727272727,0.0034400289596186,0.0041626343768429,0.2,0.0039371791615838,0.2363636363636363,0.0043989426829962,0.4181818181818181,0.0062412731614126,0.4363636363636363
2548918344,E020,boundary_aware,moderate,0.0029921798954958,0.0125042386116046,0.4409090909090909,0.0039417316373131,0.002586261687573,0.3272727272727272,0.0027522293773296,0.3272727272727272,0.0030001873433101,0.4363636363636363,0.0036300411737706,0.6727272727272727
2548918344,E020,boundary_aware,strong,0.0047013996046917,0.0174677648212958,0.3545454545454545,0.0039417316373131,0.0033684879020086,0.2545454545454545,0.002713175468129,0.3636363636363636,0.0052731516784442,0.3272727272727272,0.0074507833701853,0.4727272727272727
2548918344,E020,robust_control_aware,moderate,0.0014658758040274,0.0061702782679893,0.6363636363636364,0.0039417316373131,0.0009254876816727,0.4181818181818181,0.0019636414498955,0.509090909090909,0.0011625255656763,0.7090909090909091,0.0018118485188652,0.9090909090909092
2548918344,E020,robust_control_aware,strong,0.0027317779896739,0.0107003069977509,0.509090909090909,0.0039417316373131,0.0026800204047955,0.3272727272727272,0.0024744013510269,0.4181818181818181,0.0023310488022269,0.5454545454545454,0.0034416414006464,0.7454545454545455
2548918344,E031,boundary_aware,moderate,0.0045689242031868,0.0175892965366125,0.3545454545454545,0.0039417316373131,0.0027227335770576,0.4,0.0037208340713907,0.2727272727272727,0.0052446286696553,0.2363636363636363,0.0065875004946437,0.509090909090909
2548918344,E031,boundary_aware,strong,0.0061681635412857,0.0253170817938933,0.3,0.0039417316373131,0.0040376239428211,0.3454545454545454,0.0041716946586108,0.2363636363636363,0.00603740892932,0.2181818181818181,0.0104259266343909,0.4
2548918344,E031,robust_control_aware,moderate,0.0033558406559983,0.0112469380894715,0.4227272727272727,0.0039417316373131,0.0023469930022423,0.4,0.0036714331638848,0.2545454545454545,0.003836302939432,0.3454545454545454,0.003568633518434,0.6909090909090909
2548918344,E031,robust_control_aware,strong,0.0048184774547455,0.0162900089371419,0.3545454545454545,0.0039417316373131,0.0030071780640989,0.3636363636363636,0.0042126364104728,0.2909090909090909,0.0051560428793075,0.2363636363636363,0.0068980524651027,0.5272727272727272
2752928385,E020,boundary_aware,moderate,0.0030460658397418,0.01335652195485,0.4454545454545454,0.0041645972787993,0.0029534354112316,0.3818181818181818,0.0019854012515509,0.4181818181818181,0.0032995500953571,0.3818181818181818,0.0039458766008274,0.6
2752928385,E020,boundary_aware,strong,0.0054271672991944,0.0199444986829936,0.3318181818181818,0.0041645972787993,0.0049500937264324,0.3090909090909091,0.0030281623043478,0.3818181818181818,0.00533828513351,0.2363636363636363,0.0083921280324876,0.4
2752928385,E020,robust_control_aware,moderate,0.001888269140933,0.0067684736069186,0.5454545454545454,0.0041645972787993,0.0015235933030906,0.3636363636363636,0.0016120123813352,0.4181818181818181,0.0019785996587933,0.5818181818181818,0.0024388712205127,0.8181818181818182
2752928385,E020,robust_control_aware,strong,0.0036454450537075,0.0149164098897811,0.4545454545454545,0.0041645972787993,0.0039843201859897,0.3636363636363636,0.0025343983555895,0.4,0.0034050275859519,0.3818181818181818,0.0046580340872991,0.6727272727272727
2752928385,E031,boundary_aware,moderate,0.0047783147167361,0.0180931118052219,0.35,0.0041645972787993,0.0032163470068676,0.3090909090909091,0.0031414432666699,0.3818181818181818,0.0052841858944602,0.2545454545454545,0.0074712826989468,0.4545454545454545
2752928385,E031,boundary_aware,strong,0.006589578663192,0.0222903772874991,0.2909090909090909,0.0041645972787993,0.0037102745809188,0.2545454545454545,0.0044623284188908,0.3454545454545454,0.0057345032696596,0.2363636363636363,0.0124512083832986,0.3272727272727272
2752928385,E031,robust_control_aware,moderate,0.0038998871545219,0.0143416880864388,0.4045454545454545,0.0041645972787993,0.0024359312260405,0.3272727272727272,0.0031641848960013,0.4181818181818181,0.0047401386342085,0.2545454545454545,0.0052592938618374,0.6181818181818182
2752928385,E031,robust_control_aware,strong,0.0054400508651383,0.0187886368948966,0.3181818181818182,0.0041645972787993,0.0033571316966773,0.2545454545454545,0.0038860609325609,0.3454545454545454,0.0063072079897876,0.1818181818181818,0.0082098028415273,0.4909090909090909
2832467494,E020,boundary_aware,moderate,0.0029553737132098,0.0114171148100315,0.4363636363636363,0.0036158438468174,0.0018312553127122,0.3818181818181818,0.0027991203773116,0.4181818181818181,0.0026272329972301,0.4727272727272727,0.0045638861655853,0.4727272727272727
2832467494,E020,boundary_aware,strong,0.0044084312432037,0.0136152896834469,0.3545454545454545,0.0036158438468174,0.0042880935599463,0.2727272727272727,0.0033193006975939,0.3818181818181818,0.0042822802235027,0.3454545454545454,0.0057440504917718,0.4181818181818181
2832467494,E020,robust_control_aware,moderate,0.001522924726316,0.00831971061395,0.6272727272727273,0.0036158438468174,0.0011645408581588,0.4,0.0017760855676374,0.6,0.0020239643962831,0.6363636363636364,0.0011271080831849,0.8727272727272727
2832467494,E020,robust_control_aware,strong,0.0032708824993238,0.01237408381433,0.4772727272727273,0.0036158438468174,0.0026068298908223,0.4,0.0032421270325542,0.4545454545454545,0.0033409308746039,0.4909090909090909,0.003893642199315,0.5636363636363636
2832467494,E031,boundary_aware,moderate,0.0046372832302752,0.0135670011177782,0.3409090909090909,0.0036158438468174,0.0044049629571931,0.2181818181818181,0.0043076017351879,0.2545454545454545,0.0043243506595061,0.3454545454545454,0.0055122175692139,0.5454545454545454
2832467494,E031,boundary_aware,strong,0.0056973673409004,0.0161988154346083,0.2909090909090909,0.0036158438468174,0.0053143020957765,0.1636363636363636,0.0054920339183458,0.2545454545454545,0.0050936281146553,0.2909090909090909,0.0068895052348239,0.4545454545454545
2832467494,E031,robust_control_aware,moderate,0.0036660510970777,0.0129504503886311,0.3863636363636363,0.0036158438468174,0.0036964953054131,0.2909090909090909,0.0031977533940318,0.2909090909090909,0.0036517769489561,0.3454545454545454,0.0041181787399097,0.6181818181818182
2832467494,E031,robust_control_aware,strong,0.0048688262626838,0.0156276345718651,0.3409090909090909,0.0036158438468174,0.004774159277796,0.2,0.0049612708124119,0.2727272727272727,0.004643360947104,0.3090909090909091,0.0050965140134234,0.5818181818181818
2736093629,E020,boundary_aware,moderate,0.0024379530333198,0.0096692764814512,0.4727272727272727,0.0038767184106388,0.0011171506406383,0.3818181818181818,0.0018977970089235,0.4545454545454545,0.0027955085426852,0.4181818181818181,0.0039413559410323,0.6363636363636364
2736093629,E020,boundary_aware,strong,0.0044429533887262,0.0165559549731703,0.3909090909090909,0.0038767184106388,0.0018502571038318,0.3818181818181818,0.0041786511965096,0.3454545454545454,0.0035011089483273,0.3818181818181818,0.0082417963062359,0.4545454545454545
2736093629,E020,robust_control_aware,moderate,0.0009673813698106,0.0050887672575743,0.6681818181818182,0.0038767184106388,0.0008311840547089,0.4727272727272727,0.0008568513676079,0.6363636363636364,0.0013639343315493,0.6909090909090909,0.0008175557253761,0.8727272727272727
2736093629,E020,robust_control_aware,strong,0.0026821238790512,0.011046142413398,0.5409090909090909,0.0038767184106388,0.0013572315427605,0.4545454545454545,0.0023340150065239,0.5454545454545454,0.0024461100032466,0.509090909090909,0.0045911389636737,0.6545454545454545
2736093629,E031,boundary_aware,moderate,0.0047830341461473,0.0187786789637778,0.35,0.0038767184106388,0.0017986928936899,0.3636363636363636,0.0040040725452135,0.3090909090909091,0.0052872877932919,0.2727272727272727,0.0080420833523938,0.4545454545454545
2736093629,E031,boundary_aware,strong,0.0065598954407697,0.0258317606956883,0.3136363636363636,0.0038767184106388,0.0035277458126207,0.2909090909090909,0.0052408923694935,0.3454545454545454,0.0062010930071928,0.2727272727272727,0.0112698505737718,0.3454545454545454
2736093629,E031,robust_control_aware,moderate,0.0037849610535744,0.0156333598705805,0.4045454545454545,0.0038767184106388,0.0024616933210803,0.2909090909090909,0.0029571408592834,0.3636363636363636,0.0043181743115439,0.4,0.0054028357223901,0.5636363636363636
2736093629,E031,robust_control_aware,strong,0.0051651221473689,0.0187786789637778,0.35,0.0038767184106388,0.0030995856675376,0.2909090909090909,0.0041653729345584,0.3454545454545454,0.0055138127120621,0.3090909090909091,0.0078817172753175,0.4545454545454545
2789282674,E020,boundary_aware,moderate,0.0026680776570424,0.0097321590427248,0.4136363636363636,0.0038626922512834,0.0013843530805346,0.2363636363636363,0.0026951013531313,0.3636363636363636,0.0034645833651437,0.3818181818181818,0.0031282728293601,0.6727272727272727
2789282674,E020,boundary_aware,strong,0.0049993132396103,0.0173462443025771,0.2909090909090909,0.0038626922512834,0.0036992982889356,0.1454545454545454,0.0043846164919016,0.2545454545454545,0.0037470217915586,0.3090909090909091,0.0081663163860453,0.4545454545454545
2789282674,E020,robust_control_aware,moderate,0.0011784741027663,0.0060756899713478,0.6181818181818182,0.0038626922512834,0.001168511645221,0.2909090909090909,0.0012858241601973,0.6181818181818182,0.0014469996159118,0.6727272727272727,0.0008125609897354,0.8909090909090909
2789282674,E020,robust_control_aware,strong,0.001954327878179,0.0089286827222655,0.5272727272727272,0.0038626922512834,0.001694830951973,0.2727272727272727,0.0019422376688013,0.509090909090909,0.0025211621951462,0.509090909090909,0.0016590806967955,0.8181818181818182
2789282674,E031,boundary_aware,moderate,0.0049853913851996,0.0180710440170928,0.3181818181818182,0.0038626922512834,0.0029162427990775,0.2545454545454545,0.0056104903509259,0.2363636363636363,0.0047742598087262,0.2545454545454545,0.0066405725820689,0.5272727272727272
2789282674,E031,boundary_aware,strong,0.0070625962266188,0.0232133244345709,0.2727272727272727,0.0038626922512834,0.0041856680154655,0.2727272727272727,0.00595515867541,0.2545454545454545,0.0053461695724036,0.2727272727272727,0.0127633886431961,0.2909090909090909
2789282674,E031,robust_control_aware,moderate,0.0038092725878782,0.0147610017900145,0.4,0.0038626922512834,0.0022667615418276,0.3272727272727272,0.0039365560839846,0.3090909090909091,0.0037164184365647,0.3454545454545454,0.0053173542891357,0.6181818181818182
2789282674,E031,robust_control_aware,strong,0.0051601791572763,0.0176552363331453,0.3272727272727272,0.0038626922512834,0.0030807928300058,0.3090909090909091,0.0059844242284062,0.2181818181818181,0.0048616266192997,0.2545454545454545,0.0067138729513936,0.5272727272727272
2868003838,E020,boundary_aware,moderate,0.0027542161377978,0.0110432129865939,0.4136363636363636,0.0034285871400896,0.0020613735363221,0.2909090909090909,0.002247488937867,0.3818181818181818,0.0026790272313511,0.4363636363636363,0.0040289748456508,0.5454545454545454
2868003838,E020,boundary_aware,strong,0.0040031873095212,0.0138448503200627,0.3409090909090909,0.0034285871400896,0.0024162090574294,0.2727272727272727,0.0034960059257122,0.3090909090909091,0.0041930576272598,0.3818181818181818,0.0059074766276834,0.4
2868003838,E020,robust_control_aware,moderate,0.0013132521327661,0.0064450503332575,0.6136363636363636,0.0034285871400896,0.001158033481779,0.4,0.0011845414829658,0.6,0.001754302378318,0.6363636363636364,0.0011561311880014,0.8181818181818182
2868003838,E020,robust_control_aware,strong,0.0022350161775417,0.0095587516249625,0.5227272727272727,0.0034285871400896,0.0017214411072156,0.3636363636363636,0.0021932731896174,0.509090909090909,0.0022646159560544,0.5636363636363636,0.0027607344572793,0.6545454545454545
2868003838,E031,boundary_aware,moderate,0.0047093072746708,0.0176276898403368,0.35,0.0034285871400896,0.0026684339551098,0.3636363636363636,0.0038083508000774,0.3272727272727272,0.0044259160480497,0.2909090909090909,0.0079345282954463,0.4181818181818181
2868003838,E031,boundary_aware,strong,0.0068306769850467,0.0251119725747413,0.3,0.0034285871400896,0.0053548315882453,0.2909090909090909,0.0050635217052851,0.3272727272727272,0.0044259232319547,0.3090909090909091,0.0124784314147019,0.2727272727272727
2868003838,E031,robust_control_aware,moderate,0.003406815873962,0.0150206462741779,0.45,0.0034285871400896,0.0017370700317379,0.4727272727272727,0.0026099701460632,0.3818181818181818,0.0034080699526724,0.3636363636363636,0.0058721533653747,0.5818181818181818
2868003838,E031,robust_control_aware,strong,0.0056053474841626,0.0222821206363633,0.3545454545454545,0.0034285871400896,0.0033838800053285,0.3818181818181818,0.0048805229917334,0.3272727272727272,0.0044404796950711,0.3272727272727272,0.0097165072445176,0.3818181818181818
2502308482,E020,boundary_aware,moderate,0.0032696126575264,0.0136791664266342,0.45,0.003947503831999,0.0017541172184427,0.3818181818181818,0.0022716638712765,0.4181818181818181,0.0035321487742023,0.4181818181818181,0.0055205207661841,0.5818181818181818
2502308482,E020,boundary_aware,strong,0.0047286886953251,0.0177951864591575,0.3772727272727272,0.003947503831999,0.0027662461155043,0.3636363636363636,0.0031204083469301,0.3272727272727272,0.0044183554732041,0.3818181818181818,0.008609744845662,0.4363636363636363
2502308482,E020,robust_control_aware,moderate,0.001058459710635,0.0062243338460094,0.6636363636363637,0.003947503831999,0.0007649176690566,0.4363636363636363,0.0011861694240183,0.6545454545454545,0.0014401266824884,0.6545454545454545,0.0008426250669766,0.9090909090909092
2502308482,E020,robust_control_aware,strong,0.0021338784734059,0.0095424510426796,0.5545454545454546,0.003947503831999,0.0015637030100297,0.3636363636363636,0.0022024301936073,0.509090909090909,0.0021239889908908,0.5454545454545454,0.002645391699096,0.8
2502308482,E031,boundary_aware,moderate,0.0050490457256946,0.015721154011883,0.3318181818181818,0.003947503831999,0.0024906090594256,0.3272727272727272,0.0049523147620617,0.3090909090909091,0.0044276793151951,0.3090909090909091,0.008325579766096,0.3818181818181818
2502308482,E031,boundary_aware,strong,0.0071254414201328,0.0262398988136304,0.2681818181818182,0.003947503831999,0.0030419753540686,0.2909090909090909,0.0070365991513065,0.2545454545454545,0.0052236795092523,0.2545454545454545,0.0131995116659039,0.2727272727272727
2502308482,E031,robust_control_aware,moderate,0.0041799429139827,0.0144880120565388,0.35,0.003947503831999,0.0023044332449371,0.3818181818181818,0.0043821601407893,0.2181818181818181,0.0046338688620598,0.2545454545454545,0.0053993094081444,0.5454545454545454
2502308482,E031,robust_control_aware,strong,0.0054714693546741,0.0178163889488912,0.3045454545454545,0.003947503831999,0.0024889719005719,0.3272727272727272,0.0048981138699546,0.2181818181818181,0.0049475629766446,0.2727272727272727,0.0095512286715252,0.4
2813910517,E020,boundary_aware,moderate,0.0024728204512855,0.0104589553161739,0.4772727272727273,0.0036062069391338,0.0012238586147777,0.3818181818181818,0.0022155789540638,0.4181818181818181,0.002228027947459,0.5272727272727272,0.0042238162888413,0.5818181818181818
2813910517,E020,boundary_aware,strong,0.0041006340556825,0.0171382499813574,0.3863636363636363,0.0036062069391338,0.0021215677051564,0.3272727272727272,0.0030334364248806,0.3636363636363636,0.0032951808170364,0.4181818181818181,0.0079523512756567,0.4363636363636363
2813910517,E020,robust_control_aware,moderate,0.0011197562873827,0.0052178794568867,0.6318181818181818,0.0036062069391338,0.0009947720592278,0.4,0.0012880084764911,0.5454545454545454,0.0011115895077351,0.7272727272727273,0.001084655106077,0.8545454545454545
2813910517,E020,robust_control_aware,strong,0.0020340493499674,0.0093969095255461,0.5136363636363637,0.0036062069391338,0.0010801591190442,0.3636363636363636,0.001950605257378,0.4363636363636363,0.0017951363832728,0.5818181818181818,0.0033102966401746,0.6727272727272727
2813910517,E031,boundary_aware,moderate,0.0042769470104561,0.0156809981446713,0.3454545454545454,0.0036062069391338,0.0022629674985982,0.3090909090909091,0.0035088397907227,0.3636363636363636,0.0043230538475682,0.3090909090909091,0.0070129269049352,0.4
2813910517,E031,boundary_aware,strong,0.005572590085661,0.0211347573582111,0.3045454545454545,0.0036062069391338,0.0028232038770036,0.3272727272727272,0.0039683477907236,0.3454545454545454,0.0048669346355837,0.2727272727272727,0.0106318740393331,0.2727272727272727
2813910517,E031,robust_control_aware,moderate,0.0034075294605482,0.0140836830412293,0.4227272727272727,0.0036062069391338,0.0026514102537035,0.3090909090909091,0.0021112236436958,0.4,0.0037195467631295,0.4,0.0051479371816641,0.5818181818181818
2813910517,E031,robust_control_aware,strong,0.0043567013151153,0.0157475652091502,0.359090909090909,0.0036062069391338,0.002838237980669,0.2909090909090909,0.0039733395401843,0.3454545454545454,0.0041635511653962,0.3636363636363636,0.0064516765742118,0.4363636363636363
2792686071,E020,boundary_aware,moderate,0.0034320857891444,0.0136829159144104,0.4090909090909091,0.0039807074040035,0.0023474077134079,0.2909090909090909,0.0029771634134998,0.3636363636363636,0.003213442650135,0.4,0.0051903293795351,0.5818181818181818
2792686071,E020,boundary_aware,strong,0.005674278725719,0.0222733285744162,0.3409090909090909,0.0039807074040035,0.0030977488965747,0.2727272727272727,0.003791024855869,0.3636363636363636,0.0050332458416111,0.3636363636363636,0.0107750953088213,0.3636363636363636
2792686071,E020,robust_control_aware,moderate,0.0010601956824649,0.005517377862606,0.6818181818181818,0.0039807074040035,0.001032512516388,0.4909090909090909,0.0011174196973807,0.5818181818181818,0.0014511261216737,0.7090909090909091,0.0006397243944174,0.9454545454545454
2792686071,E020,robust_control_aware,strong,0.003606878686383,0.014174084062336,0.4727272727272727,0.0039807074040035,0.0023749242024172,0.2909090909090909,0.0025022509409962,0.4727272727272727,0.0031613888740259,0.509090909090909,0.0063889507280928,0.6181818181818182
2792686071,E031,boundary_aware,moderate,0.0049691130092867,0.0181888470252146,0.3272727272727272,0.0039807074040035,0.0028705527320234,0.2181818181818181,0.0040254842005857,0.3454545454545454,0.0037133066652879,0.3636363636363636,0.0092671084392498,0.3818181818181818
2792686071,E031,boundary_aware,strong,0.0060011399161848,0.0200822160076681,0.2727272727272727,0.0039807074040035,0.0034862909447348,0.2,0.0040935659019894,0.3090909090909091,0.0051182794446738,0.3090909090909091,0.0113064233733412,0.2727272727272727
2792686071,E031,robust_control_aware,moderate,0.0035681014169909,0.0136355326005778,0.3772727272727272,0.0039807074040035,0.0027295732451325,0.2363636363636363,0.0031013981748169,0.3090909090909091,0.0032744211739635,0.3818181818181818,0.0051670130740509,0.5818181818181818
2792686071,E031,robust_control_aware,strong,0.0049095936223963,0.017848243776675,0.3090909090909091,0.0039807074040035,0.002980849300922,0.2,0.0046118177026918,0.2727272727272727,0.0034880761863017,0.3636363636363636,0.0085576312996696,0.4
2540433069,E020,boundary_aware,moderate,0.0024663707487591,0.0089866360578388,0.4818181818181818,0.0036767880155314,0.001816967549628,0.4363636363636363,0.0021582822237403,0.3636363636363636,0.0028037032630153,0.4,0.0030865299586529,0.7272727272727273
2540433069,E020,boundary_aware,strong,0.0039336145214131,0.013875735970214,0.3909090909090909,0.0036767880155314,0.0030930803267743,0.4,0.0031176178422542,0.3090909090909091,0.0039668885464535,0.3090909090909091,0.0055568713701703,0.5454545454545454
2540433069,E020,robust_control_aware,moderate,0.0010649132569115,0.0055762965923767,0.6545454545454545,0.0036767880155314,0.0009241195788282,0.4363636363636363,0.0012999149042847,0.5818181818181818,0.0014027709529759,0.6727272727272727,0.0006328475915572,0.9272727272727272
2540433069,E020,robust_control_aware,strong,0.0021841058847659,0.008350497949804,0.5136363636363637,0.0036767880155314,0.0016606763016421,0.4,0.0020839952571269,0.3636363636363636,0.002645728713008,0.4545454545454545,0.0023460232672866,0.8363636363636363
2540433069,E031,boundary_aware,moderate,0.0054009402720423,0.0178942429769835,0.2863636363636364,0.0036767880155314,0.0040140212383198,0.2363636363636363,0.0047283263834737,0.2545454545454545,0.0050800494422554,0.2727272727272727,0.0077813640241203,0.3818181818181818
2540433069,E031,boundary_aware,strong,0.0063538137840387,0.0227855908899699,0.2636363636363636,0.0036767880155314,0.004272417227861,0.2545454545454545,0.0052667371457634,0.1818181818181818,0.0058686531076067,0.3272727272727272,0.0100074476549234,0.2909090909090909
2540433069,E031,robust_control_aware,moderate,0.0041825275981278,0.0142982620912348,0.3318181818181818,0.0036767880155314,0.0020709753238821,0.2545454545454545,0.0037312587095774,0.2363636363636363,0.0046223504698993,0.3636363636363636,0.0063055258891525,0.4727272727272727
2540433069,E031,robust_control_aware,strong,0.005651600002586,0.0189007757930085,0.2909090909090909,0.0036767880155314,0.0041065008666818,0.2727272727272727,0.0048140848626637,0.2181818181818181,0.0058345524738292,0.2909090909090909,0.0078512618071691,0.3818181818181818
2839636027,E020,boundary_aware,moderate,0.0029865252743582,0.0102509050560132,0.4045454545454545,0.0034956627945441,0.0012783694918538,0.4181818181818181,0.0022868790354197,0.3454545454545454,0.0034157174919226,0.4,0.0049651350782369,0.4545454545454545
2839636027,E020,boundary_aware,strong,0.0045119522787149,0.016066004987806,0.3,0.0034956627945441,0.0025735476439046,0.3090909090909091,0.0030721698205134,0.2545454545454545,0.0049541194692596,0.3454545454545454,0.0074479721811821,0.2909090909090909
2839636027,E020,robust_control_aware,moderate,0.0015373939745297,0.0066912409977184,0.5545454545454546,0.0034956627945441,0.001044352512595,0.3818181818181818,0.0014830351218075,0.4363636363636363,0.0021688002548958,0.5636363636363636,0.0014533880088203,0.8363636363636363
2839636027,E020,robust_control_aware,strong,0.0021796302948929,0.0087338983950555,0.4681818181818182,0.0034956627945441,0.0013940193311583,0.3454545454545454,0.0020106129310303,0.3636363636363636,0.0026783816922622,0.4545454545454545,0.0026355072251208,0.7090909090909091
2839636027,E031,boundary_aware,moderate,0.0046914249176422,0.0135695147037867,0.3,0.0034956627945441,0.0029684822340352,0.2181818181818181,0.0037992733600395,0.2909090909090909,0.0050490840276777,0.3090909090909091,0.0069488600488165,0.3818181818181818
2839636027,E031,boundary_aware,strong,0.0055463171244939,0.0176809277705653,0.2772727272727273,0.0034956627945441,0.0037101326037921,0.2,0.0038731351731292,0.3090909090909091,0.0051765153307085,0.2909090909090909,0.009425485390346,0.3090909090909091
2839636027,E031,robust_control_aware,moderate,0.0035276788258926,0.0123922581465875,0.3681818181818181,0.0034956627945441,0.0023931221816958,0.2545454545454545,0.0032745440595041,0.2727272727272727,0.0040162435539992,0.3636363636363636,0.0044268055083712,0.5818181818181818
2839636027,E031,robust_control_aware,strong,0.0047226599620582,0.013678346685771,0.2954545454545454,0.0034956627945441,0.0031430432111064,0.2181818181818181,0.0037506825895092,0.2545454545454545,0.0051042447003027,0.3272727272727272,0.0068926693473146,0.3818181818181818
2838963550,E020,boundary_aware,moderate,0.0025719139846,0.0105633831781586,0.4454545454545454,0.0034091040690931,0.002344001237189,0.2727272727272727,0.0015621243878625,0.4727272727272727,0.0023580883680287,0.5272727272727272,0.0040234419453199,0.509090909090909
2838963550,E020,boundary_aware,strong,0.0036560873547792,0.0124254101762593,0.3909090909090909,0.0034091040690931,0.0035913989198916,0.2181818181818181,0.0023897411711771,0.4181818181818181,0.0025450255085125,0.509090909090909,0.0060981838195354,0.4181818181818181
2838963550,E020,robust_control_aware,moderate,0.0012384362674301,0.0060291195008358,0.6272727272727273,0.0034091040690931,0.0014451254537285,0.4,0.0016968277516749,0.4545454545454545,0.001068578988952,0.7818181818181819,0.0007432128753649,0.8727272727272727
2838963550,E020,robust_control_aware,strong,0.0024313357625743,0.0108986025603119,0.5045454545454545,0.0034091040690931,0.0022444283665581,0.3272727272727272,0.0026904571997887,0.3454545454545454,0.0018668384773349,0.6363636363636364,0.0029236190066154,0.7090909090909091
2838963550,E031,boundary_aware,moderate,0.0041709483792621,0.0169609926670763,0.3954545454545454,0.0034091040690931,0.0022247433573348,0.4545454545454545,0.0038494429069161,0.2727272727272727,0.0038366074190871,0.3818181818181818,0.0067729998337106,0.4727272727272727
2838963550,E031,boundary_aware,strong,0.0056415825026953,0.0226594107111636,0.3363636363636363,0.0034091040690931,0.0034276038374357,0.4,0.0037599718306156,0.2909090909090909,0.005372802331457,0.3090909090909091,0.0100059520112727,0.3454545454545454
2838963550,E031,robust_control_aware,moderate,0.0031256031774255,0.012709312423361,0.4590909090909091,0.0034091040690931,0.0016283236318702,0.4363636363636363,0.0037949174670729,0.2909090909090909,0.0034204147407022,0.4363636363636363,0.0036587568700567,0.6727272727272727
2838963550,E031,robust_control_aware,strong,0.0042745809416932,0.0146734468936283,0.3818181818181818,0.0034091040690931,0.002890939723999,0.4,0.0039078546397307,0.2909090909090909,0.0038716686886341,0.3636363636363636,0.0064278607144089,0.4727272727272727
2536475534,E020,boundary_aware,moderate,0.0027718556004969,0.0116689528209681,0.4545454545454545,0.0037370642550667,0.0016315827112997,0.3636363636363636,0.0022735038260527,0.4,0.0030250804702617,0.4727272727272727,0.0041572553943737,0.5818181818181818
2536475534,E020,boundary_aware,strong,0.0045566983297325,0.0147034972153407,0.35,0.0037370642550667,0.0028486465451623,0.2727272727272727,0.0035017558424751,0.3090909090909091,0.0045172249414876,0.4,0.0073591659898052,0.4181818181818181
2536475534,E020,robust_control_aware,moderate,0.0010171329771609,0.0055370147552657,0.6545454545454545,0.0037370642550667,0.0008991704982294,0.4727272727272727,0.0011844239969894,0.5272727272727272,0.0012860641225589,0.7090909090909091,0.0006988732908659,0.9090909090909092
2536475534,E020,robust_control_aware,strong,0.002370687216089,0.0090508786008737,0.5045454545454545,0.0037370642550667,0.0015321370128425,0.3636363636363636,0.0015308436255963,0.4909090909090909,0.002128983354613,0.5636363636363636,0.0042907848713043,0.6
2536475534,E031,boundary_aware,moderate,0.0041991850415294,0.01638810415245,0.3954545454545454,0.0037370642550667,0.0029733232001416,0.2909090909090909,0.0026748681732087,0.4363636363636363,0.0042128978369277,0.4181818181818181,0.0069356509558398,0.4363636363636363
2536475534,E031,boundary_aware,strong,0.0055210195769949,0.0198838199578603,0.3363636363636363,0.0037370642550667,0.0041764111019578,0.2363636363636363,0.0033921715277916,0.3636363636363636,0.0057225525589872,0.3636363636363636,0.0087929431192428,0.3818181818181818
2536475534,E031,robust_control_aware,moderate,0.0033934332269754,0.0140281544711003,0.4681818181818182,0.0037370642550667,0.0017119321424845,0.4181818181818181,0.0029818833151193,0.4181818181818181,0.0039361014998897,0.509090909090909,0.0049438159504081,0.5272727272727272
2536475534,E031,robust_control_aware,strong,0.0045313609937943,0.01638810415245,0.4090909090909091,0.0037370642550667,0.0036729714287881,0.3272727272727272,0.0034062913403314,0.4,0.0041567608475121,0.4727272727272727,0.0068894203585455,0.4363636363636363
2533507419,E020,boundary_aware,moderate,0.0025364597218488,0.0108421445383903,0.4636363636363636,0.0035070441131467,0.0018807441811194,0.3818181818181818,0.0020284259839336,0.4181818181818181,0.0029715766894073,0.3636363636363636,0.0032650920329349,0.6909090909090909
2533507419,E020,boundary_aware,strong,0.0040031489971376,0.015078421520382,0.3818181818181818,0.0035070441131467,0.0023948968755294,0.3636363636363636,0.0026719089722749,0.3454545454545454,0.0035301005836128,0.3454545454545454,0.0074156895571333,0.4727272727272727
2533507419,E020,robust_control_aware,moderate,0.0014980956440856,0.0063545740251918,0.6136363636363636,0.0035070441131467,0.0010513520432307,0.4363636363636363,0.0012222094286762,0.6,0.0019243488480353,0.5454545454545454,0.0017944722564001,0.8727272727272727
2533507419,E020,robust_control_aware,strong,0.0030082083358789,0.0143359107459243,0.4772727272727273,0.0035070441131467,0.0023155797464101,0.3636363636363636,0.0019494138546558,0.4545454545454545,0.003623717521642,0.4181818181818181,0.0041441222208079,0.6727272727272727
2533507419,E031,boundary_aware,moderate,0.0042859798866201,0.0151302153162868,0.35,0.0035070441131467,0.0030363879829447,0.2727272727272727,0.0036624560267776,0.2545454545454545,0.0034648870361069,0.4363636363636363,0.0069801885006514,0.4363636363636363
2533507419,E031,boundary_aware,strong,0.0061522048224082,0.0230593915846824,0.2818181818181818,0.0035070441131467,0.0042274196813524,0.2363636363636363,0.0044827499279052,0.2181818181818181,0.0053970401963872,0.3090909090909091,0.0105016094839878,0.3636363636363636
2533507419,E031,robust_control_aware,moderate,0.0032042474007059,0.0115470218114285,0.4272727272727272,0.0035070441131467,0.0025928656515356,0.2727272727272727,0.0030533635477663,0.3272727272727272,0.0034998088268883,0.4545454545454545,0.0036709515766332,0.6545454545454545
2533507419,E031,robust_control_aware,strong,0.0048207997730709,0.0192896244733937,0.3409090909090909,0.0035070441131467,0.0033025055091235,0.2181818181818181,0.0039683048092253,0.2909090909090909,0.0039252268372853,0.4181818181818181,0.0080871619366494,0.4363636363636363
2883336741,E020,boundary_aware,moderate,0.003119451352799,0.0122155294246743,0.4045454545454545,0.0036261230264747,0.0020580639801187,0.3636363636363636,0.0022551126855343,0.3454545454545454,0.0034161505956783,0.3636363636363636,0.0047484781498647,0.5454545454545454
2883336741,E020,boundary_aware,strong,0.0045767120557944,0.0169740547426044,0.3545454545454545,0.0036261230264747,0.0030660922778587,0.3454545454545454,0.0026820329665191,0.3090909090909091,0.0041026463911239,0.3636363636363636,0.0084560765876761,0.4
2883336741,E020,robust_control_aware,moderate,0.0010309482970833,0.0051055788106229,0.6318181818181818,0.0036261230264747,0.0007747257618225,0.4363636363636363,0.0013382609629205,0.5272727272727272,0.0014308057175856,0.6363636363636364,0.0005800007460045,0.9272727272727272
2883336741,E020,robust_control_aware,strong,0.0021109261794357,0.008772774743039,0.5,0.0036261230264747,0.0016002698553965,0.3818181818181818,0.0021378820316211,0.3636363636363636,0.0027246522063479,0.4545454545454545,0.0019809006243771,0.8
2883336741,E031,boundary_aware,moderate,0.0042488951685213,0.0155594931915402,0.3272727272727272,0.0036261230264747,0.0030480851396688,0.2,0.0029221087645144,0.3454545454545454,0.0050126075675747,0.2909090909090909,0.0060127792023273,0.4727272727272727
2883336741,E031,boundary_aware,strong,0.0059612372505015,0.0265226243503097,0.2636363636363636,0.0036261230264747,0.0035954228457742,0.1636363636363636,0.0033645153935241,0.3090909090909091,0.0058933861516445,0.2909090909090909,0.0109916246110632,0.2909090909090909
2883336741,E031,robust_control_aware,moderate,0.0032686680151821,0.0103054285079713,0.3954545454545454,0.0036261230264747,0.0022972632446373,0.2363636363636363,0.0027868463007014,0.2909090909090909,0.0041669869966103,0.3636363636363636,0.0038235755187796,0.6909090909090909
2883336741,E031,robust_control_aware,strong,0.0049247739475751,0.0181623877240716,0.3272727272727272,0.0036261230264747,0.0034449544413879,0.2,0.0032885589863115,0.3090909090909091,0.0055741191181096,0.3090909090909091,0.0073914632444913,0.4909090909090909
2771279702,E020,boundary_aware,moderate,0.0031385343958427,0.0100584025933793,0.4,0.0035616120298158,0.0023716999646996,0.2909090909090909,0.0024228509118449,0.3272727272727272,0.0036266094835573,0.4363636363636363,0.0041329772232689,0.5454545454545454
2771279702,E020,boundary_aware,strong,0.0045030425286157,0.013354379329607,0.3136363636363636,0.0035616120298158,0.0030797936779888,0.2545454545454545,0.0030972780835721,0.2909090909090909,0.0048593678626498,0.3090909090909091,0.0069757304902521,0.4
2771279702,E020,robust_control_aware,moderate,0.0011687941935709,0.00575165864379,0.6136363636363636,0.0035616120298158,0.0012892900922196,0.3090909090909091,0.0009654935135112,0.6363636363636364,0.0018359562531723,0.6,0.0005844369153806,0.9090909090909092
2771279702,E020,robust_control_aware,strong,0.0024929761490182,0.0097384777258451,0.4772727272727273,0.0035616120298158,0.002049304163738,0.2727272727272727,0.0024308954916052,0.4,0.0027575548417954,0.5272727272727272,0.002734150098934,0.7090909090909091
2771279702,E031,boundary_aware,moderate,0.0039572964273938,0.0121959755735144,0.3181818181818182,0.0035616120298158,0.0028427919638204,0.2181818181818181,0.0028066688720315,0.3636363636363636,0.0043070038201468,0.2545454545454545,0.0058727210535765,0.4363636363636363
2771279702,E031,boundary_aware,strong,0.0049696933625068,0.0161644437260578,0.2772727272727273,0.0035616120298158,0.0036422425067915,0.1818181818181818,0.0030259319913206,0.3454545454545454,0.0043129474293759,0.2727272727272727,0.0088976515225391,0.3090909090909091
2771279702,E031,robust_control_aware,moderate,0.0036004011936581,0.0109341074717152,0.3545454545454545,0.0035616120298158,0.0031467974963893,0.2,0.0031131743064706,0.3454545454545454,0.0039833382059546,0.3272727272727272,0.0041582947658177,0.5454545454545454
2771279702,E031,robust_control_aware,strong,0.0042475837898602,0.0136694454149875,0.3181818181818182,0.0035616120298158,0.0032427241986707,0.1818181818181818,0.0033624002056471,0.3636363636363636,0.0045576584838413,0.2727272727272727,0.0058275522712814,0.4545454545454545
2606537751,E020,boundary_aware,moderate,0.0023467486189202,0.009463299017844,0.509090909090909,0.0041518792866254,0.0018597355528825,0.3454545454545454,0.0017441588907619,0.3818181818181818,0.0021720557578939,0.6363636363636364,0.0036110442741426,0.6727272727272727
2606537751,E020,boundary_aware,strong,0.0037419925225357,0.0160194155760109,0.4227272727272727,0.0041518792866254,0.0025462324523969,0.2727272727272727,0.0035201425808599,0.2909090909090909,0.0027532847858467,0.5818181818181818,0.0061483102710394,0.5454545454545454
2606537751,E020,robust_control_aware,moderate,0.0014868974280746,0.0064497274471475,0.6181818181818182,0.0041518792866254,0.0011003895014861,0.3636363636363636,0.0013396348271637,0.4545454545454545,0.0012903117368699,0.7636363636363637,0.0022172536467788,0.8909090909090909
2606537751,E020,robust_control_aware,strong,0.0027336397647489,0.0098301817917375,0.5227272727272727,0.0041518792866254,0.0018102682720804,0.3454545454545454,0.0018267661692786,0.4,0.0023999081228106,0.6363636363636364,0.0048976164948261,0.7090909090909091
2606537751,E031,boundary_aware,moderate,0.0047842824619335,0.0192616583694179,0.3363636363636363,0.0041518792866254,0.0017451825110965,0.4181818181818181,0.0033601690541553,0.2,0.0041170105757767,0.3454545454545454,0.0099147677067057,0.3818181818181818
2606537751,E031,boundary_aware,strong,0.005813578934038,0.0205630231722481,0.2909090909090909,0.0041518792866254,0.002655292906116,0.3454545454545454,0.004108510807353,0.1818181818181818,0.0052574370621515,0.3090909090909091,0.0112330749605315,0.3272727272727272
2606537751,E031,robust_control_aware,moderate,0.0036123134943177,0.0137694271747022,0.3681818181818181,0.0041518792866254,0.0012745304344759,0.4,0.0038708219905765,0.1454545454545454,0.0036615171572823,0.3818181818181818,0.005642384394936,0.5454545454545454
2606537751,E031,robust_control_aware,strong,0.0049651372871132,0.0185424408052127,0.3136363636363636,0.0041518792866254,0.0022222461540807,0.3636363636363636,0.0043168973785737,0.1636363636363636,0.0041277561823237,0.3090909090909091,0.0091936494334747,0.4181818181818181
2684609051,E020,boundary_aware,moderate,0.0027914230515073,0.0111505492508705,0.4454545454545454,0.0034558899486877,0.0010902002473178,0.3818181818181818,0.0033785806687977,0.2727272727272727,0.0031895938532382,0.5272727272727272,0.0035073174366758,0.6
2684609051,E020,boundary_aware,strong,0.0045247341067875,0.0146305299943862,0.3227272727272727,0.0034558899486877,0.0024118826282127,0.2909090909090909,0.0042636154392245,0.2363636363636363,0.0049939268341657,0.3636363636363636,0.0064295115255471,0.4
2684609051,E020,robust_control_aware,moderate,0.0009959521976035,0.0053205179906456,0.65,0.0034558899486877,0.0008943501378,0.4363636363636363,0.0011296299892748,0.5636363636363636,0.0014426244417077,0.6727272727272727,0.0005172042216318,0.9272727272727272
2684609051,E020,robust_control_aware,strong,0.0017596071192921,0.0079722622656825,0.5590909090909091,0.0034558899486877,0.0011013911610915,0.4545454545454545,0.0018170559646771,0.4727272727272727,0.00214090063803,0.5636363636363636,0.0019790807133697,0.7454545454545455
2684609051,E031,boundary_aware,moderate,0.0047836758185197,0.0156196891396393,0.3090909090909091,0.0034558899486877,0.0027958893157953,0.2909090909090909,0.0036318849183649,0.3272727272727272,0.0046349002080671,0.3090909090909091,0.0080720288318515,0.3090909090909091
2684609051,E031,boundary_aware,strong,0.006749619687129,0.0242600690660288,0.2681818181818182,0.0034558899486877,0.0048997609550276,0.2545454545454545,0.0052503406374759,0.2909090909090909,0.0058459201337781,0.3090909090909091,0.0110024570222343,0.2181818181818181
2684609051,E031,robust_control_aware,moderate,0.0035985551520923,0.0124326086261797,0.3909090909090909,0.0034558899486877,0.0023146565175412,0.2909090909090909,0.0025948898333327,0.4363636363636363,0.0031497702557504,0.3818181818181818,0.0063349040017449,0.4545454545454545
2684609051,E031,robust_control_aware,strong,0.0052887615007915,0.0188261809758841,0.3045454545454545,0.0034558899486877,0.003564080975517,0.2727272727272727,0.0042728039860085,0.2909090909090909,0.0046927520365626,0.3090909090909091,0.008625409005078,0.3454545454545454
2677042407,E020,boundary_aware,moderate,0.0026930188561527,0.01267097286656,0.4772727272727273,0.0038368864230456,0.0013007338574024,0.4,0.0024795930360296,0.3272727272727272,0.0024396733560266,0.5818181818181818,0.0045520751751524,0.6
2677042407,E020,boundary_aware,strong,0.0047254468382252,0.0172380353263505,0.3772727272727272,0.0038368864230456,0.0027678280179413,0.3454545454545454,0.0035532170880587,0.2909090909090909,0.0042081902055459,0.4363636363636363,0.008372552041355,0.4363636363636363
2677042407,E020,robust_control_aware,moderate,0.0010397585472843,0.005801263381187,0.6590909090909091,0.0038368864230456,0.0008790610457361,0.4,0.0013714867828574,0.5454545454545454,0.0014385670580225,0.7454545454545455,0.0004699193025213,0.9454545454545454
2677042407,E020,robust_control_aware,strong,0.0021068745848283,0.0106282005883218,0.5545454545454546,0.0038368864230456,0.0016511468355567,0.3454545454545454,0.0024699411728689,0.4181818181818181,0.001984898121944,0.6727272727272727,0.0023215122089437,0.7818181818181819
2677042407,E031,boundary_aware,moderate,0.0046796270495726,0.0159218723887431,0.3045454545454545,0.0038368864230456,0.0014680877360753,0.2909090909090909,0.0043689315959895,0.2,0.0041297265787723,0.3454545454545454,0.0087517622874533,0.3818181818181818
2677042407,E031,boundary_aware,strong,0.0058779747348716,0.0168831292127704,0.2681818181818182,0.0038368864230456,0.0020687200789706,0.2727272727272727,0.005416655995101,0.2363636363636363,0.0057801640105959,0.2363636363636363,0.0102463588548189,0.3272727272727272
2677042407,E031,robust_control_aware,moderate,0.0030293363067932,0.0122566744070163,0.4136363636363636,0.0038368864230456,0.0016022299364392,0.2909090909090909,0.0033421796108995,0.2909090909090909,0.003535380996413,0.4363636363636363,0.0036375546834208,0.6363636363636364
2677042407,E031,robust_control_aware,strong,0.0047673547173887,0.0148831334125838,0.3136363636363636,0.0038368864230456,0.0020367672742532,0.2727272727272727,0.0045485238899534,0.2181818181818181,0.0043994915758349,0.3454545454545454,0.0080846361295133,0.4181818181818181
2705314923,E020,boundary_aware,moderate,0.0025712668089776,0.0116257671277846,0.4863636363636364,0.0038618660463972,0.0012816773818921,0.4181818181818181,0.0017626446357121,0.509090909090909,0.0033824816533464,0.4181818181818181,0.0038582635649598,0.6
2705314923,E020,boundary_aware,strong,0.0043412917216439,0.0165461647922809,0.3772727272727272,0.0038618660463972,0.0022652356029286,0.3636363636363636,0.0026572548020416,0.4,0.0043738138574569,0.3272727272727272,0.0080688626241485,0.4181818181818181
2705314923,E020,robust_control_aware,moderate,0.0013029257416717,0.0050461580188139,0.6,0.0038618660463972,0.0013212336495092,0.4181818181818181,0.0012047311739403,0.5454545454545454,0.0014623865899797,0.6363636363636364,0.0012233515532577,0.8
2705314923,E020,robust_control_aware,strong,0.0022946105086596,0.0101509095654744,0.4954545454545455,0.0038618660463972,0.0018174451194621,0.3636363636363636,0.0017586410640441,0.4545454545454545,0.0029523246289754,0.4909090909090909,0.0026500312221567,0.6727272727272727
2705314923,E031,boundary_aware,moderate,0.0042012409250424,0.0152554799054521,0.3909090909090909,0.0038618660463972,0.0034087090589056,0.3454545454545454,0.0032461480212393,0.4181818181818181,0.0040678839229653,0.3272727272727272,0.0060822226970594,0.4727272727272727
2705314923,E031,boundary_aware,strong,0.0055554037841447,0.0230503641857302,0.3227272727272727,0.0038618660463972,0.0042543235929371,0.2363636363636363,0.0045825817786085,0.3636363636363636,0.004198316101708,0.3454545454545454,0.009186393663325,0.3454545454545454
2705314923,E031,robust_control_aware,moderate,0.0031726380637933,0.0117334915217335,0.4409090909090909,0.0038618660463972,0.0022585435678395,0.3090909090909091,0.0022427916299012,0.4909090909090909,0.0040623125907001,0.3636363636363636,0.0041269044667325,0.6
2705314923,E031,robust_control_aware,strong,0.0046927927643459,0.0185924723011665,0.3681818181818181,0.0038618660463972,0.0034881942598112,0.2727272727272727,0.0035430767120554,0.3818181818181818,0.0046515535079068,0.3454545454545454,0.0070883465776102,0.4727272727272727
2555182529,E020,boundary_aware,moderate,0.0026150233253409,0.0105047052311624,0.45,0.0040787972320517,0.0017426003458464,0.3272727272727272,0.0026716240446135,0.4,0.0031361704561886,0.4,0.0029096984547152,0.6727272727272727
2555182529,E020,boundary_aware,strong,0.0046512531604862,0.0159946535302116,0.3363636363636363,0.0040787972320517,0.002772310669778,0.2727272727272727,0.0034352529541496,0.3636363636363636,0.0044710869691413,0.2909090909090909,0.0079263620488759,0.4181818181818181
2555182529,E020,robust_control_aware,moderate,0.001170963419764,0.0049889603277254,0.6409090909090909,0.0040787972320517,0.0011171083721244,0.4363636363636363,0.001156343478914,0.6,0.0015224461516288,0.6545454545454545,0.0008879556763887,0.8727272727272727
2555182529,E020,robust_control_aware,strong,0.0025249302961097,0.0106618322762767,0.5181818181818182,0.0040787972320517,0.0013039895920916,0.4181818181818181,0.0023379910070926,0.4909090909090909,0.0023683221148346,0.509090909090909,0.0040894184704201,0.6545454545454545
2555182529,E031,boundary_aware,moderate,0.0050085195158955,0.0163454875629027,0.3409090909090909,0.0040787972320517,0.0036575643716727,0.3636363636363636,0.0042024025548251,0.3454545454545454,0.0042405047069492,0.2909090909090909,0.007933606430135,0.3636363636363636
2555182529,E031,boundary_aware,strong,0.0058738176592219,0.0237592920798793,0.2954545454545454,0.0040787972320517,0.0041511531366703,0.3090909090909091,0.0052569212354053,0.2727272727272727,0.0053968839082948,0.2545454545454545,0.0086903123565171,0.3454545454545454
2555182529,E031,robust_control_aware,moderate,0.0040274431160771,0.0131880083844906,0.4,0.0040787972320517,0.0030772707561233,0.3272727272727272,0.0038043969112144,0.3090909090909091,0.0047280665784083,0.3272727272727272,0.0045000382185625,0.6363636363636364
2555182529,E031,robust_control_aware,strong,0.0054018671116591,0.0163454875629027,0.3136363636363636,0.0040787972320517,0.0032365790585217,0.3272727272727272,0.0047864363300676,0.3090909090909091,0.0064474770609759,0.1818181818181818,0.0071369759970712,0.4363636363636363
2687112636,E020,boundary_aware,moderate,0.0027746231266211,0.0124461168517569,0.4545454545454545,0.0035409046597812,0.001225035782342,0.3818181818181818,0.0025422060929476,0.4181818181818181,0.0034264507947432,0.4545454545454545,0.0039047998364517,0.5636363636363636
2687112636,E020,boundary_aware,strong,0.0045153297952992,0.0158884623270189,0.359090909090909,0.0035409046597812,0.002265223383894,0.2909090909090909,0.0037917354436151,0.3454545454545454,0.0047079228068349,0.3454545454545454,0.0072964375468528,0.4545454545454545
2687112636,E020,robust_control_aware,moderate,0.0010215182408255,0.0060121627000516,0.6590909090909091,0.0035409046597812,0.0008367153728046,0.4363636363636363,0.0009254903773119,0.6181818181818182,0.0012907193510671,0.6909090909090909,0.0010331478621183,0.8909090909090909
2687112636,E020,robust_control_aware,strong,0.0039326423740801,0.0155216565254691,0.4318181818181818,0.0035409046597812,0.0022528184689624,0.3636363636363636,0.0035267727542412,0.4,0.0030424477421388,0.4363636363636363,0.0069085305309781,0.5272727272727272
2687112636,E031,boundary_aware,moderate,0.0054354357503496,0.0171160191277358,0.2954545454545454,0.0035409046597812,0.0038903486422857,0.2363636363636363,0.0042103340236552,0.3272727272727272,0.0042476702902956,0.3454545454545454,0.009393390045162,0.2727272727272727
2687112636,E031,boundary_aware,strong,0.0061145698281551,0.0199338163438346,0.2772727272727273,0.0035409046597812,0.0047685700465878,0.2,0.0039995132670138,0.3636363636363636,0.0046972415917834,0.3272727272727272,0.0109929544072354,0.2181818181818181
2687112636,E031,robust_control_aware,moderate,0.0040479208937157,0.0140091540291905,0.3909090909090909,0.0035409046597812,0.0033605555057871,0.2363636363636363,0.0034448591567703,0.4181818181818181,0.0031924048771057,0.4181818181818181,0.0061938640351995,0.4909090909090909
2687112636,E031,robust_control_aware,strong,0.0053480549068703,0.0178138123907578,0.3409090909090909,0.0035409046597812,0.0045552438466707,0.2727272727272727,0.0037165585883918,0.4,0.0042639904268698,0.3636363636363636,0.008856426765549,0.3272727272727272
2733401755,E020,boundary_aware,moderate,0.0031510756703497,0.0115158742994165,0.4,0.0037780023683574,0.0020312218780726,0.3090909090909091,0.0028450926101159,0.3090909090909091,0.0033519856948035,0.4363636363636363,0.0043760024984069,0.5454545454545454
2733401755,E020,boundary_aware,strong,0.0048121580117713,0.0142656692303717,0.3090909090909091,0.0037780023683574,0.0027920624433684,0.2909090909090909,0.0040853002499145,0.2,0.0035438209840977,0.4181818181818181,0.0088274483697045,0.3272727272727272
2733401755,E020,robust_control_aware,moderate,0.000931343876398,0.0049458231840675,0.6681818181818182,0.0037780023683574,0.000903087725765,0.4181818181818181,0.0013789489316582,0.5818181818181818,0.0010944673917945,0.7272727272727273,0.0003488714563743,0.9454545454545454
2733401755,E020,robust_control_aware,strong,0.0022371984986916,0.0099618953289441,0.509090909090909,0.0037780023683574,0.0018036926186342,0.2909090909090909,0.0024813087281844,0.4363636363636363,0.002249363197751,0.5636363636363636,0.0024144294501967,0.7454545454545455
2733401755,E031,boundary_aware,moderate,0.0046265572305507,0.0157953919056831,0.35,0.0037780023683574,0.0028644825306641,0.3090909090909091,0.0035657840671973,0.2909090909090909,0.0053424231649926,0.2909090909090909,0.0067335391593486,0.509090909090909
2733401755,E031,boundary_aware,strong,0.0060426997133859,0.0240147440935374,0.2909090909090909,0.0037780023683574,0.0030779331457757,0.3272727272727272,0.0044655869612368,0.2181818181818181,0.0058309790831259,0.2363636363636363,0.0107962996634053,0.3818181818181818
2733401755,E031,robust_control_aware,moderate,0.0031585453501582,0.0131297401147973,0.4363636363636363,0.0037780023683574,0.0015012320580803,0.3636363636363636,0.0033753732107511,0.2909090909090909,0.0032165293970595,0.4363636363636363,0.004541046734742,0.6545454545454545
2733401755,E031,robust_control_aware,strong,0.00477978994305,0.0178642381641216,0.3181818181818182,0.0037780023683574,0.002654447781409,0.2363636363636363,0.0036765373270588,0.2363636363636363,0.0048905056243392,0.3272727272727272,0.007897669039393,0.4727272727272727
2667909150,E020,boundary_aware,moderate,0.0027213803442055,0.0117190851431154,0.4636363636363636,0.0037449444516839,0.0013234545835289,0.3818181818181818,0.0023007651246998,0.4545454545454545,0.0027876234846008,0.4727272727272727,0.0044736781839924,0.5454545454545454
2667909150,E020,boundary_aware,strong,0.003358954962226,0.0128078786533283,0.4318181818181818,0.0037449444516839,0.001859556183287,0.3818181818181818,0.0031881334126053,0.4545454545454545,0.0030069237419895,0.4363636363636363,0.0053812065110221,0.4545454545454545
2667909150,E020,robust_control_aware,moderate,0.0011982364967572,0.0058415347185231,0.6409090909090909,0.0037449444516839,0.0010851761720144,0.4,0.0012804345043395,0.5818181818181818,0.0015446672361419,0.7090909090909091,0.000882668074533,0.8727272727272727
2667909150,E020,robust_control_aware,strong,0.0022030181352157,0.0098563124425709,0.5318181818181819,0.0037449444516839,0.0016712214173318,0.3454545454545454,0.0016441656256066,0.5636363636363636,0.002492579442868,0.5454545454545454,0.0030041060550565,0.6727272727272727
2667909150,E031,boundary_aware,moderate,0.0049455541360272,0.0175473591664553,0.25,0.0037449444516839,0.0029475642426462,0.2727272727272727,0.0041883753694267,0.0727272727272727,0.0044746271065392,0.2909090909090909,0.0081716498254968,0.3636363636363636
2667909150,E031,boundary_aware,strong,0.0060774372389568,0.0199731344270393,0.2136363636363636,0.0037449444516839,0.0040850690822258,0.2,0.0046421449361023,0.0727272727272727,0.0049835939582594,0.2909090909090909,0.0105989409792396,0.2909090909090909
2667909150,E031,robust_control_aware,moderate,0.0043000306085007,0.0153381317388266,0.3136363636363636,0.0037449444516839,0.0034587560168735,0.2363636363636363,0.0036320335282984,0.109090909090909,0.0035344850668085,0.3818181818181818,0.0065748478220225,0.5272727272727272
2667909150,E031,robust_control_aware,strong,0.0055395683284935,0.0193172879952963,0.2409090909090909,0.0037449444516839,0.0039387472726535,0.2181818181818181,0.004452157561295,0.0727272727272727,0.0045048681636452,0.3272727272727272,0.0092625003163802,0.3454545454545454
2660772115,E020,boundary_aware,moderate,0.0025346533828886,0.0095263049666529,0.4681818181818182,0.0036017877324358,0.001129281058062,0.509090909090909,0.001995518218832,0.4181818181818181,0.0039027333836283,0.3272727272727272,0.0031110808710322,0.6181818181818182
2660772115,E020,boundary_aware,strong,0.0040787654088711,0.015136591590428,0.3863636363636363,0.0036017877324358,0.0014640708431749,0.4727272727272727,0.002755051319606,0.3454545454545454,0.0046518584671769,0.2909090909090909,0.0074440810055265,0.4363636363636363
2660772115,E020,robust_control_aware,moderate,0.0011894114154617,0.0065281611224263,0.6363636363636364,0.0036017877324358,0.0006349103269462,0.4909090909090909,0.0015406948556648,0.5636363636363636,0.0019213807666969,0.5818181818181818,0.0006606597125387,0.9090909090909092
2660772115,E020,robust_control_aware,strong,0.0018250825391323,0.0081260699419424,0.5636363636363636,0.0036017877324358,0.0008578028610016,0.4909090909090909,0.0019716452830629,0.509090909090909,0.0027808380655706,0.4909090909090909,0.0016900439468943,0.7636363636363637
2660772115,E031,boundary_aware,moderate,0.0045434577829558,0.0158013713313266,0.3318181818181818,0.0036017877324358,0.003812455780696,0.2909090909090909,0.0036610556057681,0.2727272727272727,0.0038968117770416,0.2909090909090909,0.0068035079683177,0.4727272727272727
2660772115,E031,boundary_aware,strong,0.0055081681105998,0.0181838403115008,0.2863636363636364,0.0036017877324358,0.0051098051325512,0.2181818181818181,0.0048362371641375,0.2363636363636363,0.0043179684306286,0.2727272727272727,0.0077686617150819,0.4181818181818181
2660772115,E031,robust_control_aware,moderate,0.0034633569083713,0.012117609998782,0.3545454545454545,0.0036017877324358,0.0031561883490714,0.2,0.0034412178029896,0.2909090909090909,0.0037179217481538,0.2727272727272727,0.0035380997332705,0.6545454545454545
2660772115,E031,robust_control_aware,strong,0.0045649471137496,0.0158013713313266,0.3136363636363636,0.0036017877324358,0.0041612402832262,0.1818181818181818,0.003924651987684,0.2909090909090909,0.0042917569340428,0.2545454545454545,0.0058821392500452,0.5272727272727272
2555514464,E020,boundary_aware,moderate,0.0027209842223505,0.0111217771673087,0.4545454545454545,0.0036026962639527,0.0016530056300651,0.2545454545454545,0.0024423514560378,0.4727272727272727,0.0025455459028953,0.4909090909090909,0.0042430339004036,0.6
2555514464,E020,boundary_aware,strong,0.0043247593487796,0.0157749314747564,0.3727272727272727,0.0036026962639527,0.0024619477109685,0.1818181818181818,0.0029852488141138,0.4363636363636363,0.0036020364489211,0.4545454545454545,0.0082498044211151,0.4181818181818181
2555514464,E020,robust_control_aware,moderate,0.0010563205915937,0.0054743615878689,0.6409090909090909,0.0036026962639527,0.001094177262963,0.3454545454545454,0.0009166243112761,0.6363636363636364,0.0015835757166561,0.6363636363636364,0.0006309050754794,0.9454545454545454
2555514464,E020,robust_control_aware,strong,0.0032124256894201,0.0133769591178818,0.4636363636363636,0.0036026962639527,0.0021363624412622,0.2727272727272727,0.0030173979445324,0.4363636363636363,0.0030833221405586,0.4909090909090909,0.0046126202313272,0.6545454545454545
2555514464,E031,boundary_aware,moderate,0.0046832846397369,0.0172261719041308,0.3545454545454545,0.0036026962639527,0.002594795400199,0.3272727272727272,0.0048152913615878,0.2727272727272727,0.0040113589994038,0.3636363636363636,0.0073116927977572,0.4545454545454545
2555514464,E031,boundary_aware,strong,0.0057282160628471,0.0211962013638739,0.3181818181818182,0.0036026962639527,0.0039326375593359,0.3090909090909091,0.0062203658763605,0.2363636363636363,0.0042553252549428,0.3272727272727272,0.0085045355607493,0.4
2555514464,E031,robust_control_aware,moderate,0.0030445818298647,0.0116441855202141,0.4227272727272727,0.0036026962639527,0.001975475359125,0.3636363636363636,0.0033943769331667,0.2545454545454545,0.0035033621754939,0.3818181818181818,0.0033051128516733,0.6909090909090909
2555514464,E031,robust_control_aware,strong,0.004670494803839,0.016726108174771,0.3454545454545454,0.0036026962639527,0.0027206057831574,0.3272727272727272,0.0048524182422494,0.2181818181818181,0.0040249176666685,0.3454545454545454,0.0070840375232807,0.4909090909090909
2743687989,E020,boundary_aware,moderate,0.002565604658099,0.0102293790040608,0.4590909090909091,0.0036311153356689,0.0017336557485398,0.3272727272727272,0.0023536761153143,0.3818181818181818,0.0029880943289813,0.4727272727272727,0.0031869924395606,0.6545454545454545
2743687989,E020,boundary_aware,strong,0.0048679401704764,0.0166863088596019,0.359090909090909,0.0036311153356689,0.0044179275208548,0.2727272727272727,0.0034878865539287,0.3272727272727272,0.0044176144162476,0.3636363636363636,0.0071483321908746,0.4727272727272727
2743687989,E020,robust_control_aware,moderate,0.001065121004633,0.0060009255800058,0.6318181818181818,0.0036311153356689,0.000660054928155,0.4545454545454545,0.0017816459766066,0.4545454545454545,0.0017268097094549,0.6363636363636364,9.197340431538496e-05,0.9818181818181818
2743687989,E020,robust_control_aware,strong,0.0024501079274883,0.0095386703393635,0.4863636363636364,0.0036311153356689,0.0023993708198969,0.2909090909090909,0.0026938723488005,0.4,0.0025339650398484,0.509090909090909,0.0021732235014074,0.7454545454545455
2743687989,E031,boundary_aware,moderate,0.0045203549008538,0.0156583967991167,0.3363636363636363,0.0036311153356689,0.002355809652533,0.2909090909090909,0.0031002294123878,0.3272727272727272,0.0050365759940611,0.3090909090909091,0.0075888045444335,0.4181818181818181
2743687989,E031,boundary_aware,strong,0.0054678613511079,0.0191356717266266,0.3136363636363636,0.0036311153356689,0.0039362293268318,0.2363636363636363,0.0037034865416162,0.3272727272727272,0.0055293210469004,0.3090909090909091,0.0087024084890832,0.3818181818181818
2743687989,E031,robust_control_aware,moderate,0.0034382691569,0.0127969879191368,0.3818181818181818,0.0036311153356689,0.0014691808667237,0.2545454545454545,0.0026304949545519,0.4,0.0049020596550386,0.3272727272727272,0.0047513411512859,0.5454545454545454
2743687989,E031,robust_control_aware,strong,0.0046533133244833,0.0164393693301711,0.3363636363636363,0.0036311153356689,0.0026882898577738,0.2545454545454545,0.0033333666387083,0.3454545454545454,0.004960210477069,0.3272727272727272,0.007631386324382,0.4181818181818181
2544328892,E020,boundary_aware,moderate,0.0028042098917309,0.0103441183181937,0.4318181818181818,0.0039866901177859,0.0022672913062318,0.2909090909090909,0.002350071511635,0.4363636363636363,0.0030536651378962,0.4181818181818181,0.0035458116111606,0.5818181818181818
2544328892,E020,boundary_aware,strong,0.0047410438081164,0.0145272932307755,0.3454545454545454,0.0039866901177859,0.0032544158114335,0.2727272727272727,0.0036540752909205,0.3636363636363636,0.0045637931874899,0.3454545454545454,0.0074918909426217,0.4
2544328892,E020,robust_control_aware,moderate,0.0009208384221764,0.0053719417566971,0.6954545454545454,0.0039866901177859,0.0013484215643128,0.4727272727272727,0.0007077165204353,0.6363636363636364,0.0009261697594459,0.7636363636363637,0.0007010458445115,0.9090909090909092
2544328892,E020,robust_control_aware,strong,0.0023804910347293,0.0100035199476333,0.5136363636363637,0.0039866901177859,0.0020192845009346,0.3636363636363636,0.0019957854989309,0.4545454545454545,0.0020439254700815,0.5636363636363636,0.0034629686689702,0.6727272727272727
2544328892,E031,boundary_aware,moderate,0.0045743040880595,0.0154439863545527,0.3409090909090909,0.0039866901177859,0.003615318609069,0.3090909090909091,0.0041756937543765,0.2363636363636363,0.0045156571439118,0.2909090909090909,0.0059905468448807,0.5272727272727272
2544328892,E031,boundary_aware,strong,0.0060171806031945,0.0201051034731926,0.2909090909090909,0.0039866901177859,0.0045377639131131,0.2727272727272727,0.0049415879701137,0.2363636363636363,0.0049917736070662,0.2545454545454545,0.0095975969224852,0.4
2544328892,E031,robust_control_aware,moderate,0.0034599806405896,0.0135862689465284,0.4045454545454545,0.0039866901177859,0.0022592284021597,0.2727272727272727,0.0029916318760693,0.3272727272727272,0.0039258669105757,0.3818181818181818,0.0046631953735537,0.6363636363636364
2544328892,E031,robust_control_aware,strong,0.004738108754911,0.0154439863545527,0.3409090909090909,0.0039866901177859,0.0036634159576159,0.2909090909090909,0.0043972432525453,0.2545454545454545,0.0049531543305258,0.2727272727272727,0.0059386214789571,0.5454545454545454
2705582172,E020,boundary_aware,moderate,0.0027260226299647,0.010980207064752,0.4681818181818182,0.0040573753535691,0.0013184597365448,0.4363636363636363,0.0028390911974661,0.2727272727272727,0.0023542396841963,0.509090909090909,0.0043922999016515,0.6545454545454545
2705582172,E020,boundary_aware,strong,0.0041710958246681,0.017043145885691,0.3818181818181818,0.0040573753535691,0.0025342925356009,0.4,0.0036185945871551,0.2181818181818181,0.0029023932223271,0.4545454545454545,0.0076291029535894,0.4545454545454545
2705582172,E020,robust_control_aware,moderate,0.0011588364397216,0.005769625020592,0.6,0.0040573753535691,0.0006532832330163,0.4545454545454545,0.0017000344850571,0.4181818181818181,0.0018388835249497,0.6,0.0004431445158634,0.9272727272727272
2705582172,E020,robust_control_aware,strong,0.0021981444249578,0.0079893433611142,0.509090909090909,0.0040573753535691,0.00133551080014,0.4181818181818181,0.0023228611272877,0.2909090909090909,0.0021796167310577,0.5636363636363636,0.0029545890413458,0.7636363636363637
2705582172,E031,boundary_aware,moderate,0.0046497701135996,0.0169753710146038,0.3409090909090909,0.0040573753535691,0.0022875951553583,0.3454545454545454,0.0038082421593643,0.2909090909090909,0.0056003604719623,0.2727272727272727,0.0069028826677134,0.4545454545454545
2705582172,E031,boundary_aware,strong,0.0059160535273551,0.0209627743344924,0.2909090909090909,0.0040573753535691,0.0037068488636844,0.2909090909090909,0.004314989258868,0.3090909090909091,0.0057756125086445,0.2545454545454545,0.0098667634782237,0.3090909090909091
2705582172,E031,robust_control_aware,moderate,0.0039461214120701,0.0142314129441779,0.3818181818181818,0.0040573753535691,0.0023869907585607,0.3272727272727272,0.0032622771925993,0.3272727272727272,0.0049534537604456,0.3272727272727272,0.0051817639366749,0.5454545454545454
2705582172,E031,robust_control_aware,strong,0.004955978582273,0.0196197785221966,0.3318181818181818,0.0040573753535691,0.0024970977032471,0.3636363636363636,0.0040007839148633,0.2909090909090909,0.0058445427478618,0.2545454545454545,0.0074814899631201,0.4181818181818181
2739029802,E020,boundary_aware,moderate,0.0026599960419995,0.0105660245571209,0.4636363636363636,0.0034517478079577,0.0010339076555395,0.4363636363636363,0.0022414307179717,0.4,0.0024422523893418,0.5272727272727272,0.004922393405145,0.4909090909090909
2739029802,E020,boundary_aware,strong,0.0034429276774794,0.0129275687427464,0.4,0.0034517478079577,0.0010237312858712,0.4363636363636363,0.0031379089401245,0.3454545454545454,0.0034580100793849,0.4,0.0061520604045369,0.4181818181818181
2739029802,E020,robust_control_aware,moderate,0.0011953728445671,0.0064813747480808,0.6590909090909091,0.0034517478079577,0.0011552609137828,0.4545454545454545,0.001257882080895,0.6181818181818182,0.0012978752590498,0.7090909090909091,0.0010704731245407,0.8545454545454545
2739029802,E020,robust_control_aware,strong,0.0021368002470932,0.0086137567869883,0.5409090909090909,0.0034517478079577,0.0011147639698227,0.4363636363636363,0.0020918136443416,0.4545454545454545,0.0022466239357599,0.5636363636363636,0.0030939994384485,0.7090909090909091
2739029802,E031,boundary_aware,moderate,0.004242811008803,0.016638035674283,0.3363636363636363,0.0034517478079577,0.002344616194348,0.3636363636363636,0.0031432807312635,0.2545454545454545,0.004180913320012,0.3818181818181818,0.0073024337895886,0.3454545454545454
2739029802,E031,boundary_aware,strong,0.0052036849219269,0.0182189092608154,0.2954545454545454,0.0034517478079577,0.0037642133818509,0.3454545454545454,0.0037226378810651,0.2181818181818181,0.0047739427633211,0.2909090909090909,0.0085539456614707,0.3272727272727272
2739029802,E031,robust_control_aware,moderate,0.0031225732940356,0.0111425256844647,0.4272727272727272,0.0034517478079577,0.0022364486944245,0.3818181818181818,0.0027766766195746,0.3636363636363636,0.0035181585072315,0.3818181818181818,0.0039590093549117,0.5818181818181818
2739029802,E031,robust_control_aware,strong,0.0043522214025157,0.016638035674283,0.35,0.0034517478079577,0.0025460249500359,0.3636363636363636,0.0034816232792064,0.2909090909090909,0.0043801790501114,0.3454545454545454,0.007001058330709,0.4
2813832570,E020,boundary_aware,moderate,0.0027383253952295,0.0112080743611598,0.4636363636363636,0.0039759818308907,0.0020019715059307,0.3454545454545454,0.0022139040775413,0.4909090909090909,0.0031686353252492,0.4,0.0035687906721969,0.6181818181818182
2813832570,E020,boundary_aware,strong,0.0039290854155933,0.0137309978272004,0.3954545454545454,0.0039759818308907,0.0022032146936317,0.3272727272727272,0.003166099295126,0.4,0.0042385162874845,0.3818181818181818,0.0061085113861312,0.4727272727272727
2813832570,E020,robust_control_aware,moderate,0.001166584403887,0.0059509650782476,0.6545454545454545,0.0039759818308907,0.0010195133396939,0.4181818181818181,0.0018345279462521,0.5636363636363636,0.0015651861706271,0.6727272727272727,0.0002471101589748,0.9636363636363636
2813832570,E020,robust_control_aware,strong,0.0033567029728088,0.0141991980399633,0.4909090909090909,0.0039759818308907,0.0018459400824951,0.3636363636363636,0.0037042489557293,0.4181818181818181,0.0036480177119763,0.4545454545454545,0.0042286051410345,0.7272727272727273
2813832570,E031,boundary_aware,moderate,0.0050117777986176,0.0180347820471158,0.3272727272727272,0.0039759818308907,0.003680195090487,0.2909090909090909,0.0032050447025873,0.3636363636363636,0.0057984077171453,0.2545454545454545,0.0073634636842509,0.4
2813832570,E031,boundary_aware,strong,0.006845876002853,0.0236435606183673,0.2772727272727273,0.0039759818308907,0.0042281853072488,0.2545454545454545,0.0046763996353216,0.3090909090909091,0.0073896055450799,0.2181818181818181,0.0110893135237616,0.3272727272727272
2813832570,E031,robust_control_aware,moderate,0.0041548013461729,0.0144642930204506,0.3863636363636363,0.0039759818308907,0.002828071319528,0.2909090909090909,0.0027714014521871,0.3818181818181818,0.0052684579315139,0.3090909090909091,0.0057512746814625,0.5636363636363636
2813832570,E031,robust_control_aware,strong,0.0056491975819222,0.020952233188182,0.3318181818181818,0.0039759818308907,0.0039606908490362,0.2909090909090909,0.0030906222728594,0.3636363636363636,0.0070525242280589,0.2363636363636363,0.0084929529777345,0.4363636363636363
2770442952,E020,boundary_aware,moderate,0.0026869549933516,0.0106453397809739,0.5045454545454545,0.0040838444673244,0.0014446258381663,0.4,0.0023229168837048,0.509090909090909,0.0030328591926956,0.4545454545454545,0.0039474180588397,0.6545454545454545
2770442952,E020,boundary_aware,strong,0.0045294210328327,0.0175676400074735,0.3909090909090909,0.0040838444673244,0.0026382697051717,0.2909090909090909,0.0036938956065546,0.3818181818181818,0.0045371598270989,0.3818181818181818,0.0072483589925054,0.509090909090909
2770442952,E020,robust_control_aware,moderate,0.0012509705800022,0.0063890752272869,0.6681818181818182,0.0040838444673244,0.0013867062249554,0.4363636363636363,0.0016597309741637,0.6363636363636364,0.0012336247904002,0.7090909090909091,0.0007238203304895,0.8909090909090909
2770442952,E020,robust_control_aware,strong,0.0026684960909913,0.0124981559408104,0.55,0.0040838444673244,0.0019257459926473,0.3818181818181818,0.0029914528632495,0.4727272727272727,0.002853550805785,0.5818181818181818,0.0029032347022836,0.7636363636363637
2770442952,E031,boundary_aware,moderate,0.004561194560846,0.0159959584861928,0.35,0.0040838444673244,0.003755024617883,0.2,0.0036252664337369,0.3090909090909091,0.0036928854128864,0.4181818181818181,0.0071716017788775,0.4727272727272727
2770442952,E031,boundary_aware,strong,0.0055911037072367,0.0199712597987006,0.3,0.0040838444673244,0.0048567815086088,0.1454545454545454,0.0036634477714528,0.3272727272727272,0.0043294562004366,0.3272727272727272,0.0095147293484484,0.4
2770442952,E031,robust_control_aware,moderate,0.0034540104358668,0.0146544917236087,0.4136363636363636,0.0040838444673244,0.003122886591869,0.1818181818181818,0.0031052989010266,0.3272727272727272,0.0034674425701953,0.4363636363636363,0.0041204136803763,0.7090909090909091
2770442952,E031,robust_control_aware,strong,0.0046522392920069,0.0154177752126952,0.3272727272727272,0.0040838444673244,0.0039622292283242,0.1454545454545454,0.0037699260663047,0.2909090909090909,0.0042399538306851,0.3636363636363636,0.0066368480427135,0.509090909090909
2642654224,E020,boundary_aware,moderate,0.002946912750219,0.0117759685456753,0.4727272727272727,0.0038796998786157,0.0013978871778601,0.3272727272727272,0.0025723674553097,0.4545454545454545,0.0031477325847832,0.509090909090909,0.004669663782923,0.6
2642654224,E020,boundary_aware,strong,0.0056687373656562,0.0247832421961925,0.3181818181818182,0.0038796998786157,0.0022465269993184,0.2727272727272727,0.0054615617128481,0.2545454545454545,0.0042282855228736,0.4181818181818181,0.0107385752275846,0.3272727272727272
2642654224,E020,robust_control_aware,moderate,0.0013605007173955,0.0069997072588162,0.65,0.0038796998786157,0.0012546727507064,0.3818181818181818,0.0016609548688021,0.5818181818181818,0.001278431382452,0.7454545454545455,0.0012479438676216,0.8909090909090909
2642654224,E020,robust_control_aware,strong,0.0049599956941893,0.0234969368112173,0.4136363636363636,0.0038796998786157,0.0021724052209724,0.2909090909090909,0.0044353638235333,0.4,0.0042134159746822,0.4727272727272727,0.0090187977575691,0.4909090909090909
2642654224,E031,boundary_aware,moderate,0.0049245576840967,0.0176677300973431,0.2954545454545454,0.0038796998786157,0.0030042105550312,0.2545454545454545,0.0025725074435165,0.3272727272727272,0.0047008849211954,0.2909090909090909,0.0094206278166437,0.3090909090909091
2642654224,E031,boundary_aware,strong,0.0056749441385595,0.0218265745017286,0.2772727272727273,0.0038796998786157,0.0033110048713677,0.2545454545454545,0.0026666204795239,0.3454545454545454,0.0051802069417141,0.2727272727272727,0.0115419442616321,0.2363636363636363
2642654224,E031,robust_control_aware,moderate,0.003799250354078,0.0133385352364014,0.35,0.0038796998786157,0.0026303799730863,0.2181818181818181,0.0025382111350199,0.3272727272727272,0.0041407599953295,0.3454545454545454,0.0058876503128764,0.509090909090909
2642654224,E031,robust_control_aware,strong,0.004943141393093,0.017360415225454,0.2954545454545454,0.0038796998786157,0.0028362777770247,0.2181818181818181,0.002584533080592,0.3454545454545454,0.0047622686500149,0.2909090909090909,0.0095894860647406,0.3272727272727272
2706721337,E020,boundary_aware,moderate,0.0032303198000557,0.0125791123527023,0.4318181818181818,0.0038547605397137,0.0021024259044965,0.3636363636363636,0.0027040412349644,0.3090909090909091,0.0036230222604612,0.4545454545454545,0.0044917898003005,0.6
2706721337,E020,boundary_aware,strong,0.0060207340250519,0.0197644161447541,0.2954545454545454,0.0038547605397137,0.003881952664488,0.2727272727272727,0.0045241363394996,0.2545454545454545,0.0057571819187195,0.3090909090909091,0.0099196651775005,0.3454545454545454
2706721337,E020,robust_control_aware,moderate,0.0016405295234515,0.0093823291085479,0.6181818181818182,0.0038547605397137,0.0014805140663654,0.4,0.0024755009166534,0.4545454545454545,0.0014719017056479,0.7090909090909091,0.0011342014051394,0.9090909090909092
2706721337,E020,robust_control_aware,strong,0.0034834937745874,0.0122471707631126,0.45,0.0038547605397137,0.0028829675365733,0.3636363636363636,0.0031459021127977,0.3090909090909091,0.0032580301287827,0.4909090909090909,0.004647075320196,0.6363636363636364
2706721337,E031,boundary_aware,moderate,0.0049242569705254,0.0175949490555337,0.3227272727272727,0.0038547605397137,0.0030277345611322,0.2727272727272727,0.0029584532386188,0.3272727272727272,0.0043520977504667,0.3090909090909091,0.0093587423318837,0.3818181818181818
2706721337,E031,boundary_aware,strong,0.0066688116699888,0.0266016058070358,0.3045454545454545,0.0038547605397137,0.0042738708201188,0.2909090909090909,0.0038684324391023,0.2909090909090909,0.0059087318037128,0.3272727272727272,0.0126242116170214,0.3090909090909091
2706721337,E031,robust_control_aware,moderate,0.0042657478285834,0.0148529716564957,0.359090909090909,0.0038547605397137,0.0029747814699784,0.2727272727272727,0.003616690208301,0.2363636363636363,0.0040428123940257,0.3636363636363636,0.0064287072420286,0.5636363636363636
2706721337,E031,robust_control_aware,strong,0.0052200571580491,0.0195791052421554,0.3090909090909091,0.0038547605397137,0.0041385805260925,0.2909090909090909,0.0035147313197107,0.2363636363636363,0.0044232034857803,0.2909090909090909,0.0088037133006129,0.4181818181818181
2616235199,E020,boundary_aware,moderate,0.0030986055683058,0.0122101926844062,0.3727272727272727,0.0033920383201986,0.0019283805722189,0.2181818181818181,0.0024874507044205,0.3454545454545454,0.0035743407664447,0.3818181818181818,0.0044042502301391,0.5454545454545454
2616235199,E020,boundary_aware,strong,0.0044329914832805,0.0134212277308722,0.3,0.0033920383201986,0.0026551099289943,0.2,0.0026002548372878,0.2909090909090909,0.0049064973693533,0.3090909090909091,0.0075701037974865,0.4
2616235199,E020,robust_control_aware,moderate,0.0011947850010232,0.0066898532372953,0.6181818181818182,0.0033920383201986,0.0009785426220077,0.3636363636363636,0.0016277533844137,0.509090909090909,0.0011440174869612,0.7272727272727273,0.0010288265107101,0.8727272727272727
2616235199,E020,robust_control_aware,strong,0.0022482626424457,0.0096762278816672,0.4772727272727273,0.0033920383201986,0.0016437860669173,0.2727272727272727,0.0022111430929798,0.3636363636363636,0.0023574682764803,0.5818181818181818,0.0027806531334055,0.6909090909090909
2616235199,E031,boundary_aware,moderate,0.0045380436362323,0.0163971505826339,0.3363636363636363,0.0033920383201986,0.0029405556428214,0.2909090909090909,0.0031904258818615,0.3090909090909091,0.0040106796187856,0.3636363636363636,0.0080105134014606,0.3818181818181818
2616235199,E031,boundary_aware,strong,0.0060906303615334,0.0210195881986757,0.2772727272727273,0.0033920383201986,0.0034448687008985,0.2363636363636363,0.0044268026741216,0.3090909090909091,0.0053095909043418,0.3090909090909091,0.0111812591667719,0.2545454545454545
2616235199,E031,robust_control_aware,moderate,0.0034371975575053,0.0121787466974075,0.3772727272727272,0.0033920383201986,0.0021258058653333,0.2909090909090909,0.0032721138614718,0.3090909090909091,0.004858591115806,0.2909090909090909,0.00349227938741,0.6181818181818182
2616235199,E031,robust_control_aware,strong,0.0053564955646326,0.0206655126378161,0.2909090909090909,0.0033920383201986,0.00359908377622,0.2,0.0036349983439753,0.3272727272727272,0.0053775895649799,0.2727272727272727,0.0088143105733551,0.3636363636363636
2550423852,E020,boundary_aware,moderate,0.0026992842157894,0.0116037686355411,0.4545454545454545,0.0035967791313468,0.0020749420378964,0.2545454545454545,0.001832639762744,0.4727272727272727,0.0031079598027969,0.4545454545454545,0.0037815952597205,0.6363636363636364
2550423852,E020,boundary_aware,strong,0.0050225043933453,0.0186593276655789,0.3545454545454545,0.0035967791313468,0.0035138400235979,0.2,0.0039963752710222,0.4,0.0045830998547216,0.3636363636363636,0.0079967024240396,0.4545454545454545
2550423852,E020,robust_control_aware,moderate,0.0011065349124194,0.0057157865439207,0.6272727272727273,0.0035967791313468,0.0011218644789489,0.3636363636363636,0.0012524497848525,0.5636363636363636,0.0014962883379615,0.6727272727272727,0.0005555370479148,0.9090909090909092
2550423852,E020,robust_control_aware,strong,0.0025116218137305,0.0114710405301357,0.5136363636363637,0.0035967791313468,0.0021737101251703,0.3090909090909091,0.0018389035194355,0.5272727272727272,0.0029925736325266,0.4909090909090909,0.0030412999777898,0.7272727272727273
2550423852,E031,boundary_aware,moderate,0.004147612158619,0.0164378509212081,0.3636363636363636,0.0035967791313468,0.0030315776463914,0.2181818181818181,0.0026439951637067,0.4181818181818181,0.0034115745696454,0.3818181818181818,0.0075033012547327,0.4363636363636363
2550423852,E031,boundary_aware,strong,0.0054269895126895,0.0189392811494814,0.3045454545454545,0.0035967791313468,0.0033746587349585,0.2181818181818181,0.0030883810876993,0.4,0.0043180983176453,0.2909090909090909,0.0109268199104549,0.3090909090909091
2550423852,E031,robust_control_aware,moderate,0.0035649197470139,0.0140804863845079,0.4,0.0035967791313468,0.0026427378892884,0.2181818181818181,0.0023688492292275,0.4,0.0043086793054008,0.3454545454545454,0.0049394125641389,0.6363636363636364
2550423852,E031,robust_control_aware,strong,0.0048126994480307,0.0164378509212081,0.3227272727272727,0.0035967791313468,0.003195941471456,0.2181818181818181,0.0037094565791928,0.3454545454545454,0.0045150278870588,0.2909090909090909,0.0078303718544153,0.4363636363636363
2864048454,E020,boundary_aware,moderate,0.0027844338929862,0.0120326412840679,0.4909090909090909,0.0037408582787359,0.0018264562458682,0.3636363636363636,0.0021948882087676,0.4909090909090909,0.0026082480582192,0.509090909090909,0.0045081430590899,0.6
2864048454,E020,boundary_aware,strong,0.0035894966655971,0.0128051778767257,0.4272727272727272,0.0037408582787359,0.0023685437104359,0.3090909090909091,0.0030057633537323,0.4181818181818181,0.0036799059906424,0.4181818181818181,0.0053037736075777,0.5636363636363636
2864048454,E020,robust_control_aware,moderate,0.0013109953128079,0.0073119191946255,0.6681818181818182,0.0037408582787359,0.0014466605221677,0.4181818181818181,0.0012249399513092,0.6363636363636364,0.0015745426318805,0.7090909090909091,0.0009978381458741,0.9090909090909092
2864048454,E020,robust_control_aware,strong,0.0027824255815937,0.0100877938823201,0.5,0.0037408582787359,0.0024968943098984,0.2727272727272727,0.002277526913856,0.509090909090909,0.0026688915687566,0.509090909090909,0.003686389533864,0.7090909090909091
2864048454,E031,boundary_aware,moderate,0.0048145845951895,0.0157433259427314,0.3318181818181818,0.0037408582787359,0.0036460109408436,0.1818181818181818,0.0039617809275614,0.3090909090909091,0.0041160428392846,0.4181818181818181,0.0075345036730684,0.4181818181818181
2864048454,E031,boundary_aware,strong,0.0058709067190372,0.0191318915368183,0.2863636363636364,0.0037408582787359,0.0040297014838581,0.1818181818181818,0.0052101551717822,0.2909090909090909,0.0049477516788813,0.3454545454545454,0.0092960185416272,0.3272727272727272
2864048454,E031,robust_control_aware,moderate,0.0037433148693778,0.012831086339429,0.4,0.0037408582787359,0.0027497035115087,0.2181818181818181,0.0037553323476538,0.3090909090909091,0.0037760449290762,0.4727272727272727,0.0046921786892723,0.6
2864048454,E031,robust_control_aware,strong,0.0049900581944859,0.0149041031094007,0.3181818181818182,0.0037408582787359,0.0032984946790143,0.2181818181818181,0.004569335915332,0.2909090909090909,0.0050108886635395,0.3454545454545454,0.007081513520058,0.4181818181818181
2860342369,E020,boundary_aware,moderate,0.0027890467872676,0.011376208239546,0.4318181818181818,0.003499113715932,0.0013440085210758,0.3818181818181818,0.0029306092308148,0.3090909090909091,0.0030362721642736,0.4545454545454545,0.0038452972329062,0.5818181818181818
2860342369,E020,boundary_aware,strong,0.0045962282410732,0.0148431690322214,0.3363636363636363,0.003499113715932,0.0030409275123585,0.2909090909090909,0.0038098612066488,0.2545454545454545,0.0040931305478994,0.3636363636363636,0.007440993697386,0.4363636363636363
2860342369,E020,robust_control_aware,moderate,0.0011319700403033,0.0059387106914073,0.6454545454545455,0.003499113715932,0.0007721760214674,0.509090909090909,0.0019257050159596,0.4363636363636363,0.001294318524205,0.7090909090909091,0.0005356805995811,0.9272727272727272
2860342369,E020,robust_control_aware,strong,0.0028786582445179,0.012537522899764,0.4727272727272727,0.003499113715932,0.0013113822190067,0.4181818181818181,0.0033038079009945,0.2909090909090909,0.0033598477854535,0.4727272727272727,0.0035395950726168,0.7090909090909091
2860342369,E031,boundary_aware,moderate,0.0045568501274243,0.0148925777647549,0.2818181818181818,0.003499113715932,0.0025483809797898,0.2545454545454545,0.0025113269883807,0.3454545454545454,0.0041566244202658,0.2909090909090909,0.009011068121261,0.2363636363636363
2860342369,E031,boundary_aware,strong,0.0059548574474525,0.0221608857396485,0.2454545454545454,0.003499113715932,0.004112826822489,0.2181818181818181,0.0030607033730584,0.3454545454545454,0.0052728884354315,0.2181818181818181,0.0113730111588312,0.2
2860342369,E031,robust_control_aware,moderate,0.0036592771876439,0.0132654647239584,0.359090909090909,0.003499113715932,0.0023065638177819,0.2909090909090909,0.0029385651590348,0.3454545454545454,0.0038453682519483,0.3090909090909091,0.0055466115218107,0.4909090909090909
2860342369,E031,robust_control_aware,strong,0.0051558672775882,0.0159958069163847,0.25,0.003499113715932,0.0026072051074802,0.2545454545454545,0.0032664376997343,0.2727272727272727,0.0045152498037583,0.2363636363636363,0.0102345764993802,0.2363636363636363
2769988615,E020,boundary_aware,moderate,0.0027908481739406,0.0115167647770463,0.4727272727272727,0.0038000630951489,0.0015036015342437,0.4545454545454545,0.0028407131109333,0.3272727272727272,0.0027277511957793,0.509090909090909,0.0040913268548062,0.6
2769988615,E020,boundary_aware,strong,0.0044874339029689,0.0161717314113525,0.3818181818181818,0.0038000630951489,0.0021911166464776,0.4363636363636363,0.0044689141166888,0.2909090909090909,0.0036175200752042,0.3818181818181818,0.007672184773505,0.4181818181818181
2769988615,E020,robust_control_aware,moderate,0.0012022480449312,0.0058051549703137,0.6136363636363636,0.0038000630951489,0.000579741149115,0.4363636363636363,0.0017066555511204,0.4727272727272727,0.00156572891384,0.6727272727272727,0.0009568665656495,0.8727272727272727
2769988615,E020,robust_control_aware,strong,0.002645165941375,0.0120472329241142,0.4818181818181818,0.0038000630951489,0.0016752952645649,0.4181818181818181,0.002616539977165,0.3090909090909091,0.0030687973464858,0.4545454545454545,0.0032200311772842,0.7454545454545455
2769988615,E031,boundary_aware,moderate,0.0046028055507429,0.015371328680896,0.3363636363636363,0.0038000630951489,0.0019006766493868,0.4,0.0035565630778838,0.3636363636363636,0.0044204766780827,0.2909090909090909,0.0085335057976181,0.2909090909090909
2769988615,E031,boundary_aware,strong,0.0060445994824426,0.0192128944271018,0.3136363636363636,0.0038000630951489,0.0042920936789092,0.3454545454545454,0.0045335989276347,0.3454545454545454,0.005363055767941,0.2727272727272727,0.0099896495552855,0.2909090909090909
2769988615,E031,robust_control_aware,moderate,0.0034682959511895,0.0137275557372838,0.4045454545454545,0.0038000630951489,0.0024545629299698,0.3636363636363636,0.0027329604384444,0.3454545454545454,0.0042232746893326,0.2727272727272727,0.0044623857470112,0.6363636363636364
2769988615,E031,robust_control_aware,strong,0.0053721010253376,0.0160877359327458,0.3045454545454545,0.0038000630951489,0.0034678857839965,0.3272727272727272,0.003927647921968,0.3090909090909091,0.0049999865091727,0.2363636363636363,0.009092883886213,0.3454545454545454
2779047312,E020,boundary_aware,moderate,0.0036152087187334,0.0135595393057108,0.3454545454545454,0.0037778735112108,0.0015859811278399,0.3272727272727272,0.0033399520935149,0.2727272727272727,0.0038858489217911,0.3272727272727272,0.0056490527317877,0.4545454545454545
2779047312,E020,boundary_aware,strong,0.0050375439253171,0.0170477144420146,0.3,0.0037778735112108,0.003049546485856,0.3272727272727272,0.0038384396938549,0.2545454545454545,0.0051609007084643,0.2545454545454545,0.0081012888130932,0.3636363636363636
2779047312,E020,robust_control_aware,moderate,0.0017648465130015,0.0075944832726438,0.5545454545454546,0.0037778735112108,0.000862968063847,0.4727272727272727,0.0021995767242301,0.4,0.0019484183037962,0.5272727272727272,0.0020484229601329,0.8181818181818182
2779047312,E020,robust_control_aware,strong,0.0046118976712338,0.015604327617187,0.3863636363636363,0.0037778735112108,0.0022298081895062,0.3818181818181818,0.0034126242213649,0.2909090909090909,0.0035373583293483,0.3636363636363636,0.0092677999447158,0.509090909090909
2779047312,E031,boundary_aware,moderate,0.0047917016755759,0.0178519452644552,0.3090909090909091,0.0037778735112108,0.0044492211528377,0.2,0.0034383954547412,0.2181818181818181,0.003651683160783,0.3454545454545454,0.0076275069339416,0.4727272727272727
2779047312,E031,boundary_aware,strong,0.0065622222330867,0.0260579364482759,0.2590909090909091,0.0037778735112108,0.0049414193165435,0.2,0.0040876918693055,0.2181818181818181,0.005396718841614,0.2909090909090909,0.011823058904884,0.3272727272727272
2779047312,E031,robust_control_aware,moderate,0.0032995899291125,0.0118414674544197,0.3909090909090909,0.0037778735112108,0.0027622935112549,0.2727272727272727,0.0032010249228263,0.2181818181818181,0.0031489586329851,0.4,0.0040860826493836,0.6727272727272727
2779047312,E031,robust_control_aware,strong,0.0052596856571372,0.0194780658464878,0.3045454545454545,0.0037778735112108,0.0038816408301984,0.2363636363636363,0.0040194466133266,0.1818181818181818,0.0045185128831666,0.3454545454545454,0.0086191423018573,0.4545454545454545
2765363822,E020,boundary_aware,moderate,0.0023940190711377,0.0084968199328655,0.4818181818181818,0.0037728808311582,0.0016505930596614,0.3818181818181818,0.0024143026278106,0.4181818181818181,0.0030243651639931,0.4545454545454545,0.0024868154330856,0.6727272727272727
2765363822,E020,boundary_aware,strong,0.0049359165242784,0.0195110506351803,0.3409090909090909,0.0037728808311582,0.0035772844432711,0.2363636363636363,0.0033007428277464,0.3272727272727272,0.0042696128752315,0.3818181818181818,0.0085960259508647,0.4181818181818181
2765363822,E020,robust_control_aware,moderate,0.0012815810187743,0.0050637430486632,0.6090909090909091,0.0037728808311582,0.0015669082513191,0.3090909090909091,0.0012158867659989,0.5454545454545454,0.001154811828384,0.7090909090909091,0.0011887172293951,0.8727272727272727
2765363822,E020,robust_control_aware,strong,0.0024382236017062,0.0099269976437831,0.4954545454545455,0.0037728808311582,0.0021552806250797,0.2909090909090909,0.0017025760246994,0.4727272727272727,0.0027802114014349,0.509090909090909,0.0031148263556105,0.7090909090909091
2765363822,E031,boundary_aware,moderate,0.0046464629522541,0.0169877010397613,0.3090909090909091,0.0037728808311582,0.0030963716597121,0.2727272727272727,0.0039000870669821,0.3272727272727272,0.0034034206394443,0.3454545454545454,0.0081859724428779,0.2909090909090909
2765363822,E031,boundary_aware,strong,0.0062768257791291,0.0217869011262497,0.2454545454545454,0.0037728808311582,0.0041551183688417,0.2727272727272727,0.0047075777102397,0.2181818181818181,0.0046148535517382,0.2545454545454545,0.0116297534856968,0.2363636363636363
2765363822,E031,robust_control_aware,moderate,0.003861578823644,0.0138159185138646,0.3681818181818181,0.0037728808311582,0.0022304532427776,0.3454545454545454,0.0036129151568549,0.2909090909090909,0.003265472603141,0.3636363636363636,0.0063374742918024,0.4727272727272727
2765363822,E031,robust_control_aware,strong,0.0052986454580478,0.0191800681125448,0.2954545454545454,0.0037728808311582,0.0033376489560605,0.2909090909090909,0.0040941177997443,0.2363636363636363,0.0040520329998366,0.3272727272727272,0.0097107820765499,0.3272727272727272
2625051644,E020,boundary_aware,moderate,0.0024460858938736,0.0090909927676934,0.4636363636363636,0.0032818025483358,0.0023814640682871,0.3454545454545454,0.0024235244387364,0.3272727272727272,0.0023307215491595,0.509090909090909,0.0026486335193116,0.6727272727272727
2625051644,E020,boundary_aware,strong,0.0041522416666096,0.0158291192652063,0.3636363636363636,0.0032818025483358,0.003844451986853,0.2545454545454545,0.0036001314592274,0.2363636363636363,0.0037220942618946,0.4727272727272727,0.0054422889584633,0.4909090909090909
2625051644,E020,robust_control_aware,moderate,0.0010439926440617,0.0052192769213294,0.6545454545454545,0.0032818025483358,0.0011805834504167,0.4727272727272727,0.0008635190175489,0.6181818181818182,0.0013120851666398,0.6727272727272727,0.0008197829416413,0.8545454545454545
2625051644,E020,robust_control_aware,strong,0.0021769656992977,0.009905305465863,0.5318181818181819,0.0032818025483358,0.0023548370344687,0.4181818181818181,0.0020321306940671,0.4181818181818181,0.0019965828290701,0.5636363636363636,0.0023243122395849,0.7272727272727273
2625051644,E031,boundary_aware,moderate,0.0042719018556235,0.0158592136452841,0.3454545454545454,0.0032818025483358,0.0019004182102443,0.3636363636363636,0.0040313413143239,0.2363636363636363,0.0050097815285086,0.3272727272727272,0.0061460663694172,0.4545454545454545
2625051644,E031,boundary_aware,strong,0.0055210989724906,0.0208749579871977,0.3136363636363636,0.0032818025483358,0.0031963173574188,0.3090909090909091,0.0041450817646103,0.2363636363636363,0.0046933190136727,0.3818181818181818,0.0100496777542605,0.3272727272727272
2625051644,E031,robust_control_aware,moderate,0.003352673669427,0.0125018476224167,0.4272727272727272,0.0032818025483358,0.0014716549809945,0.4363636363636363,0.0041042843582016,0.2181818181818181,0.0038299886359408,0.4545454545454545,0.0040047667025712,0.6
2625051644,E031,robust_control_aware,strong,0.0046597821980375,0.0176555087528627,0.359090909090909,0.0032818025483358,0.0017863965207668,0.4363636363636363,0.0045739778811514,0.2,0.0045644867950662,0.4,0.0077142675951655,0.4
2604637939,E020,boundary_aware,moderate,0.0029840387880385,0.0116569332517338,0.4727272727272727,0.0038930810210984,0.0026076665686126,0.3090909090909091,0.0026764688909293,0.4545454545454545,0.0035743526770169,0.4,0.0030776670155953,0.7272727272727273
2604637939,E020,boundary_aware,strong,0.0045853020249256,0.0143306689558673,0.3818181818181818,0.0038930810210984,0.003407953564148,0.3272727272727272,0.0033662106237884,0.3636363636363636,0.0048037622693883,0.2545454545454545,0.0067632816423778,0.5818181818181818
2604637939,E020,robust_control_aware,moderate,0.001351273856382,0.0069148373467042,0.6363636363636364,0.0038930810210984,0.0013430010473295,0.4181818181818181,0.0010884990111733,0.6545454545454545,0.0018412543121399,0.6,0.0011323410548854,0.8727272727272727
2604637939,E020,robust_control_aware,strong,0.0026440694296351,0.0112048896449702,0.509090909090909,0.0038930810210984,0.0022781415301074,0.3454545454545454,0.0027227942168159,0.509090909090909,0.0032033209423254,0.4,0.002372021029292,0.7818181818181819
2604637939,E031,boundary_aware,moderate,0.0049816445055894,0.0212772784344499,0.3454545454545454,0.0038930810210984,0.0032058005059955,0.3090909090909091,0.0036632315796627,0.3090909090909091,0.0043815000851282,0.3272727272727272,0.0086760458515712,0.4363636363636363
2604637939,E031,boundary_aware,strong,0.0063273844855851,0.024607540462414,0.2636363636363636,0.0038930810210984,0.0040691668400746,0.1818181818181818,0.004659538120884,0.2363636363636363,0.0056434671124815,0.2909090909090909,0.0109373658689004,0.3454545454545454
2604637939,E031,robust_control_aware,moderate,0.0036536227950387,0.0126280284758861,0.4181818181818181,0.0038930810210984,0.0025742788949961,0.2909090909090909,0.0029881304837206,0.3636363636363636,0.0034594903911666,0.4,0.0055925914102715,0.6181818181818182
2604637939,E031,robust_control_aware,strong,0.0051080393829005,0.0213548428941716,0.3272727272727272,0.0038930810210984,0.0034820780420967,0.2363636363636363,0.0036472594505885,0.2909090909090909,0.0044125522872895,0.3272727272727272,0.0088902677516273,0.4545454545454545
2755176989,E020,boundary_aware,moderate,0.0032059860953882,0.0135200946777708,0.4545454545454545,0.0044061716702939,0.0027906402749803,0.3818181818181818,0.0018438792292487,0.4363636363636363,0.0037772207688045,0.4181818181818181,0.0044122041085194,0.5818181818181818
2755176989,E020,boundary_aware,strong,0.0052850603815043,0.0193263442661481,0.35,0.0044061716702939,0.0051585403630661,0.2909090909090909,0.0032274595217033,0.3636363636363636,0.0050641040901255,0.3272727272727272,0.0076901375511221,0.4181818181818181
2755176989,E020,robust_control_aware,moderate,0.0007878093521845,0.0044240764752391,0.6863636363636364,0.0044061716702939,0.0007629792056452,0.4363636363636363,0.0011592449112453,0.5636363636363636,0.001017915824113,0.7818181818181819,0.0002110974677343,0.9636363636363636
2755176989,E020,robust_control_aware,strong,0.0024605891260287,0.0122350421484754,0.5318181818181819,0.0044061716702939,0.0027785527121224,0.3636363636363636,0.0017528947412305,0.4909090909090909,0.0032069477000441,0.4909090909090909,0.0021039613507178,0.7818181818181819
2755176989,E031,boundary_aware,moderate,0.0048295354357718,0.0183547809138562,0.359090909090909,0.0044061716702939,0.0037063262607056,0.3636363636363636,0.0024488410647954,0.3818181818181818,0.0056138055964307,0.2545454545454545,0.0075491688211554,0.4363636363636363
2755176989,E031,boundary_aware,strong,0.0062697056695674,0.0201617605428337,0.2954545454545454,0.0044061716702939,0.0049425107314309,0.2727272727272727,0.002889029667615,0.3636363636363636,0.0056067472223564,0.2545454545454545,0.0116405350568672,0.2909090909090909
2755176989,E031,robust_control_aware,moderate,0.0032712090705508,0.0122231588170653,0.45,0.0044061716702939,0.0032522867896404,0.3090909090909091,0.0021689318144107,0.3818181818181818,0.0043345565476125,0.3818181818181818,0.0033290611305398,0.7272727272727273
2755176989,E031,robust_control_aware,strong,0.0052959858196134,0.0183547809138562,0.3409090909090909,0.0044061716702939,0.004662738047195,0.3090909090909091,0.0028761933155184,0.3454545454545454,0.0054462137198249,0.3090909090909091,0.0081987981959154,0.4
2580447233,E020,boundary_aware,moderate,0.0023950898165143,0.0101691266683563,0.509090909090909,0.0038257938459242,0.0014256908900942,0.4181818181818181,0.0015517593454036,0.5272727272727272,0.0030602037904332,0.4909090909090909,0.0035427052401264,0.6
2580447233,E020,boundary_aware,strong,0.0044235216793416,0.0162584033118175,0.3818181818181818,0.0038257938459242,0.0030379641360761,0.3090909090909091,0.0027101041354297,0.4181818181818181,0.0040343717494354,0.4181818181818181,0.0079116466964253,0.3818181818181818
2580447233,E020,robust_control_aware,moderate,0.0012043806527156,0.0063724467161567,0.65,0.0038257938459242,0.0008936533067213,0.4545454545454545,0.0012104589408743,0.6,0.0012918991961052,0.7454545454545455,0.0014215111671615,0.8
2580447233,E020,robust_control_aware,strong,0.002599394434576,0.0102607587638434,0.55,0.0038257938459242,0.0017840964630392,0.3818181818181818,0.0012293137347236,0.5818181818181818,0.0024501494373174,0.6181818181818182,0.0049340181032239,0.6181818181818182
2580447233,E031,boundary_aware,moderate,0.00465381719814,0.0169452747939736,0.3545454545454545,0.0038257938459242,0.0024571303048004,0.3272727272727272,0.0043037262611476,0.3090909090909091,0.0035587221011238,0.4545454545454545,0.0082956901254883,0.3272727272727272
2580447233,E031,boundary_aware,strong,0.0058663773450451,0.021390136424452,0.2954545454545454,0.0038257938459242,0.0026815227945241,0.3090909090909091,0.0048400840825748,0.2727272727272727,0.0047236725131553,0.4181818181818181,0.0112202299899261,0.1818181818181818
2580447233,E031,robust_control_aware,moderate,0.0035847334774163,0.0127131853300718,0.4045454545454545,0.0038257938459242,0.0019086800616407,0.3454545454545454,0.0036448172528886,0.3636363636363636,0.0037457357624233,0.4363636363636363,0.0050397008327123,0.4727272727272727
2580447233,E031,robust_control_aware,strong,0.0046601569252712,0.0162334582866037,0.3681818181818181,0.0038257938459242,0.0027426912244061,0.3272727272727272,0.0039387731922835,0.3272727272727272,0.004137410810817,0.4545454545454545,0.0078217524735784,0.3636363636363636
2747732054,E020,boundary_aware,moderate,0.0032488965591706,0.0130167205549751,0.4545454545454545,0.0037750267191154,0.0016028275532736,0.4545454545454545,0.002995592020833,0.3636363636363636,0.0028094459382357,0.4727272727272727,0.0055877207243401,0.5272727272727272
2747732054,E020,boundary_aware,strong,0.0058259246808201,0.0207906732335686,0.3181818181818182,0.0037750267191154,0.0038115045399987,0.3272727272727272,0.0040947719189786,0.2727272727272727,0.0056199315537864,0.3272727272727272,0.0097774907105168,0.3454545454545454
2747732054,E020,robust_control_aware,moderate,0.0011774456516711,0.006463203348147,0.6727272727272727,0.0037750267191154,0.0012335125566818,0.4545454545454545,0.0011840894802997,0.6,0.0014272849867156,0.7272727272727273,0.0008648955829873,0.9090909090909092
2747732054,E020,robust_control_aware,strong,0.0020869609655539,0.0095496014691889,0.5772727272727273,0.0037750267191154,0.0014990610640569,0.4,0.0019083314847288,0.5272727272727272,0.0024233592209627,0.5818181818181818,0.0025170920924673,0.8
2747732054,E031,boundary_aware,moderate,0.0043660572382034,0.013669728592668,0.3181818181818182,0.0037750267191154,0.0030169505493213,0.2,0.0041885744101118,0.3090909090909091,0.0042096911439747,0.2909090909090909,0.0060490128494056,0.4727272727272727
2747732054,E031,boundary_aware,strong,0.005699152427682,0.0184912002090017,0.2727272727272727,0.0037750267191154,0.0036490660442536,0.2181818181818181,0.0049700398050929,0.2909090909090909,0.0048545441333735,0.2545454545454545,0.009322959728008,0.3272727272727272
2747732054,E031,robust_control_aware,moderate,0.0033695864392242,0.0120524240037497,0.3681818181818181,0.0037750267191154,0.0027077572804823,0.2,0.0029528888299203,0.3636363636363636,0.0042488030792499,0.2727272727272727,0.0035688965672444,0.6363636363636364
2747732054,E031,robust_control_aware,strong,0.0052329111328433,0.0184912002090017,0.2909090909090909,0.0037750267191154,0.0035012222446211,0.2,0.0040839947634571,0.3272727272727272,0.0048148689680517,0.2181818181818181,0.0085315585552432,0.4181818181818181
