seed,method,condition,mean_D,p95_D,viability_occupancy,severe_fraction,action_agreement,cumulative_task
3389111171,mse,mild,0.020707989914507497,0.04466727470598553,0.965,0.0,0.565,195.52003135167064
3389111171,noise_aware,mild,0.02006315697219609,0.04171812044331047,0.9775,0.0,0.62,196.1996094463523
3389111171,boundary_aware,mild,0.01956483860081997,0.041620500504758164,0.9825,0.0,0.6475,193.308351378593
3389111171,sharpness_aware,mild,0.02301580380154589,0.048255280618935664,0.9575,0.0,0.54,194.47464016781186
3389111171,robust_control_aware,mild,0.01827019863995372,0.03274823821325072,0.99,0.0,0.615,190.09857467364975
3084139821,mse,mild,0.020307507432424595,0.04581005363896865,0.9725,0.0,0.5875,196.2824580152158
3084139821,noise_aware,mild,0.01959029657442116,0.04282894907484068,0.9825,0.0,0.57,196.60450679880122
3084139821,boundary_aware,mild,0.018555309358625566,0.041310669870413055,0.9875,0.0,0.6,195.25619403807025
3084139821,sharpness_aware,mild,0.021977842267301404,0.04605714043011461,0.965,0.0,0.56,196.21451156642152
3084139821,robust_control_aware,mild,0.017916104454732722,0.030959004496354636,0.9925,0.0,0.615,191.45986161001326
2042987557,mse,mild,0.02127122094790459,0.050861850033093056,0.945,0.0,0.6125,189.2159071475284
2042987557,noise_aware,mild,0.02106506469402731,0.04671111871634001,0.965,0.0,0.625,188.61466545087023
2042987557,boundary_aware,mild,0.02204069199952896,0.048907405419771295,0.9525,0.0,0.5925,187.08564346286593
2042987557,sharpness_aware,mild,0.023161956458060205,0.052938492219341576,0.9375,0.0,0.585,189.16813439194158
2042987557,robust_control_aware,mild,0.0199865282670115,0.04455894912230014,0.9625,0.0,0.605,184.09622828982518
3002971205,mse,mild,0.021377787314818226,0.04921674556870873,0.955,0.0,0.5825,199.69652114010316
3002971205,noise_aware,mild,0.021229974768920554,0.04797298443403387,0.955,0.0,0.5675,196.64149479432675
3002971205,boundary_aware,mild,0.01974313451431903,0.04434603334378385,0.97,0.0,0.5875,193.17780972383855
3002971205,sharpness_aware,mild,0.02236747377400426,0.048709273470024336,0.9525,0.0,0.5625,195.54601254230988
3002971205,robust_control_aware,mild,0.018679361662898967,0.03671940348884244,0.9825,0.0,0.6525,190.04922861049604
4027510005,mse,mild,0.02131906105758498,0.04640085771291672,0.96,0.0,0.6425,198.45044356397474
4027510005,noise_aware,mild,0.020365895585722174,0.04048247544450417,0.975,0.0,0.5775,197.81348616457888
4027510005,boundary_aware,mild,0.019932990344573867,0.04462561786349517,0.9775,0.0,0.5625,195.7940579279665
4027510005,sharpness_aware,mild,0.021701799238703873,0.047413777070788074,0.97,0.0,0.53,196.24013803443123
4027510005,robust_control_aware,mild,0.018005174585264506,0.031752053516193326,0.9875,0.0,0.625,190.64076702297103
2672624958,mse,mild,0.02160539019880254,0.04641691592552182,0.9625,0.0,0.5725,194.83500814583294
2672624958,noise_aware,mild,0.021416014797765445,0.04503454878067752,0.9625,0.0,0.6,196.85802972274485
2672624958,boundary_aware,mild,0.020146258088771078,0.04457008136985667,0.965,0.0,0.635,195.35722978310298
2672624958,sharpness_aware,mild,0.022435817786595723,0.050700982258075504,0.945,0.0,0.5475,195.91539719161958
2672624958,robust_control_aware,mild,0.01906970011852322,0.0343710578535703,0.9775,0.0,0.615,191.0186315422146
2738655513,mse,mild,0.021364412933377257,0.046989890261593066,0.97,0.0,0.5725,194.51245091555128
2738655513,noise_aware,mild,0.020064700077718985,0.04399040367612624,0.975,0.0,0.6375,192.7653382691591
2738655513,boundary_aware,mild,0.019493286165164395,0.04304622047784758,0.97,0.0,0.6275,190.30102696022323
2738655513,sharpness_aware,mild,0.02214874264545623,0.04720808330673601,0.9625,0.0,0.5675,195.71476803157574
2738655513,robust_control_aware,mild,0.018283850207318545,0.03253166889688861,0.9825,0.0,0.61,184.1930928732212
829092966,mse,mild,0.02092393402306303,0.048714780619446195,0.955,0.0,0.605,196.9948683252405
829092966,noise_aware,mild,0.02154998199476951,0.048719646777109556,0.95,0.0,0.6125,197.42925328528176
829092966,boundary_aware,mild,0.020453340425352868,0.04693668183630343,0.9625,0.0,0.59,195.52217633808377
829092966,sharpness_aware,mild,0.022245288021074464,0.04697103349798393,0.9625,0.0,0.5875,197.76593326200833
829092966,robust_control_aware,mild,0.018752366759451678,0.03436798892403723,0.985,0.0,0.585,190.2245461393312
2633362063,mse,mild,0.02073087242497879,0.04501000521703675,0.9625,0.0,0.62,194.96630872783717
2633362063,noise_aware,mild,0.021692579747203893,0.04962677772571291,0.9525,0.0,0.5925,195.14695654155975
2633362063,boundary_aware,mild,0.02023245608271338,0.04399959497151653,0.9625,0.0,0.6225,191.23327168730975
2633362063,sharpness_aware,mild,0.02237277317185784,0.048820494837750646,0.955,0.0,0.58,191.97112815315467
2633362063,robust_control_aware,mild,0.018448791391440206,0.035929478664163524,0.98,0.0,0.66,187.7261833717171
962559107,mse,mild,0.02186542898117831,0.04979753353156703,0.95,0.0,0.58,199.2285215440219
962559107,noise_aware,mild,0.020717660845741507,0.05012641521707651,0.9475,0.0,0.595,195.87050113360903
962559107,boundary_aware,mild,0.020319876371922917,0.04841166337013492,0.955,0.0,0.58,195.6874149991901
962559107,sharpness_aware,mild,0.022475681129091343,0.049977401045149514,0.95,0.0,0.5825,196.35905478290607
962559107,robust_control_aware,mild,0.018146618974515253,0.03283737587395617,0.9925,0.0,0.59,190.10014745342403
1093805409,mse,mild,0.02147192567507159,0.04721829962828861,0.96,0.0,0.605,202.77361372007437
1093805409,noise_aware,mild,0.0205416247429004,0.048076210636543486,0.9575,0.0,0.61,203.5277027515864
1093805409,boundary_aware,mild,0.01978694855674167,0.046330473048449734,0.9725,0.0,0.595,200.22357552628387
1093805409,sharpness_aware,mild,0.022716850969076486,0.050300490129065525,0.9475,0.0,0.55,201.81067894760005
1093805409,robust_control_aware,mild,0.018495818075712503,0.033383624554845864,0.985,0.0,0.665,193.67055539390395
962587854,mse,mild,0.020537779191624504,0.04530644114100078,0.955,0.0,0.5725,196.7037513187136
962587854,noise_aware,mild,0.019946563414981636,0.04368891493094644,0.97,0.0,0.585,196.0017478219873
962587854,boundary_aware,mild,0.017606478945726863,0.03856716809411975,0.9825,0.0,0.6175,194.46203697816907
962587854,sharpness_aware,mild,0.020885123798595008,0.042204672959949174,0.9675,0.0,0.58,198.40952159785712
962587854,robust_control_aware,mild,0.018073642412464744,0.032336676468355655,0.9875,0.0,0.585,190.31065546560177
860894674,mse,mild,0.019615503237471424,0.043099558243797305,0.98,0.0,0.6125,195.6755868801505
860894674,noise_aware,mild,0.01983971400309279,0.04454834644581353,0.9675,0.0,0.6025,199.26953173002818
860894674,boundary_aware,mild,0.01918897704760135,0.044456373807966125,0.9725,0.0,0.595,195.96193472063084
860894674,sharpness_aware,mild,0.021278666341688405,0.048862133255028105,0.955,0.0,0.5825,197.90383365304857
860894674,robust_control_aware,mild,0.018380004588069373,0.03398867479177319,0.99,0.0,0.64,190.9526772247918
3655813037,mse,mild,0.020053636166878705,0.04414881101109662,0.97,0.0,0.605,201.96515979967512
3655813037,noise_aware,mild,0.019945618286142174,0.045468568909178754,0.96,0.0,0.5725,202.52918840104044
3655813037,boundary_aware,mild,0.018220336451989064,0.038829344251285106,0.9875,0.0,0.6075,198.5626469000875
3655813037,sharpness_aware,mild,0.021700884076783028,0.043997105681758714,0.96,0.0,0.5325,200.7729504895186
3655813037,robust_control_aware,mild,0.01762309589944846,0.03182549877744209,0.9925,0.0,0.605,194.0961091951629
3584847826,mse,mild,0.021204700189165288,0.04349930510858506,0.9625,0.0,0.615,197.16245877664727
3584847826,noise_aware,mild,0.020367731191550796,0.044919316151119736,0.9675,0.0,0.6075,195.46807348030015
3584847826,boundary_aware,mild,0.01992641745494082,0.04497834892296018,0.965,0.0,0.5775,196.98323034035195
3584847826,sharpness_aware,mild,0.0212678548426484,0.04686731913062925,0.9575,0.0,0.5925,196.63244744456767
3584847826,robust_control_aware,mild,0.018572922762557276,0.034897906857329984,0.985,0.0,0.6075,190.4514974896295
3191201105,mse,mild,0.02060885128226136,0.04302383253097875,0.975,0.0,0.58,201.95626641846502
3191201105,noise_aware,mild,0.02063221294957742,0.04533930608690395,0.9725,0.0,0.615,201.51374204458614
3191201105,boundary_aware,mild,0.018409949001975078,0.04047579974179238,0.97,0.0,0.62,198.09868508196953
3191201105,sharpness_aware,mild,0.022044848559758544,0.04906068735139068,0.9525,0.0,0.5675,203.04406765489728
3191201105,robust_control_aware,mild,0.01784608105005891,0.031660322387437385,0.99,0.0,0.6275,191.22607818529627
2911101028,mse,mild,0.020859884267381973,0.046255828870743095,0.965,0.0,0.555,197.45278660144666
2911101028,noise_aware,mild,0.020429033911533997,0.0451100232901855,0.97,0.0,0.59,195.39930077463265
2911101028,boundary_aware,mild,0.019396011328258186,0.043303099847193764,0.97,0.0,0.585,195.25036207357766
2911101028,sharpness_aware,mild,0.021067906245967216,0.04354977599727133,0.9775,0.0,0.585,196.09835729354572
2911101028,robust_control_aware,mild,0.018305690377424702,0.03336633594060331,0.9875,0.0,0.665,190.14149112476497
1310972635,mse,mild,0.0197933663396141,0.04678453429781651,0.97,0.0,0.585,196.79539129250514
1310972635,noise_aware,mild,0.01958317974608038,0.0447704656855443,0.9575,0.0,0.5975,194.86446539799647
1310972635,boundary_aware,mild,0.019277788325091198,0.04686002289324287,0.9575,0.0,0.605,191.59231628235486
1310972635,sharpness_aware,mild,0.022036035052197728,0.04798414174830872,0.9575,0.0,0.57,199.18765810041276
1310972635,robust_control_aware,mild,0.018343957086288415,0.033091064791477554,0.98,0.0,0.615,189.7448189978236
3628597686,mse,mild,0.020583370097300248,0.04523800312856156,0.9775,0.0,0.6225,196.56807319862338
3628597686,noise_aware,mild,0.021050050255931367,0.04897095378651964,0.955,0.0,0.6075,194.7801201021867
3628597686,boundary_aware,mild,0.0202772472346863,0.04501208887297717,0.965,0.0,0.545,192.69980534954857
3628597686,sharpness_aware,mild,0.021974203968229203,0.04913906450863121,0.955,0.0,0.5825,196.0683427633106
3628597686,robust_control_aware,mild,0.01888362387754147,0.035684634030682456,0.97,0.0,0.6325,186.74086824707715
3381601262,mse,mild,0.02088389586200135,0.04687717025758549,0.9575,0.0,0.585,192.07464167113446
3381601262,noise_aware,mild,0.02022154019783955,0.04419825308461604,0.97,0.0,0.6125,192.3793653631805
3381601262,boundary_aware,mild,0.02020547503476612,0.046227550520924914,0.955,0.0,0.605,190.5374270700137
3381601262,sharpness_aware,mild,0.022936067228996947,0.05102335756944482,0.9425,0.0,0.5925,193.76651685607078
3381601262,robust_control_aware,mild,0.018862997046275504,0.034114122359595586,0.9775,0.0,0.6325,187.38702643770512
3092867210,mse,mild,0.02055354324828854,0.04454248573868772,0.965,0.0,0.5825,196.66837250748188
3092867210,noise_aware,mild,0.020492606541736222,0.04431047991862904,0.9625,0.0,0.575,195.93451950292712
3092867210,boundary_aware,mild,0.020307225289750343,0.04602833938024638,0.9675,0.0,0.565,197.24441696733714
3092867210,sharpness_aware,mild,0.022857409627161582,0.05122964546318521,0.9475,0.0,0.53,199.38883091771015
3092867210,robust_control_aware,mild,0.017066134411636704,0.030189201335338055,0.9925,0.0,0.635,192.31659174237174
2622879300,mse,mild,0.02175411623089272,0.04655090501172823,0.96,0.0,0.6125,195.34249147598752
2622879300,noise_aware,mild,0.02197493648956372,0.048491193521147925,0.955,0.0,0.64,195.4737547394547
2622879300,boundary_aware,mild,0.020016758752519764,0.041355798158420526,0.9775,0.0,0.5825,191.56589447943634
2622879300,sharpness_aware,mild,0.02357741399352948,0.05373994842116863,0.9325,0.0,0.5975,195.5026649161265
2622879300,robust_control_aware,mild,0.018769161107400435,0.03354236011339439,0.975,0.0,0.655,187.05730638005548
2937656991,mse,mild,0.020366254317763444,0.043073845794025734,0.9725,0.0,0.615,199.9189558976684
2937656991,noise_aware,mild,0.020330737498673788,0.045186048706137925,0.97,0.0,0.6125,198.55556776213933
2937656991,boundary_aware,mild,0.018789647402439345,0.041321867533929246,0.98,0.0,0.62,196.1150064932172
2937656991,sharpness_aware,mild,0.022635972145594048,0.04720370366837757,0.9625,0.0,0.55,199.11502377652283
2937656991,robust_control_aware,mild,0.01808081253877655,0.031427163305962756,0.985,0.0,0.63,190.37370711668947
1872448827,mse,mild,0.019753482502206925,0.04343158429089863,0.97,0.0,0.5975,196.66958320539956
1872448827,noise_aware,mild,0.019071757800207267,0.042556816214271875,0.975,0.0,0.6,197.18551713486463
1872448827,boundary_aware,mild,0.01877211835402991,0.04138802197081211,0.98,0.0,0.6025,193.64392124842539
1872448827,sharpness_aware,mild,0.021361216673115725,0.04906308911834057,0.955,0.0,0.5625,198.22076933168557
1872448827,robust_control_aware,mild,0.018088860256094744,0.03440772971423575,0.98,0.0,0.61,191.3359453297608
2027309548,mse,mild,0.020913636774019525,0.04499988431450087,0.9725,0.0,0.615,191.90033724284677
2027309548,noise_aware,mild,0.021215429423542577,0.04747618550019332,0.9525,0.0,0.61,193.46961214983673
2027309548,boundary_aware,mild,0.019175933762509992,0.0423579404194387,0.97,0.0,0.625,187.97751006281266
2027309548,sharpness_aware,mild,0.02218167607094629,0.04708843246863138,0.955,0.0,0.5775,193.79730282014674
2027309548,robust_control_aware,mild,0.018308361688188703,0.03464035957402699,0.9875,0.0,0.585,184.4536232203389
2136321268,mse,mild,0.02090833983618209,0.047980914544040146,0.9575,0.0,0.615,192.75498556502606
2136321268,noise_aware,mild,0.021036449884270246,0.04868648837556817,0.9525,0.0,0.64,192.4252643579143
2136321268,boundary_aware,mild,0.019529076483369042,0.04304984732424663,0.9725,0.0,0.6475,191.38600394849192
2136321268,sharpness_aware,mild,0.022775133028942324,0.04922590910843642,0.95,0.0,0.6,195.5981566246775
2136321268,robust_control_aware,mild,0.01928990781156158,0.03595730314485729,0.9675,0.0,0.625,189.91498235766215
3252490845,mse,mild,0.02019608840242561,0.04487452715526973,0.98,0.0,0.5875,199.62548845005193
3252490845,noise_aware,mild,0.019475128780520448,0.045375923804505426,0.9725,0.0,0.615,197.82156312340322
3252490845,boundary_aware,mild,0.018570969921112818,0.04199318353726003,0.97,0.0,0.6,196.26079286143005
3252490845,sharpness_aware,mild,0.021480566231266193,0.04444043850302255,0.965,0.0,0.585,196.6233873490392
3252490845,robust_control_aware,mild,0.01835612269808695,0.033188748369143414,0.9825,0.0,0.6375,194.45259583527314
3692477288,mse,mild,0.021260863460455498,0.04610630211740908,0.9575,0.0,0.5625,188.34609643730994
3692477288,noise_aware,mild,0.02035675354747793,0.04535827658240705,0.9675,0.0,0.5575,192.28777412883
3692477288,boundary_aware,mild,0.019312633974202357,0.04165476497157397,0.9725,0.0,0.58,191.66748913621387
3692477288,sharpness_aware,mild,0.022351574063070263,0.049027805840221456,0.955,0.0,0.5475,192.5974852546195
3692477288,robust_control_aware,mild,0.019026835438651166,0.03477891894523312,0.9825,0.0,0.6175,186.1109945455501
72726709,mse,mild,0.021220701337303555,0.05064611957284236,0.9475,0.0,0.5875,197.5422290997214
72726709,noise_aware,mild,0.02090068953861273,0.051274803926586225,0.9425,0.0,0.565,196.34459776331462
72726709,boundary_aware,mild,0.019588046786334898,0.04642166633277506,0.96,0.0,0.5775,195.6484394957932
72726709,sharpness_aware,mild,0.02254919370622133,0.047868997498335286,0.955,0.0,0.5725,199.51287494443432
72726709,robust_control_aware,mild,0.018234784856613336,0.03217807287512254,0.99,0.0,0.67,191.93665899220252
263809025,mse,mild,0.02276540056090163,0.05189128146130074,0.9425,0.0,0.555,198.68300725478636
263809025,noise_aware,mild,0.021354534306916334,0.04836665219084748,0.9625,0.0,0.595,197.0463235413658
263809025,boundary_aware,mild,0.021873237291168978,0.04835103510943836,0.9525,0.0,0.585,195.98197904597583
263809025,sharpness_aware,mild,0.024533596031306518,0.054366024566206865,0.9225,0.0,0.5625,199.92874640988884
263809025,robust_control_aware,mild,0.018641367784151402,0.03283635191722235,0.9775,0.0,0.61,186.8517866514108
388266878,mse,mild,0.02004057287476012,0.04426390585733178,0.97,0.0,0.625,190.98589211654604
388266878,noise_aware,mild,0.020195159209423445,0.04475288164899107,0.9625,0.0,0.6,191.0355687805376
388266878,boundary_aware,mild,0.019347023628877292,0.04261363092943177,0.975,0.0,0.605,190.88283870156403
388266878,sharpness_aware,mild,0.02211899618540856,0.05080828844701864,0.945,0.0,0.605,193.99626703495676
388266878,robust_control_aware,mild,0.018359144988051544,0.0362312103836384,0.975,0.0,0.65,187.0532329156032
3805909048,mse,mild,0.02022446543701994,0.04688155288782638,0.96,0.0,0.61,198.82832838042742
3805909048,noise_aware,mild,0.02034704734202077,0.04569746948104182,0.9725,0.0,0.605,198.13706136716104
3805909048,boundary_aware,mild,0.01965608689500271,0.04604568231786484,0.9575,0.0,0.6375,197.45789935871022
3805909048,sharpness_aware,mild,0.022589441787236028,0.05293987232987728,0.9375,0.0,0.5725,199.0068403454509
3805909048,robust_control_aware,mild,0.01775883735071402,0.033011877827011434,0.985,0.0,0.6025,194.11311930965562
3006661105,mse,mild,0.02077387345186028,0.04450938712129371,0.9725,0.0,0.5525,196.35259905246357
3006661105,noise_aware,mild,0.020630086842098976,0.04620709077973193,0.9625,0.0,0.5925,196.26721614199
3006661105,boundary_aware,mild,0.018875976495356467,0.042019250247298044,0.9775,0.0,0.6075,196.02474851038983
3006661105,sharpness_aware,mild,0.022044057226404713,0.04537532646314011,0.9675,0.0,0.565,194.99086964574997
3006661105,robust_control_aware,mild,0.01840504661553225,0.034718197932842344,0.9825,0.0,0.645,189.4095715864684
2400255462,mse,mild,0.022071877551648886,0.049490304910443886,0.955,0.0,0.555,192.194541787142
2400255462,noise_aware,mild,0.021403783150560633,0.046853380800167224,0.96,0.0,0.5975,192.10290895638383
2400255462,boundary_aware,mild,0.02076504247302288,0.046748190714600214,0.9625,0.0,0.5775,191.3352794563477
2400255462,sharpness_aware,mild,0.02447229891957832,0.0535590283411333,0.9325,0.0,0.5275,195.22097121748698
2400255462,robust_control_aware,mild,0.018535200050268544,0.03395997913929299,0.975,0.0,0.635,186.52937154720814
1592815009,mse,mild,0.019256113681431722,0.04435544161662696,0.98,0.0,0.61,200.56831177313768
1592815009,noise_aware,mild,0.019797521377757712,0.045718295794165,0.9775,0.0,0.525,199.4575946048781
1592815009,boundary_aware,mild,0.018851928911521827,0.0431605551710307,0.9775,0.0,0.59,198.46163132768748
1592815009,sharpness_aware,mild,0.020218948256231092,0.04265286982186253,0.9725,0.0,0.5875,198.83919111012415
1592815009,robust_control_aware,mild,0.017203842654322357,0.03145615675396223,0.9975,0.0,0.6225,193.6304626091059
616946658,mse,mild,0.020387042379339308,0.047396112533163635,0.965,0.0,0.59,193.4245571743853
616946658,noise_aware,mild,0.019965587619861853,0.04477023858037312,0.975,0.0,0.6025,195.9828448899687
616946658,boundary_aware,mild,0.018806594683684154,0.043976760237294805,0.9775,0.0,0.59,190.9225143920442
616946658,sharpness_aware,mild,0.022730989715387652,0.04892215716135628,0.9525,0.0,0.5725,193.1977639455936
616946658,robust_control_aware,mild,0.01905785071475242,0.03541695339565684,0.9825,0.0,0.59,184.25723706163492
4125253457,mse,mild,0.022885544197105888,0.05124605311955063,0.9375,0.0,0.6025,196.47062306878513
4125253457,noise_aware,mild,0.021593951032469222,0.04851478734374766,0.955,0.0,0.585,192.56437434752667
4125253457,boundary_aware,mild,0.020724979672393555,0.04479818452762187,0.9675,0.0,0.5975,190.76209894698377
4125253457,sharpness_aware,mild,0.022892782846602948,0.050191008719982264,0.9475,0.0,0.58,192.90552818350918
4125253457,robust_control_aware,mild,0.018898817600164267,0.0344907781148764,0.985,0.0,0.645,187.12548462761265
1894299039,mse,mild,0.02074859300058294,0.04632245433100272,0.9625,0.0,0.6025,192.7637642061223
1894299039,noise_aware,mild,0.019743949918718334,0.04354660557101257,0.975,0.0,0.5975,193.69627487615531
1894299039,boundary_aware,mild,0.01975104938519653,0.04075074256770666,0.97,0.0,0.58,190.34192170037232
1894299039,sharpness_aware,mild,0.022323308552998605,0.048131409499910856,0.9575,0.0,0.56,196.08131902288062
1894299039,robust_control_aware,mild,0.017849721234124573,0.032912563215688535,0.9825,0.0,0.6125,186.50085025140578
1826657357,mse,mild,0.021408586331527372,0.045015537542659724,0.965,0.0,0.575,196.141269034233
1826657357,noise_aware,mild,0.020489767989046115,0.04905753337347936,0.9525,0.0,0.6125,198.36482644799463
1826657357,boundary_aware,mild,0.020065470823101082,0.045689324303632886,0.97,0.0,0.6025,196.33974802563858
1826657357,sharpness_aware,mild,0.021532195545268813,0.04617855835513428,0.97,0.0,0.5675,196.05527157843696
1826657357,robust_control_aware,mild,0.018343695939300617,0.033530484234974595,0.9825,0.0,0.65,191.23827495264763
3869760332,mse,mild,0.02047170791236505,0.044999326800216184,0.965,0.0,0.635,185.79776327965567
3869760332,noise_aware,mild,0.021710368360411472,0.05090049320322409,0.945,0.0,0.575,185.754670611233
3869760332,boundary_aware,mild,0.020690621800372126,0.04567174082446839,0.9625,0.0,0.5875,184.88912912627862
3869760332,sharpness_aware,mild,0.022917019013253784,0.050799618019890906,0.9475,0.0,0.595,184.618004273089
3869760332,robust_control_aware,mild,0.019421783854338855,0.03452872481968858,0.9725,0.0,0.6275,180.85505729195563
3942096291,mse,mild,0.020442425817495335,0.04588198317917079,0.97,0.0,0.6375,194.64917687757907
3942096291,noise_aware,mild,0.02047021229196076,0.04892659366631823,0.955,0.0,0.63,194.67430043627974
3942096291,boundary_aware,mild,0.020967331289566394,0.04835911435898141,0.9575,0.0,0.615,194.03974725524287
3942096291,sharpness_aware,mild,0.02266463409539587,0.050449875962326834,0.9475,0.0,0.57,194.33817896129972
3942096291,robust_control_aware,mild,0.018273426952272905,0.033821011874080785,0.9825,0.0,0.6675,186.76509880839478
4196962272,mse,mild,0.0205210322492862,0.04557227393029142,0.97,0.0,0.605,196.52177273213533
4196962272,noise_aware,mild,0.02085479233202105,0.04557083244419604,0.965,0.0,0.605,196.35612889020385
4196962272,boundary_aware,mild,0.02072612254013709,0.04384275721892573,0.9675,0.0,0.6025,196.2240863487104
4196962272,sharpness_aware,mild,0.02162245698630678,0.0495687020302129,0.95,0.0,0.55,194.83246668412784
4196962272,robust_control_aware,mild,0.01851738756732302,0.0332426873060682,0.9775,0.0,0.625,187.8849595254464
650737436,mse,mild,0.01995299988145098,0.04673163184920358,0.965,0.0,0.57,198.52674314777786
650737436,noise_aware,mild,0.02020765439054872,0.04542810159584096,0.9625,0.0,0.5875,195.24278138035442
650737436,boundary_aware,mild,0.019420236528838685,0.04084575054001478,0.985,0.0,0.61,196.7312484709827
650737436,sharpness_aware,mild,0.02084380821258046,0.048025615315751544,0.9625,0.0,0.57,197.32900735992322
650737436,robust_control_aware,mild,0.01734100216408,0.03263308575971412,0.99,0.0,0.66,193.46139555751108
2765233509,mse,mild,0.021929774613021338,0.05040877392513631,0.9475,0.0,0.595,189.3240347546929
2765233509,noise_aware,mild,0.02057312516530734,0.04479979170181867,0.965,0.0,0.6175,186.99137455709084
2765233509,boundary_aware,mild,0.021006911054796636,0.048054903136889864,0.955,0.0,0.6375,187.00710866595608
2765233509,sharpness_aware,mild,0.023455021489245952,0.05078410396009085,0.9425,0.0,0.575,191.75745185655842
2765233509,robust_control_aware,mild,0.018999661340961288,0.03459890175150803,0.98,0.0,0.6475,184.5180585317778
2648460118,mse,mild,0.022466400449163516,0.05065830426627897,0.9475,0.0,0.585,189.49364531525976
2648460118,noise_aware,mild,0.02183132346154838,0.04628484115318832,0.9625,0.0,0.6025,189.94526910398912
2648460118,boundary_aware,mild,0.02136605168743876,0.0477498265814047,0.9575,0.0,0.6025,190.0902355124038
2648460118,sharpness_aware,mild,0.023012889656435106,0.05106308183095767,0.9375,0.0,0.5725,191.31606752856842
2648460118,robust_control_aware,mild,0.018658714018140846,0.0354425818519581,0.98,0.0,0.7,186.0630245664758
2721002355,mse,mild,0.022106242868086202,0.05107971748106909,0.945,0.0,0.5675,193.21075145517827
2721002355,noise_aware,mild,0.0211738824791097,0.04686127348823346,0.9525,0.0,0.5925,192.97243715697252
2721002355,boundary_aware,mild,0.021114487880970794,0.049206107903048045,0.9525,0.0,0.565,193.84194728056843
2721002355,sharpness_aware,mild,0.023173123375817974,0.052110821500782153,0.9425,0.0,0.5575,195.2730457111079
2721002355,robust_control_aware,mild,0.018894649450616495,0.03565369975357827,0.9775,0.0,0.5975,189.40113549928657
1443607338,mse,mild,0.02090126770074784,0.044010160073577984,0.9725,0.0,0.56,192.83081802703472
1443607338,noise_aware,mild,0.02237318649234044,0.048774621725763294,0.955,0.0,0.5725,193.7149218022187
1443607338,boundary_aware,mild,0.020380557952110852,0.04496593260305873,0.9625,0.0,0.615,193.0283147238267
1443607338,sharpness_aware,mild,0.022670324794621163,0.048867913650383434,0.955,0.0,0.5775,192.92266169307518
1443607338,robust_control_aware,mild,0.018709739595018093,0.03297466492429037,0.985,0.0,0.6425,187.05373540696655
3718361383,mse,mild,0.019879460424800842,0.04248750697580283,0.9725,0.0,0.5575,197.5101631301757
3718361383,noise_aware,mild,0.019464992019135204,0.04382201396703014,0.985,0.0,0.595,194.21573917271652
3718361383,boundary_aware,mild,0.018648255430914654,0.04200413488236123,0.9775,0.0,0.585,194.79957524335077
3718361383,sharpness_aware,mild,0.022293672423248215,0.046628136927869795,0.9575,0.0,0.5475,197.76080675137496
3718361383,robust_control_aware,mild,0.017825822216063547,0.032519627862004824,0.9925,0.0,0.635,192.0339788388726
2813098644,mse,mild,0.022008200311459204,0.04977651196818459,0.9525,0.0,0.565,198.36134553478874
2813098644,noise_aware,mild,0.02152399128575511,0.05095117799697187,0.945,0.0,0.585,196.11077755960596
2813098644,boundary_aware,mild,0.019780225177581264,0.04396397902939815,0.965,0.0,0.6575,192.96873988612774
2813098644,sharpness_aware,mild,0.0232517444215375,0.0533336684369167,0.94,0.0,0.5725,196.28953287548802
2813098644,robust_control_aware,mild,0.020128817874003967,0.03433798614820037,0.97,0.0,0.645,191.97755180148786
4226629241,mse,mild,0.021632182725939454,0.050303762896906135,0.9475,0.0,0.585,190.96862009483507
4226629241,noise_aware,mild,0.021574106184994828,0.05097663646337763,0.9475,0.0,0.5725,190.3897250894887
4226629241,boundary_aware,mild,0.019558138652768408,0.04198116054586815,0.9775,0.0,0.5675,186.32068838746943
4226629241,sharpness_aware,mild,0.022188661256406502,0.0466229569905321,0.955,0.0,0.615,189.79181806072896
4226629241,robust_control_aware,mild,0.019541167833094574,0.03649651068454327,0.9775,0.0,0.6525,185.61146998411442
1180688000,mse,mild,0.02077077234065188,0.044563744422973894,0.9675,0.0,0.6125,191.64405386646854
1180688000,noise_aware,mild,0.020994548157331552,0.04513268482275127,0.965,0.0,0.5725,193.60642547645327
1180688000,boundary_aware,mild,0.020053435017278125,0.046361984858112715,0.97,0.0,0.5925,192.3010063553577
1180688000,sharpness_aware,mild,0.0218680752627706,0.04649553901228652,0.9675,0.0,0.5875,194.32899779671442
1180688000,robust_control_aware,mild,0.018813112052253948,0.03450225868368762,0.9775,0.0,0.5975,187.6684536979169
2121584357,mse,mild,0.019785804315186808,0.04320324065183469,0.9825,0.0,0.6125,196.919055105839
2121584357,noise_aware,mild,0.020233110229885987,0.04721587393358725,0.9625,0.0,0.62,197.73026311920984
2121584357,boundary_aware,mild,0.019489193892139,0.04307762897774679,0.9725,0.0,0.585,195.03021947776296
2121584357,sharpness_aware,mild,0.021219312286845232,0.046424900978269464,0.9675,0.0,0.5825,197.6484116345493
2121584357,robust_control_aware,mild,0.01848732368453395,0.03407137680123656,0.9825,0.0,0.6625,190.65400357686292
724579447,mse,mild,0.02132892180262555,0.05026211240238189,0.945,0.0,0.6,190.14020729786216
724579447,noise_aware,mild,0.021424037328845458,0.047814430902668806,0.96,0.0,0.59,191.95632063724025
724579447,boundary_aware,mild,0.02113969714943685,0.04758365700681397,0.9575,0.0,0.585,191.22124696529266
724579447,sharpness_aware,mild,0.02265461086863151,0.050005697999415455,0.95,0.0,0.5775,191.67001896769915
724579447,robust_control_aware,mild,0.018837792059889127,0.03695466859387978,0.9775,0.0,0.605,188.48951696933742
1117812916,mse,mild,0.020275579766695525,0.04432322833522967,0.9725,0.0,0.58,198.1151011556987
1117812916,noise_aware,mild,0.0193558359864497,0.04086819127520439,0.9825,0.0,0.58,197.01232030744455
1117812916,boundary_aware,mild,0.019521860207440272,0.04143854029920238,0.9825,0.0,0.61,196.70324055304891
1117812916,sharpness_aware,mild,0.02100257027439596,0.04518446350361733,0.97,0.0,0.5575,196.0669627585604
1117812916,robust_control_aware,mild,0.017395784622597662,0.030841048489318432,0.9975,0.0,0.6725,193.48932537326343
1530323167,mse,mild,0.02088811440192384,0.04581581055252113,0.96,0.0,0.585,193.35737458443737
1530323167,noise_aware,mild,0.020873180143522067,0.04781138075742306,0.96,0.0,0.5925,191.83945926708003
1530323167,boundary_aware,mild,0.019869140938943923,0.045453144200976583,0.9675,0.0,0.59,189.76781622754987
1530323167,sharpness_aware,mild,0.022272106914927644,0.048225705305839965,0.9525,0.0,0.5475,190.84530187868003
1530323167,robust_control_aware,mild,0.018347776107656248,0.035570131839727535,0.9825,0.0,0.6075,185.70046279084627
1709400583,mse,mild,0.019797023668931435,0.045520573034556526,0.965,0.0,0.6125,195.64237488569944
1709400583,noise_aware,mild,0.020703549028788622,0.044957995460407074,0.9775,0.0,0.555,195.7037252812647
1709400583,boundary_aware,mild,0.01911548874678769,0.042457492928147,0.975,0.0,0.5825,195.39195065380554
1709400583,sharpness_aware,mild,0.02194636513846598,0.04658756424712484,0.965,0.0,0.5875,199.24612291557148
1709400583,robust_control_aware,mild,0.016971781554096545,0.03121616144232901,0.995,0.0,0.63,191.58583108117017
1133912448,mse,mild,0.019741114810651737,0.04275041101341615,0.9725,0.0,0.6025,199.0271899026317
1133912448,noise_aware,mild,0.020256841881395527,0.04363433409622501,0.9775,0.0,0.6,197.88883696340653
1133912448,boundary_aware,mild,0.0191457965674578,0.043442580833548815,0.975,0.0,0.6125,196.73989066986178
1133912448,sharpness_aware,mild,0.02157785090640442,0.04485409288945088,0.955,0.0,0.5425,196.81902976577135
1133912448,robust_control_aware,mild,0.01779570725352608,0.031209768222386854,0.9875,0.0,0.65,192.3798460356813
3841604218,mse,mild,0.02055121063920513,0.04354777854932148,0.9825,0.0,0.6075,197.3768086010471
3841604218,noise_aware,mild,0.020621611978469793,0.04284901529935018,0.9775,0.0,0.59,199.40019647373222
3841604218,boundary_aware,mild,0.019997627321226317,0.04437972282020993,0.9675,0.0,0.62,197.46566539632437
3841604218,sharpness_aware,mild,0.02235088891031984,0.04869434446631942,0.95,0.0,0.5825,197.356186647995
3841604218,robust_control_aware,mild,0.018819470287470635,0.033250370382445826,0.985,0.0,0.625,191.01558096790563
1476672215,mse,mild,0.021360125458364854,0.049549146008037066,0.95,0.0,0.585,194.38024486405214
1476672215,noise_aware,mild,0.020383378284006635,0.046137535662063356,0.965,0.0,0.5725,194.56868111213856
1476672215,boundary_aware,mild,0.0206011291569144,0.04887717194916999,0.9525,0.0,0.5675,195.43723689332083
1476672215,sharpness_aware,mild,0.022105671737622155,0.050069537485646604,0.9475,0.0,0.5825,195.83936525592958
1476672215,robust_control_aware,mild,0.018711218058807284,0.03495293261994763,0.985,0.0,0.6775,189.55433463806185
884250997,mse,mild,0.02115279948120696,0.04801636141040955,0.9575,0.0,0.6025,195.26762158346563
884250997,noise_aware,mild,0.020669288189680102,0.04468044595028082,0.9625,0.0,0.6075,196.53467584857776
884250997,boundary_aware,mild,0.02035132060952403,0.04721989343233341,0.9625,0.0,0.59,194.26251185698032
884250997,sharpness_aware,mild,0.022002765457005646,0.04787417305392349,0.9575,0.0,0.5875,197.07627158752945
884250997,robust_control_aware,mild,0.018384180928466862,0.03336294184009499,0.985,0.0,0.6075,189.44198445645267
1002348142,mse,mild,0.020533580698167252,0.04441183161195212,0.9725,0.0,0.6125,192.57658171012804
1002348142,noise_aware,mild,0.020490167151094276,0.0471674370866357,0.96,0.0,0.6375,192.69983423626024
1002348142,boundary_aware,mild,0.02015576372015745,0.04517259068575247,0.9725,0.0,0.5725,192.20149988877859
1002348142,sharpness_aware,mild,0.02220926564463735,0.04948175118077005,0.95,0.0,0.56,192.67489613152622
1002348142,robust_control_aware,mild,0.018796447829665597,0.03471935260028988,0.9825,0.0,0.6575,185.98078570566867
1627011397,mse,mild,0.019995206321335557,0.0431245546882547,0.9675,0.0,0.6,198.26620290606513
1627011397,noise_aware,mild,0.019810770130363777,0.04424746038555122,0.97,0.0,0.655,192.61086986673314
1627011397,boundary_aware,mild,0.018382589919591394,0.03964076567374486,0.9825,0.0,0.6175,192.9773239246264
1627011397,sharpness_aware,mild,0.02084864898008898,0.044366253185698104,0.9675,0.0,0.615,191.72820133627118
1627011397,robust_control_aware,mild,0.01854306419915921,0.032481570992356136,0.98,0.0,0.6775,189.89156995495156
1076126967,mse,mild,0.021002948728923818,0.045701739721991236,0.965,0.0,0.6075,195.62289181399177
1076126967,noise_aware,mild,0.020919918743073654,0.04928717098975285,0.9575,0.0,0.6025,198.43167467583078
1076126967,boundary_aware,mild,0.019533541151936284,0.04423449241264115,0.97,0.0,0.625,195.56491595626628
1076126967,sharpness_aware,mild,0.02118507285332308,0.045852758427886386,0.9625,0.0,0.6075,196.44579375000546
1076126967,robust_control_aware,mild,0.018490758338476618,0.03288729036209611,0.985,0.0,0.6275,190.22809232259897
923743962,mse,mild,0.02082914096525295,0.0435402535205704,0.975,0.0,0.575,200.44590526886668
923743962,noise_aware,mild,0.02064094574266092,0.04460627560472392,0.9525,0.0,0.625,197.61673062552137
923743962,boundary_aware,mild,0.019963205387406625,0.04408297208290615,0.9625,0.0,0.59,195.48947444171182
923743962,sharpness_aware,mild,0.021754974034542265,0.04951216859346734,0.955,0.0,0.5675,199.1027937169584
923743962,robust_control_aware,mild,0.018363852647898797,0.033782729781391824,0.995,0.0,0.5925,193.27285061393124
3894377936,mse,mild,0.019589358506838534,0.04472204783700751,0.975,0.0,0.6225,189.35859145882586
3894377936,noise_aware,mild,0.01979385794430172,0.04641158760004622,0.9625,0.0,0.61,190.94227047044134
3894377936,boundary_aware,mild,0.018441890474450356,0.04213850658375569,0.975,0.0,0.5975,188.3576722296101
3894377936,sharpness_aware,mild,0.02083100869442367,0.04524583664107781,0.9625,0.0,0.5825,191.75449881826444
3894377936,robust_control_aware,mild,0.018288859785616805,0.03152347248945193,0.9825,0.0,0.6225,184.8539527950569
1825409742,mse,mild,0.020271981154964553,0.04171684893825605,0.9775,0.0,0.5925,200.27527259595263
1825409742,noise_aware,mild,0.020005602293625246,0.04319951786222605,0.9825,0.0,0.625,201.05025538353348
1825409742,boundary_aware,mild,0.019179923195966758,0.041909735163686575,0.985,0.0,0.5975,200.86326218787406
1825409742,sharpness_aware,mild,0.02209367131477904,0.04522832172088663,0.9675,0.0,0.6025,201.31997955075917
1825409742,robust_control_aware,mild,0.01810376637699991,0.033604264295160995,0.985,0.0,0.605,195.56032838441092
907752744,mse,mild,0.022583440400699196,0.04801319806517141,0.9525,0.0,0.595,190.75196259809525
907752744,noise_aware,mild,0.02119550588465505,0.04450006647131702,0.9625,0.0,0.5825,191.3660653751003
907752744,boundary_aware,mild,0.020198222198647486,0.04342295899906277,0.965,0.0,0.6225,186.11794453582996
907752744,sharpness_aware,mild,0.0247366702444064,0.054185560224993636,0.9275,0.0,0.55,191.82363524203487
907752744,robust_control_aware,mild,0.019287016675204636,0.03863298095805905,0.9775,0.0,0.695,185.34116450680204
1662780807,mse,mild,0.02011651624165337,0.043589410587472156,0.97,0.0,0.6525,193.71413965363212
1662780807,noise_aware,mild,0.02057274199656583,0.04758726446243231,0.96,0.0,0.575,193.8590088354942
1662780807,boundary_aware,mild,0.0187495391745519,0.04000220095576865,0.9825,0.0,0.6175,190.33531711929663
1662780807,sharpness_aware,mild,0.022058060599306272,0.04834163149692204,0.955,0.0,0.595,192.07074437902327
1662780807,robust_control_aware,mild,0.01901270911824141,0.037539116037679426,0.9725,0.0,0.6875,187.5878569476704
2121423049,mse,mild,0.02052595628986671,0.04571092203021573,0.97,0.0,0.5525,194.2316031522098
2121423049,noise_aware,mild,0.02120532116562046,0.044561867446503506,0.96,0.0,0.585,197.2948384534695
2121423049,boundary_aware,mild,0.019502000458818454,0.044180233778221355,0.9775,0.0,0.62,193.88467633712764
2121423049,sharpness_aware,mild,0.02153640510227664,0.045490872733820666,0.96,0.0,0.5775,193.66012758782074
2121423049,robust_control_aware,mild,0.017828847925162747,0.031240606558920178,0.985,0.0,0.64,187.31378187645055
3968988679,mse,mild,0.02130939000503272,0.05099217763145132,0.9475,0.0,0.6125,196.29413231053388
3968988679,noise_aware,mild,0.021462953790502465,0.0523448145891817,0.9425,0.0,0.6175,194.514808826003
3968988679,boundary_aware,mild,0.01943557268716971,0.04309220267342568,0.97,0.0,0.59,193.93188618349467
3968988679,sharpness_aware,mild,0.02186297544962046,0.0497805873445025,0.95,0.0,0.6025,196.41113373143082
3968988679,robust_control_aware,mild,0.01915678864187951,0.0351910877267462,0.9825,0.0,0.6475,189.99724930541348
1493249476,mse,mild,0.021177595899765356,0.04842225667269174,0.955,0.0,0.5725,193.95702095078826
1493249476,noise_aware,mild,0.02107200942878773,0.04976342886786387,0.95,0.0,0.565,192.09168360486564
1493249476,boundary_aware,mild,0.019358487349963673,0.044240283312298956,0.9675,0.0,0.5975,190.35241675258038
1493249476,sharpness_aware,mild,0.02271192833721715,0.05340170475793219,0.9325,0.0,0.53,193.51083899442477
1493249476,robust_control_aware,mild,0.01855811147279697,0.03538760141092912,0.98,0.0,0.64,189.26597755327492
1567049265,mse,mild,0.02094510670091324,0.047370920360529804,0.955,0.0,0.5875,196.78793088122455
1567049265,noise_aware,mild,0.020786808398416047,0.0474961714993644,0.96,0.0,0.5925,194.24264770278805
1567049265,boundary_aware,mild,0.02018717812778717,0.04557307435978039,0.97,0.0,0.615,195.13815523564
1567049265,sharpness_aware,mild,0.02198013353583355,0.050969365245146406,0.9475,0.0,0.5775,194.5853312849176
1567049265,robust_control_aware,mild,0.01917741607729817,0.0342562097954214,0.9775,0.0,0.59,190.40715268094817
1443871119,mse,mild,0.021458872498907555,0.04972476007497873,0.9525,0.0,0.625,191.0871252641831
1443871119,noise_aware,mild,0.02067746369200556,0.045214290227795786,0.96,0.0,0.635,192.3425786697232
1443871119,boundary_aware,mild,0.021512925437425244,0.04950538746831623,0.95,0.0,0.585,189.32065264052613
1443871119,sharpness_aware,mild,0.02227829643049827,0.05145594806282016,0.9425,0.0,0.57,192.16099103585353
1443871119,robust_control_aware,mild,0.018808843592481944,0.035545182615675915,0.9725,0.0,0.6625,185.93143976235757
207789827,mse,mild,0.02031177711467385,0.04432959058810264,0.97,0.0,0.615,194.06239889011732
207789827,noise_aware,mild,0.020499913899078875,0.04834508270031543,0.9575,0.0,0.5825,193.86073028264371
207789827,boundary_aware,mild,0.018853746839392154,0.04275137344288251,0.98,0.0,0.6,192.62076612813803
207789827,sharpness_aware,mild,0.021712332184984254,0.04515388296210037,0.97,0.0,0.5675,194.35166496342282
207789827,robust_control_aware,mild,0.01867161998616875,0.032944830395519376,0.99,0.0,0.65,190.17953932737356
2665534169,mse,mild,0.021186489916784543,0.04618188296579887,0.9575,0.0,0.5975,189.25194239825265
2665534169,noise_aware,mild,0.020978077226744038,0.04907679734471902,0.955,0.0,0.61,189.12259018769885
2665534169,boundary_aware,mild,0.020964596735101378,0.05132969182255508,0.945,0.0,0.615,183.5074650749968
2665534169,sharpness_aware,mild,0.023209908228366397,0.05178090366895201,0.9375,0.0,0.5475,187.86516773343035
2665534169,robust_control_aware,mild,0.01922029473712331,0.037007560239344935,0.9775,0.0,0.665,184.61510629870025
3207734048,mse,mild,0.02114963860877077,0.04566144090366937,0.9625,0.0,0.5775,192.5941062672245
3207734048,noise_aware,mild,0.020187964974397538,0.04932329132077827,0.9525,0.0,0.6075,191.4820288144106
3207734048,boundary_aware,mild,0.01880624429807726,0.04189288726526589,0.97,0.0,0.6075,190.8731828017984
3207734048,sharpness_aware,mild,0.02142208890020956,0.044091389796023193,0.9625,0.0,0.585,192.5153317011663
3207734048,robust_control_aware,mild,0.019037713876011313,0.03457821938315512,0.9825,0.0,0.6425,190.76902857472817
659579441,mse,mild,0.02237517021725357,0.05003396396576059,0.95,0.0,0.635,193.6450347875737
659579441,noise_aware,mild,0.02026114801982863,0.044015311003306856,0.975,0.0,0.5975,189.72142711644193
659579441,boundary_aware,mild,0.020183912444119562,0.04743138492064747,0.9625,0.0,0.63,189.91792588045666
659579441,sharpness_aware,mild,0.023080018814424275,0.05317639775840282,0.9425,0.0,0.6075,190.932584455131
659579441,robust_control_aware,mild,0.018609203867265386,0.03358731521481505,0.9725,0.0,0.6325,187.35735825268193
1831990360,mse,mild,0.022035390059355286,0.050439349623233355,0.9475,0.0,0.5475,189.35533349809177
1831990360,noise_aware,mild,0.021796123376444453,0.04920768986892734,0.9575,0.0,0.57,190.28918777318552
1831990360,boundary_aware,mild,0.020292530467978808,0.04595823001027818,0.955,0.0,0.5925,187.7049921325796
1831990360,sharpness_aware,mild,0.022172752253086757,0.04817412467756716,0.965,0.0,0.6025,187.7876053650529
1831990360,robust_control_aware,mild,0.01865804494945762,0.034023356759769294,0.99,0.0,0.62,184.82402427956526
575250115,mse,mild,0.021245732755753886,0.05068001792460711,0.9425,0.0,0.6,189.20990497216815
575250115,noise_aware,mild,0.021191932995066828,0.047728444628218986,0.955,0.0,0.6025,188.65404306176654
575250115,boundary_aware,mild,0.020155730754700837,0.045993660883703595,0.955,0.0,0.6575,186.22777008287295
575250115,sharpness_aware,mild,0.023024443263647658,0.051708410201957405,0.94,0.0,0.585,189.16850282002173
575250115,robust_control_aware,mild,0.019968751144387262,0.041533339552793286,0.965,0.0,0.625,182.2097874761882
3743157485,mse,mild,0.020584795555035135,0.04646301402423806,0.9675,0.0,0.6125,194.34308781410522
3743157485,noise_aware,mild,0.02020944595824905,0.046880916302186146,0.96,0.0,0.61,193.98811434854383
3743157485,boundary_aware,mild,0.020376978434574644,0.044631352200499005,0.97,0.0,0.5725,192.14162631333272
3743157485,sharpness_aware,mild,0.022730350852742463,0.04938780118846393,0.9525,0.0,0.6,193.07355977105226
3743157485,robust_control_aware,mild,0.018958260976093023,0.03454326831070265,0.975,0.0,0.6325,188.80987363234567
1796461005,mse,mild,0.021443339964229452,0.050502181226616004,0.945,0.0,0.595,195.51393951006037
1796461005,noise_aware,mild,0.020902977390001888,0.04670596494288048,0.9525,0.0,0.6075,197.16958342255202
1796461005,boundary_aware,mild,0.020133255686267962,0.045256939666578434,0.9575,0.0,0.625,195.72373582298673
1796461005,sharpness_aware,mild,0.021497150272679653,0.04477887580092921,0.965,0.0,0.6025,195.11878739269335
1796461005,robust_control_aware,mild,0.01890646028094574,0.03257406045181952,0.9825,0.0,0.625,190.56766773211706
4057262831,mse,mild,0.021121484014297236,0.05071666854626643,0.9425,0.0,0.5825,195.85836754040935
4057262831,noise_aware,mild,0.020222250573136473,0.04475045288004922,0.98,0.0,0.575,190.46090001831885
4057262831,boundary_aware,mild,0.02013785735078902,0.04379438393819531,0.9575,0.0,0.595,190.85671004577875
4057262831,sharpness_aware,mild,0.022160282013436113,0.048709820429528136,0.9575,0.0,0.56,194.05694158509004
4057262831,robust_control_aware,mild,0.01861929375309148,0.033513127099460964,0.985,0.0,0.6675,188.51745714834766
3530410642,mse,mild,0.019285501110316256,0.04116771796384817,0.975,0.0,0.5775,194.52725982986772
3530410642,noise_aware,mild,0.019417152152065933,0.039160886547083676,0.98,0.0,0.6125,194.71270413456494
3530410642,boundary_aware,mild,0.019184800540872852,0.04105540325316863,0.975,0.0,0.585,192.41931573615767
3530410642,sharpness_aware,mild,0.020391371063103576,0.04387962903737685,0.9675,0.0,0.5525,194.21234710874973
3530410642,robust_control_aware,mild,0.018075454122109934,0.032373439328720485,0.9925,0.0,0.63,190.21369643594716
668701307,mse,mild,0.02082985075679594,0.044864450567487384,0.96,0.0,0.595,195.91602500189043
668701307,noise_aware,mild,0.021476719000338478,0.04865251106703817,0.955,0.0,0.605,195.49410715228302
668701307,boundary_aware,mild,0.02037478414888934,0.044253642158014576,0.97,0.0,0.6125,193.4670809484757
668701307,sharpness_aware,mild,0.023117249814685027,0.05070129598498851,0.94,0.0,0.5475,196.11996193722496
668701307,robust_control_aware,mild,0.018285880281947255,0.03364494640514976,0.99,0.0,0.665,189.7677538538489
2440047106,mse,mild,0.020466853510300823,0.04667149230788996,0.9625,0.0,0.59,195.7313449914659
2440047106,noise_aware,mild,0.02067850298373984,0.044602599795118957,0.975,0.0,0.5825,195.2749876145397
2440047106,boundary_aware,mild,0.019367562390567035,0.04175364115009543,0.97,0.0,0.575,194.01782460471097
2440047106,sharpness_aware,mild,0.023161054782329073,0.05262047842069885,0.9375,0.0,0.5775,199.59338250668822
2440047106,robust_control_aware,mild,0.01875299012568453,0.03464484174177065,0.975,0.0,0.61,189.58298451917966
3736759803,mse,mild,0.02197268570656103,0.049758417497832635,0.95,0.0,0.5725,199.35924358849434
3736759803,noise_aware,mild,0.021620054631557233,0.050714799227146445,0.94,0.0,0.56,196.8097554121027
3736759803,boundary_aware,mild,0.0209329923786421,0.04970842092604659,0.95,0.0,0.6275,195.77782706304015
3736759803,sharpness_aware,mild,0.02150752755624751,0.04634539386393347,0.965,0.0,0.595,196.15502717077416
3736759803,robust_control_aware,mild,0.01845272444551725,0.03376250029171026,0.9825,0.0,0.625,187.93565489460275
15234333,mse,mild,0.020488039898690483,0.04280675243375175,0.975,0.0,0.5925,194.4932504655426
15234333,noise_aware,mild,0.020055655525562495,0.043867628429700635,0.975,0.0,0.6175,192.70451726336273
15234333,boundary_aware,mild,0.019233043812615126,0.040979576345118625,0.9825,0.0,0.5925,190.94754359826663
15234333,sharpness_aware,mild,0.02155612522086137,0.04631862030173182,0.965,0.0,0.5675,193.1985708214375
15234333,robust_control_aware,mild,0.018921090504976788,0.03399323777712452,0.9775,0.0,0.6,187.6891767894025
667584176,mse,mild,0.020665547819428472,0.04676974041693066,0.9675,0.0,0.62,191.07380120922653
667584176,noise_aware,mild,0.02077856018318517,0.04559539271902752,0.9725,0.0,0.6475,189.77934751284033
667584176,boundary_aware,mild,0.020445721773092708,0.047566084573633566,0.9575,0.0,0.6075,186.8432649342658
667584176,sharpness_aware,mild,0.021949907759465672,0.04580959824429065,0.9675,0.0,0.6,189.68905328599885
667584176,robust_control_aware,mild,0.018966982905473485,0.0340756858135255,0.975,0.0,0.615,183.8921419499043
4066184225,mse,mild,0.021270830952886753,0.046731971155750764,0.9625,0.0,0.5825,199.11636542140087
4066184225,noise_aware,mild,0.020621142232603626,0.04431582069723113,0.965,0.0,0.5825,197.54724505380756
4066184225,boundary_aware,mild,0.0200124732735302,0.04212203980976504,0.9725,0.0,0.5675,193.08341099330696
4066184225,sharpness_aware,mild,0.02209908844940461,0.04746581435370279,0.96,0.0,0.5425,197.680776721787
4066184225,robust_control_aware,mild,0.01922755107935304,0.036423156208578424,0.985,0.0,0.6575,192.5038133743743
1886451804,mse,mild,0.020091082433082476,0.04205071829621499,0.975,0.0,0.605,197.90781507497684
1886451804,noise_aware,mild,0.01996430490379911,0.04223144686047647,0.9725,0.0,0.6,197.773688546079
1886451804,boundary_aware,mild,0.019207884579763704,0.040053929690283964,0.9775,0.0,0.5925,194.68167705157788
1886451804,sharpness_aware,mild,0.022458659327859683,0.04957024619630837,0.9525,0.0,0.5525,198.5820747175167
1886451804,robust_control_aware,mild,0.01768092674162625,0.03382353888761122,0.995,0.0,0.605,192.03200556922937
2272934004,mse,mild,0.019690197304025447,0.04411192023982365,0.975,0.0,0.6375,195.2984463216667
2272934004,noise_aware,mild,0.01923565976175818,0.040440538975315334,0.975,0.0,0.6525,194.90761531841486
2272934004,boundary_aware,mild,0.019725560054713872,0.046889170404396295,0.975,0.0,0.575,195.2945187618476
2272934004,sharpness_aware,mild,0.02037266109389838,0.041050403928294205,0.9725,0.0,0.5975,193.97273237911452
2272934004,robust_control_aware,mild,0.01821985085526453,0.03284604329839209,0.985,0.0,0.6475,192.10104487858698
938779823,mse,mild,0.021362397093853763,0.05130991406434378,0.9475,0.0,0.645,188.6893026317794
938779823,noise_aware,mild,0.021394716937108416,0.051492750516269316,0.945,0.0,0.6325,188.99187427777588
938779823,boundary_aware,mild,0.020471878086423638,0.049597803369334684,0.95,0.0,0.6,188.47394689013626
938779823,sharpness_aware,mild,0.022524792062102027,0.049396806410995385,0.955,0.0,0.585,188.39506761312037
938779823,robust_control_aware,mild,0.018788987284428717,0.0350326106942879,0.9825,0.0,0.6475,184.52675596924314
2703660895,mse,mild,0.020947120937739202,0.04653796765143146,0.9725,0.0,0.5725,191.34266125460044
2703660895,noise_aware,mild,0.020533536526164235,0.04387275820665278,0.97,0.0,0.6325,194.1885282928764
2703660895,boundary_aware,mild,0.01989708916179813,0.04743285969339516,0.965,0.0,0.5825,189.4508791116226
2703660895,sharpness_aware,mild,0.023278698870061593,0.05268915216476999,0.94,0.0,0.57,194.7079567392635
2703660895,robust_control_aware,mild,0.019047117892457107,0.03348404972027876,0.985,0.0,0.6075,188.01655250319095
2525182596,mse,mild,0.02168669758071914,0.047259586517857756,0.9525,0.0,0.5825,188.9477158386378
2525182596,noise_aware,mild,0.022389229881639067,0.050017385533998614,0.9475,0.0,0.565,188.92950460978193
2525182596,boundary_aware,mild,0.020581867620758913,0.04545134653485488,0.9575,0.0,0.6,184.9279513610287
2525182596,sharpness_aware,mild,0.02273972327384076,0.05328682187100982,0.94,0.0,0.545,187.6837325641044
2525182596,robust_control_aware,mild,0.019067885778109736,0.03653983323841098,0.9775,0.0,0.67,182.49341869577808
4018511418,mse,mild,0.020792375847392977,0.04437058690271554,0.965,0.0,0.6225,193.46817042840803
4018511418,noise_aware,mild,0.021585935600172905,0.05036027461455712,0.9475,0.0,0.6,193.887195312262
4018511418,boundary_aware,mild,0.020240047369258156,0.044125176026842884,0.9675,0.0,0.6025,192.68612897594284
4018511418,sharpness_aware,mild,0.02213228388925806,0.05032680849381172,0.9475,0.0,0.5775,194.17844932956297
4018511418,robust_control_aware,mild,0.018228350022507042,0.0341653190311207,0.9875,0.0,0.6575,189.04534437233747
1772851305,mse,mild,0.02001806738653679,0.04468378007393052,0.965,0.0,0.595,199.1516672438459
1772851305,noise_aware,mild,0.019412733705679135,0.04202861320119544,0.98,0.0,0.615,197.89552275473278
1772851305,boundary_aware,mild,0.019260614896352054,0.04373637727376845,0.98,0.0,0.61,198.71853912499148
1772851305,sharpness_aware,mild,0.022001496986482502,0.04741834850694731,0.9575,0.0,0.5825,200.10481873953154
1772851305,robust_control_aware,mild,0.018041957324936634,0.03348827036330138,0.99,0.0,0.6625,191.20695597991414
2235246993,mse,mild,0.02236827835328743,0.05088531253421476,0.9475,0.0,0.59,191.68151681707252
2235246993,noise_aware,mild,0.022342924176829336,0.05153153604795426,0.9425,0.0,0.6025,189.94728265854496
2235246993,boundary_aware,mild,0.021972416700808343,0.049657240275594254,0.95,0.0,0.5875,189.29241039189515
2235246993,sharpness_aware,mild,0.023538312780789213,0.050371064731273014,0.94,0.0,0.565,191.5274892623538
2235246993,robust_control_aware,mild,0.019673312461221535,0.037975851478421155,0.97,0.0,0.6375,183.46902693432153
2430720536,mse,mild,0.020396055063276335,0.044550078782761515,0.97,0.0,0.62,197.0255369253672
2430720536,noise_aware,mild,0.0199604479018332,0.04820912817466185,0.9575,0.0,0.6025,195.8898178970959
2430720536,boundary_aware,mild,0.019206084122362483,0.03959371520566402,0.9725,0.0,0.625,195.30454650038314
2430720536,sharpness_aware,mild,0.021522237318516622,0.04620993681827899,0.9675,0.0,0.565,195.77598281727973
2430720536,robust_control_aware,mild,0.01878146544172599,0.035270111775312786,0.9825,0.0,0.6375,192.06224614653925
628175963,mse,mild,0.020260693112823757,0.04770549659614685,0.9525,0.0,0.59,199.2819667614737
628175963,noise_aware,mild,0.02009183515353377,0.04423833152542132,0.97,0.0,0.5975,198.98702696501508
628175963,boundary_aware,mild,0.019399983287063823,0.04609373938158469,0.97,0.0,0.605,199.39519742629486
628175963,sharpness_aware,mild,0.02225234924912904,0.04658662042002803,0.955,0.0,0.565,200.16143641768076
628175963,robust_control_aware,mild,0.018003537435671176,0.031970601203693445,0.9825,0.0,0.545,189.30625914447938
299474548,mse,mild,0.020790647593016326,0.04911475800719634,0.955,0.0,0.6,195.2431224862209
299474548,noise_aware,mild,0.020561102706311774,0.04563853313032856,0.9575,0.0,0.585,193.34710295821145
299474548,boundary_aware,mild,0.0196927267757549,0.042438305900334296,0.97,0.0,0.62,193.474787325114
299474548,sharpness_aware,mild,0.02211891847540553,0.05008107646644875,0.9475,0.0,0.565,194.45446687359586
299474548,robust_control_aware,mild,0.017784074712004893,0.032550749014941135,0.985,0.0,0.6425,188.13405996213612
1273168757,mse,mild,0.02012939078316121,0.04525098791734834,0.9625,0.0,0.625,190.7503894745061
1273168757,noise_aware,mild,0.020042637757927393,0.04401987365858733,0.9675,0.0,0.625,191.40247026708124
1273168757,boundary_aware,mild,0.019742977562444836,0.04557974988565687,0.9625,0.0,0.5925,191.03581817373828
1273168757,sharpness_aware,mild,0.021409424103071402,0.04707224068939222,0.9625,0.0,0.6,189.76718673888917
1273168757,robust_control_aware,mild,0.01811459290648283,0.033164215648854904,0.9775,0.0,0.6525,183.86762029854083
273733572,mse,mild,0.020365794948517427,0.04518571655269569,0.9575,0.0,0.5925,198.6832930851819
273733572,noise_aware,mild,0.020311438858660318,0.04595101947218995,0.9575,0.0,0.5975,198.44228121236895
273733572,boundary_aware,mild,0.01900481240052683,0.04204581964004031,0.9725,0.0,0.5675,195.0419692784256
273733572,sharpness_aware,mild,0.02124101568915398,0.04742907526762575,0.97,0.0,0.54,198.40351409010168
273733572,robust_control_aware,mild,0.018399014966482073,0.03340968449875666,0.99,0.0,0.6325,193.96123251566988
3144435095,mse,mild,0.02077400302599533,0.04709774276869037,0.96,0.0,0.6175,197.48949319120686
3144435095,noise_aware,mild,0.02076421388718169,0.048448009590593685,0.96,0.0,0.6025,196.83060487489695
3144435095,boundary_aware,mild,0.020518798703790288,0.045385424517243055,0.965,0.0,0.57,196.0771796938827
3144435095,sharpness_aware,mild,0.021878998078702826,0.04615448551342313,0.9625,0.0,0.55,197.8592624540202
3144435095,robust_control_aware,mild,0.01776640254931124,0.032436114411840036,0.985,0.0,0.6,189.88412613935844
2633701326,mse,mild,0.02121210930791793,0.04681896877172948,0.965,0.0,0.57,193.004758343422
2633701326,noise_aware,mild,0.020595187302102788,0.048796525633141824,0.95,0.0,0.6125,194.0745912612589
2633701326,boundary_aware,mild,0.02150369116771198,0.05081760719130326,0.9475,0.0,0.615,195.8516283301376
2633701326,sharpness_aware,mild,0.023548435762065677,0.05202639604176109,0.9425,0.0,0.5975,195.23878501021818
2633701326,robust_control_aware,mild,0.019367109919202583,0.03572174866925443,0.9775,0.0,0.625,187.76567483251117
4211238376,mse,mild,0.020300950656690395,0.042585689410785804,0.9675,0.0,0.55,202.20460863800093
4211238376,noise_aware,mild,0.019893395137203503,0.046057613501240796,0.9725,0.0,0.605,199.39659817504895
4211238376,boundary_aware,mild,0.020531546270489746,0.04725691187986824,0.96,0.0,0.6025,200.25006462991905
4211238376,sharpness_aware,mild,0.022416845320604447,0.04723083027558882,0.955,0.0,0.5375,201.33055445835265
4211238376,robust_control_aware,mild,0.01798669451773445,0.033568772169666555,0.985,0.0,0.655,195.9677958818127
1111838367,mse,mild,0.020532446474037087,0.0504536238615443,0.945,0.0,0.625,198.98583771290612
1111838367,noise_aware,mild,0.020339589777577317,0.045371158168910714,0.96,0.0,0.59,198.7131436142137
1111838367,boundary_aware,mild,0.019719164237320112,0.04449556436698698,0.9625,0.0,0.5975,198.47253829854526
1111838367,sharpness_aware,mild,0.021892239256434312,0.04846793604593983,0.96,0.0,0.5525,198.32325766179196
1111838367,robust_control_aware,mild,0.01807337141473627,0.03295976857681343,0.985,0.0,0.6075,188.2691108753707
3524972486,mse,mild,0.020469359901323723,0.043075156383458574,0.9775,0.0,0.5675,201.65725939633097
3524972486,noise_aware,mild,0.020241956689566555,0.046298200379657754,0.9725,0.0,0.585,200.4637899799393
3524972486,boundary_aware,mild,0.019769350470709157,0.043526857127647034,0.97,0.0,0.58,201.16859889175677
3524972486,sharpness_aware,mild,0.02093668952751925,0.04439011367254622,0.98,0.0,0.585,199.7187030987518
3524972486,robust_control_aware,mild,0.017606799159870994,0.03141150929957982,0.9925,0.0,0.6275,194.3828874195812
3560542704,mse,mild,0.01979989603876692,0.04409407374749406,0.9725,0.0,0.605,193.96205183308183
3560542704,noise_aware,mild,0.01956857284606918,0.04380884497043653,0.9675,0.0,0.615,193.66972610206403
3560542704,boundary_aware,mild,0.01917268335633092,0.04175309108609648,0.9825,0.0,0.605,191.53192589547803
3560542704,sharpness_aware,mild,0.020763333290748837,0.04792362040425684,0.96,0.0,0.58,192.77952812979814
3560542704,robust_control_aware,mild,0.01833647023922374,0.03356715092575423,0.99,0.0,0.5975,189.05071546921457
3731969181,mse,mild,0.02147081952942644,0.046407586947041016,0.96,0.0,0.595,195.15306839912057
3731969181,noise_aware,mild,0.020640118537398788,0.0480095811045459,0.9575,0.0,0.6075,192.84921219730538
3731969181,boundary_aware,mild,0.01900188968405164,0.04177943545992994,0.98,0.0,0.62,191.59403588839984
3731969181,sharpness_aware,mild,0.022280041357821915,0.05034601801218818,0.9475,0.0,0.5925,192.84056508412374
3731969181,robust_control_aware,mild,0.018739346162673608,0.03386708162233864,0.9825,0.0,0.635,186.66316619497155
1211268588,mse,mild,0.021769080342663356,0.04382475392211502,0.9625,0.0,0.56,187.71204312794572
1211268588,noise_aware,mild,0.021009132770427888,0.04707821798101185,0.96,0.0,0.585,187.84348638127597
1211268588,boundary_aware,mild,0.0194462002997177,0.0419024470368997,0.9825,0.0,0.5925,181.62579499716776
1211268588,sharpness_aware,mild,0.02237583333050045,0.047646772667132395,0.96,0.0,0.6075,188.69915053311956
1211268588,robust_control_aware,mild,0.019354172022963367,0.03500087127025292,0.97,0.0,0.63,182.52820985432203
592709181,mse,mild,0.021437429615565193,0.04954130646669136,0.9525,0.0,0.59,193.63607728672298
592709181,noise_aware,mild,0.021696983511850752,0.05175184596662226,0.945,0.0,0.6275,195.64620804948956
592709181,boundary_aware,mild,0.019862653443670872,0.04232759253826656,0.97,0.0,0.61,192.4012480297251
592709181,sharpness_aware,mild,0.02309925268706489,0.05244524697494386,0.94,0.0,0.5525,194.5607477414755
592709181,robust_control_aware,mild,0.019426814072638444,0.03470117203434174,0.9775,0.0,0.6125,187.5697064152608
1007944539,mse,mild,0.021376073709350258,0.04872706646294226,0.9525,0.0,0.5675,198.6308554642032
1007944539,noise_aware,mild,0.020987038271654313,0.047194667202207864,0.96,0.0,0.5975,199.71126102182245
1007944539,boundary_aware,mild,0.0200182669939077,0.04344721891009146,0.9675,0.0,0.6075,195.07131811091952
1007944539,sharpness_aware,mild,0.0229021864196256,0.05238694071617783,0.935,0.0,0.5425,198.94783700951223
1007944539,robust_control_aware,mild,0.018830489475989864,0.032861011850749536,0.9775,0.0,0.6125,190.9250563779047
2619667409,mse,mild,0.021046459368394735,0.045333911144817995,0.9675,0.0,0.615,193.56812943630956
2619667409,noise_aware,mild,0.021369687242897388,0.049984802310312375,0.95,0.0,0.615,194.96677601182625
2619667409,boundary_aware,mild,0.02032155953342567,0.04596067648817153,0.97,0.0,0.59,193.67291083023412
2619667409,sharpness_aware,mild,0.022982884738337227,0.05375619074027375,0.935,0.0,0.595,196.6042515015468
2619667409,robust_control_aware,mild,0.01928694019707554,0.034314373454922255,0.9775,0.0,0.625,188.38083265425865
1380973866,mse,mild,0.019810593965031976,0.044214453277502216,0.9725,0.0,0.5975,197.71668042092162
1380973866,noise_aware,mild,0.02001466428744883,0.044328411129827834,0.9775,0.0,0.5975,195.93439546794957
1380973866,boundary_aware,mild,0.018982259185600463,0.04261257197882286,0.9825,0.0,0.5875,195.31270262140976
1380973866,sharpness_aware,mild,0.021244417261104816,0.04454738528076924,0.97,0.0,0.57,197.21787677469294
1380973866,robust_control_aware,mild,0.0183190369336668,0.03244579823001608,0.99,0.0,0.5975,193.17681594153254
2991984838,mse,mild,0.021427529525313266,0.046151307321621184,0.96,0.0,0.59,193.38761558831254
2991984838,noise_aware,mild,0.020904059232874608,0.04823043290012719,0.955,0.0,0.6275,191.60903600548681
2991984838,boundary_aware,mild,0.019764968644793723,0.041616226360682816,0.9775,0.0,0.625,189.80265098047715
2991984838,sharpness_aware,mild,0.022747666990700532,0.046581663273782305,0.9625,0.0,0.5325,192.66561763527864
2991984838,robust_control_aware,mild,0.018631057347078536,0.033100439224745135,0.9875,0.0,0.65,186.7565417411524
3888342105,mse,mild,0.02066182155435167,0.04595740186840416,0.955,0.0,0.6,198.63283722533922
3888342105,noise_aware,mild,0.019846613650864552,0.044991864665841264,0.965,0.0,0.605,197.99129160270593
3888342105,boundary_aware,mild,0.018780578653070333,0.039793488727934985,0.975,0.0,0.6225,194.85750048652483
3888342105,sharpness_aware,mild,0.021895836050564596,0.0491050521718701,0.9525,0.0,0.5625,197.27611321769132
3888342105,robust_control_aware,mild,0.018086293472961253,0.032620698196980526,0.9925,0.0,0.64,192.74145423392622
961152600,mse,mild,0.02108841226119562,0.050449696251553336,0.9475,0.0,0.57,196.03696485728773
961152600,noise_aware,mild,0.020457411965410902,0.04888554155705914,0.955,0.0,0.62,192.91968632117653
961152600,boundary_aware,mild,0.02018779046669532,0.046184487006033684,0.965,0.0,0.5975,194.67904175137807
961152600,sharpness_aware,mild,0.022849286301162054,0.05006627014844579,0.9475,0.0,0.555,195.72796700116803
961152600,robust_control_aware,mild,0.017925473080236985,0.03260482242951306,0.9875,0.0,0.6325,190.41342902496234
1122170712,mse,mild,0.02086112177344095,0.04396870559999756,0.975,0.0,0.5625,195.87431446665346
1122170712,noise_aware,mild,0.02030350795631205,0.047539692871569575,0.96,0.0,0.615,197.3248690322887
1122170712,boundary_aware,mild,0.01996158592402981,0.048508503983745586,0.9625,0.0,0.6025,194.58025517862364
1122170712,sharpness_aware,mild,0.021443511711964406,0.04886889152581294,0.9525,0.0,0.5675,195.94142123033322
1122170712,robust_control_aware,mild,0.017761201966732417,0.034325812393484784,0.99,0.0,0.625,189.54148742331608
869103479,mse,mild,0.01996039580996033,0.04385674696097308,0.97,0.0,0.59,199.59678395162413
869103479,noise_aware,mild,0.019699912265263454,0.04451036627013446,0.9625,0.0,0.61,198.21349835984697
869103479,boundary_aware,mild,0.019147166460496003,0.04053924470635186,0.9825,0.0,0.5875,194.71841385074296
869103479,sharpness_aware,mild,0.021574527740784874,0.047603922075071546,0.955,0.0,0.595,199.98264400738344
869103479,robust_control_aware,mild,0.017778966065054257,0.031207958640467687,0.985,0.0,0.6375,191.26906672918827
3388555971,mse,mild,0.02049266260478315,0.04878026494735571,0.9525,0.0,0.62,192.27387765162837
3388555971,noise_aware,mild,0.020814803145567478,0.04919616477279972,0.95,0.0,0.5775,193.5704666439575
3388555971,boundary_aware,mild,0.019711078468302647,0.04489194396151047,0.965,0.0,0.5875,192.15677220455268
3388555971,sharpness_aware,mild,0.021750303216463384,0.04608629749732883,0.9625,0.0,0.57,188.94100142287147
3388555971,robust_control_aware,mild,0.019128131508332053,0.036170605898363704,0.965,0.0,0.67,186.63060165856882
665427334,mse,mild,0.021583727520226567,0.04896917812154017,0.9575,0.0,0.605,195.22283779338125
665427334,noise_aware,mild,0.02163342597848291,0.05258563471582716,0.945,0.0,0.595,195.5982680672572
665427334,boundary_aware,mild,0.020581321136911867,0.04784022438013711,0.955,0.0,0.6175,194.51476477376502
665427334,sharpness_aware,mild,0.02294943852833432,0.05432575683212601,0.93,0.0,0.565,196.61345422365622
665427334,robust_control_aware,mild,0.01961276008596786,0.035357967770123865,0.9775,0.0,0.63,189.6336327477594
3359940053,mse,mild,0.020342942163794956,0.043019663021533656,0.9775,0.0,0.6225,200.05804945087644
3359940053,noise_aware,mild,0.019523317133953208,0.04237692858728588,0.9775,0.0,0.6175,198.43283182060105
3359940053,boundary_aware,mild,0.019512852829664456,0.04450344401317486,0.9675,0.0,0.5875,197.76375863486865
3359940053,sharpness_aware,mild,0.021691628267635786,0.04581123769475767,0.9525,0.0,0.5725,198.54196760790083
3359940053,robust_control_aware,mild,0.018615522482664928,0.03339486990568746,0.99,0.0,0.59,193.5335590800912
3768241039,mse,mild,0.021713504836001457,0.053514345699809375,0.94,0.0,0.6425,188.96893409376094
3768241039,noise_aware,mild,0.0218049064340568,0.05129614075094796,0.94,0.0,0.6475,190.2061388558214
3768241039,boundary_aware,mild,0.020596308038272285,0.04786507204017139,0.9525,0.0,0.5825,186.1065828225737
3768241039,sharpness_aware,mild,0.023949936877699994,0.052015862270019295,0.9425,0.0,0.59,190.78778281992768
3768241039,robust_control_aware,mild,0.01932524924338956,0.037233825608209446,0.9675,0.0,0.5875,182.00520770788125
615465185,mse,mild,0.020562569136832874,0.04987425261582881,0.95,0.0,0.6025,196.63117706377864
615465185,noise_aware,mild,0.02139426766576233,0.05511593108129158,0.94,0.0,0.61,197.05481942973483
615465185,boundary_aware,mild,0.01966811714034655,0.04277402201402687,0.97,0.0,0.59,196.65733797265608
615465185,sharpness_aware,mild,0.02185460618624921,0.052176945803106084,0.94,0.0,0.6025,196.5830257647206
615465185,robust_control_aware,mild,0.017740322287574137,0.032793356637520935,0.9825,0.0,0.69,190.61813285496822
4062591317,mse,mild,0.02070458666831164,0.04916466808424004,0.955,0.0,0.605,199.26407368462054
4062591317,noise_aware,mild,0.01986466588331891,0.04779666693009977,0.97,0.0,0.62,198.6557885970468
4062591317,boundary_aware,mild,0.01968667960486947,0.044148862090949176,0.97,0.0,0.575,194.64976799382026
4062591317,sharpness_aware,mild,0.02308173113089458,0.04961115388549529,0.9525,0.0,0.5625,198.3760748117088
4062591317,robust_control_aware,mild,0.018538650964283386,0.03298875664781008,0.99,0.0,0.615,191.62243686111447
2237893018,mse,mild,0.021556753709534943,0.04972042919748907,0.95,0.0,0.62,187.0231227042989
2237893018,noise_aware,mild,0.0215019598449059,0.04815960171892955,0.9525,0.0,0.63,189.22132618431488
2237893018,boundary_aware,mild,0.020198403748456446,0.04607195939913873,0.96,0.0,0.635,184.31836165762354
2237893018,sharpness_aware,mild,0.022832976148111993,0.05058943335432402,0.9475,0.0,0.5975,187.56878996640287
2237893018,robust_control_aware,mild,0.019861474404706644,0.03619124868838806,0.9675,0.0,0.6475,185.31624585620452
3266084952,mse,mild,0.02190824245944464,0.05016788691766095,0.9475,0.0,0.555,194.15551992900618
3266084952,noise_aware,mild,0.021385544333577877,0.04818494534532625,0.96,0.0,0.5975,194.09352572966213
3266084952,boundary_aware,mild,0.02049438416048859,0.04500986108204185,0.9675,0.0,0.5975,192.90983969297173
3266084952,sharpness_aware,mild,0.02389297845064585,0.052517021202396756,0.9425,0.0,0.57,194.06390373950313
3266084952,robust_control_aware,mild,0.01919443619005413,0.03439527557271367,0.9825,0.0,0.6575,188.18599128580303
1411004866,mse,mild,0.019974851071304964,0.04342813618287311,0.9825,0.0,0.5825,197.76115899309733
1411004866,noise_aware,mild,0.02052283503473753,0.043823491510971736,0.965,0.0,0.6125,197.79318655392296
1411004866,boundary_aware,mild,0.020085318235539436,0.04341090835814894,0.975,0.0,0.6175,195.46249511628278
1411004866,sharpness_aware,mild,0.021204187956490136,0.04640863616720832,0.965,0.0,0.6,195.41895975514456
1411004866,robust_control_aware,mild,0.018510465673080078,0.033871048621110095,0.9775,0.0,0.595,191.97760419748136
720401177,mse,mild,0.02071506094238946,0.049868071471770054,0.95,0.0,0.6,193.77404815633048
720401177,noise_aware,mild,0.02039148480183143,0.04937466498270487,0.9525,0.0,0.595,193.34317832135903
720401177,boundary_aware,mild,0.02000086874759196,0.046586289609230065,0.955,0.0,0.635,192.31475674583544
720401177,sharpness_aware,mild,0.022055765562460136,0.051011775123766784,0.9425,0.0,0.5775,193.23525406196617
720401177,robust_control_aware,mild,0.017761789359624473,0.03191877675699454,0.9875,0.0,0.625,187.36009012409795
842612503,mse,mild,0.02169590610434107,0.05002316356113869,0.9475,0.0,0.58,189.70786998533524
842612503,noise_aware,mild,0.021554580377997797,0.05052699882659851,0.9475,0.0,0.6075,188.9625023234985
842612503,boundary_aware,mild,0.021019583046425826,0.050589325816500115,0.9475,0.0,0.6175,186.82782695012926
842612503,sharpness_aware,mild,0.022154898576235347,0.05004242488774242,0.9475,0.0,0.5475,187.6894092102626
842612503,robust_control_aware,mild,0.018601730722612005,0.03422969561730923,0.9775,0.0,0.615,182.12973120463755
333431731,mse,mild,0.02208894373676884,0.055781136521744885,0.9375,0.0,0.58,189.0598240223009
333431731,noise_aware,mild,0.022124301206842514,0.055717145037582266,0.9375,0.0,0.61,187.87503348354653
333431731,boundary_aware,mild,0.02092288198364474,0.050316625033595304,0.9475,0.0,0.6025,188.45548714662678
333431731,sharpness_aware,mild,0.023447989777863613,0.05668692079838427,0.93,0.0,0.5825,188.23581973675797
333431731,robust_control_aware,mild,0.018812897919893535,0.03827038464147691,0.9725,0.0,0.63,181.63472519203714
1545097157,mse,mild,0.022337378027781303,0.05010676665513092,0.945,0.0,0.5825,198.87173951180577
1545097157,noise_aware,mild,0.02163880971110445,0.04966133124223241,0.95,0.0,0.6475,198.5425141628885
1545097157,boundary_aware,mild,0.020258962557935883,0.046336478476134174,0.9625,0.0,0.6175,195.21099315432645
1545097157,sharpness_aware,mild,0.022385407953803747,0.05099646533209096,0.945,0.0,0.575,199.1969526408381
1545097157,robust_control_aware,mild,0.018051009850508483,0.03325111552190716,0.985,0.0,0.595,191.39137857716105
1736380347,mse,mild,0.020490612102745907,0.0445895932689112,0.97,0.0,0.5625,199.41977229331582
1736380347,noise_aware,mild,0.020491227703793094,0.045793317808527585,0.9625,0.0,0.5725,198.59540434879926
1736380347,boundary_aware,mild,0.020016321663797507,0.04338920066705427,0.9725,0.0,0.5775,196.2325586577225
1736380347,sharpness_aware,mild,0.02185353341619365,0.04888134878437037,0.9525,0.0,0.57,198.4065723551457
1736380347,robust_control_aware,mild,0.017551280438922217,0.03285408567721186,0.99,0.0,0.67,192.96017379576176
1586847244,mse,mild,0.020270594856658705,0.047743186920313686,0.9525,0.0,0.6025,195.1746012168648
1586847244,noise_aware,mild,0.020763125561601287,0.04979568970673374,0.95,0.0,0.565,197.00824445182212
1586847244,boundary_aware,mild,0.020671508277673868,0.04943592259594458,0.9525,0.0,0.61,197.78223415015134
1586847244,sharpness_aware,mild,0.022334647990188073,0.051250582524045976,0.945,0.0,0.59,197.08786384528184
1586847244,robust_control_aware,mild,0.017768686512185976,0.03207615855601762,0.9875,0.0,0.6475,191.95568466427716
1355937599,mse,mild,0.020502515292126343,0.043728942389226436,0.9625,0.0,0.6075,193.09039531963344
1355937599,noise_aware,mild,0.020214708423749003,0.04495065933993455,0.97,0.0,0.625,191.8084612745033
1355937599,boundary_aware,mild,0.02017844706102846,0.04499034218432877,0.965,0.0,0.585,192.26550828164437
1355937599,sharpness_aware,mild,0.023121925106565796,0.04878007057127748,0.9525,0.0,0.6075,194.176742282035
1355937599,robust_control_aware,mild,0.018166817607190203,0.03343514159641221,0.9825,0.0,0.6275,186.24107040924036
4003953246,mse,mild,0.01954343527957144,0.045743856716008516,0.9725,0.0,0.615,196.82057525438506
4003953246,noise_aware,mild,0.018882216821163377,0.04421757453931756,0.9625,0.0,0.6225,196.05880510515289
4003953246,boundary_aware,mild,0.018796547837188222,0.042241399892250404,0.9675,0.0,0.6275,196.20723033353335
4003953246,sharpness_aware,mild,0.021327696790955607,0.04614757262609777,0.9675,0.0,0.5875,198.62266932515635
4003953246,robust_control_aware,mild,0.017901990053676153,0.032752074176017,0.9875,0.0,0.62,194.38941606878913
2574173112,mse,mild,0.020298002892926933,0.04489996647443784,0.98,0.0,0.6125,188.27671252770472
2574173112,noise_aware,mild,0.019792065295396212,0.04673008351433505,0.9675,0.0,0.6175,189.20703687280155
2574173112,boundary_aware,mild,0.019038976080677564,0.04307656867712568,0.96,0.0,0.6025,189.53231063907248
2574173112,sharpness_aware,mild,0.021575590878118847,0.04553219808590936,0.9625,0.0,0.575,190.80117300656013
2574173112,robust_control_aware,mild,0.01832716787337376,0.03500613631432183,0.9825,0.0,0.6525,184.30152302620868
663250219,mse,mild,0.023171377525884364,0.05422086090770091,0.9275,0.0,0.6075,188.32731495005189
663250219,noise_aware,mild,0.023542111889849674,0.057873206396163356,0.92,0.0,0.6075,184.81967621959097
663250219,boundary_aware,mild,0.02176224806379712,0.05085723572876251,0.945,0.0,0.6175,185.16425501756535
663250219,sharpness_aware,mild,0.02433911041720548,0.05679862455487596,0.925,0.0,0.5775,186.19563262760965
663250219,robust_control_aware,mild,0.019936957557381403,0.038619687284246265,0.975,0.0,0.6575,179.38372985068156
1981101797,mse,mild,0.020240658621176206,0.044037736031003825,0.965,0.0,0.6125,196.3283366406118
1981101797,noise_aware,mild,0.020668971784615114,0.047912081653129004,0.9625,0.0,0.5725,196.70513680333272
1981101797,boundary_aware,mild,0.020073878021247417,0.0445765609649289,0.9575,0.0,0.6,194.8873809759175
1981101797,sharpness_aware,mild,0.021844353942799804,0.04662549380969209,0.9575,0.0,0.5575,197.9711559251599
1981101797,robust_control_aware,mild,0.018632903995140802,0.033619141831116243,0.9875,0.0,0.58,190.3150508709091
1848209715,mse,mild,0.021111821830400803,0.0448393507577941,0.9625,0.0,0.5575,192.05369443201369
1848209715,noise_aware,mild,0.02058368733545814,0.04604562432220891,0.9675,0.0,0.57,191.47661190440326
1848209715,boundary_aware,mild,0.02037403305945093,0.046208613220050807,0.9625,0.0,0.58,191.62105596511483
1848209715,sharpness_aware,mild,0.02291694614281707,0.0525214776755244,0.9375,0.0,0.53,194.11827397545247
1848209715,robust_control_aware,mild,0.018930378528935084,0.03413827475386517,0.9875,0.0,0.575,187.64441616066568
4012012906,mse,mild,0.02108520908100055,0.04526149661377848,0.965,0.0,0.6025,191.5471699286981
4012012906,noise_aware,mild,0.020930495264581957,0.04732453176578923,0.955,0.0,0.6,191.79087942528417
4012012906,boundary_aware,mild,0.019800579177450997,0.04353301429964057,0.9725,0.0,0.6425,189.99854960706733
4012012906,sharpness_aware,mild,0.02145857402503849,0.04608100335571141,0.97,0.0,0.59,193.46007050999856
4012012906,robust_control_aware,mild,0.018667715062447833,0.032898292870597666,0.98,0.0,0.635,188.1554512648254
2066889296,mse,mild,0.02071793433932414,0.047515394593740004,0.96,0.0,0.6475,189.24870091126377
2066889296,noise_aware,mild,0.02064818384855995,0.04797415714643156,0.96,0.0,0.6125,189.36486959106207
2066889296,boundary_aware,mild,0.02056978964620039,0.04578717643732478,0.9575,0.0,0.6375,185.09548159315852
2066889296,sharpness_aware,mild,0.02276929213019428,0.05155709293699755,0.945,0.0,0.6075,188.38908180551783
2066889296,robust_control_aware,mild,0.02015782647561263,0.03512492714260995,0.965,0.0,0.6325,182.3705119062232
2839013476,mse,mild,0.021745217446559037,0.04982247458477086,0.95,0.0,0.5925,198.21702397010262
2839013476,noise_aware,mild,0.020267615477578726,0.045997420981876855,0.9725,0.0,0.6025,195.45523925156877
2839013476,boundary_aware,mild,0.019916825547410526,0.04598543759951505,0.965,0.0,0.5925,194.89097777374133
2839013476,sharpness_aware,mild,0.022253645293817802,0.04838072383875609,0.9625,0.0,0.5475,196.2026345047741
2839013476,robust_control_aware,mild,0.018675196224492933,0.03685137341993629,0.98,0.0,0.63,188.67988529126433
4045268861,mse,mild,0.02095480868138982,0.04358066195305223,0.9725,0.0,0.615,192.51630901746853
4045268861,noise_aware,mild,0.021390237636764543,0.046238863236398524,0.9525,0.0,0.6025,192.43964446238812
4045268861,boundary_aware,mild,0.020401942580470723,0.04566709625112488,0.9625,0.0,0.64,192.2601308828414
4045268861,sharpness_aware,mild,0.02315363787773239,0.05067334809474729,0.945,0.0,0.5975,192.53088105044606
4045268861,robust_control_aware,mild,0.01882093256173618,0.03518807548934011,0.9875,0.0,0.645,189.83206166084616
4008157811,mse,mild,0.021465192000200473,0.04737498755388813,0.955,0.0,0.6025,194.34566423957673
4008157811,noise_aware,mild,0.019979244221726433,0.04789183583565967,0.9625,0.0,0.625,196.042271379439
4008157811,boundary_aware,mild,0.019046540473584287,0.04150855922198781,0.975,0.0,0.6175,191.90889175597252
4008157811,sharpness_aware,mild,0.02206963338741597,0.0462875215764138,0.9625,0.0,0.5925,195.37780715617652
4008157811,robust_control_aware,mild,0.019051667943457945,0.03477537044875012,0.98,0.0,0.65,191.25987470102683
2637445221,mse,mild,0.022042718317572693,0.046261468412617635,0.9625,0.0,0.585,200.49802496692251
2637445221,noise_aware,mild,0.021570005849785932,0.05144760667203899,0.9425,0.0,0.62,196.86964908863246
2637445221,boundary_aware,mild,0.020131443458319426,0.044080089534484244,0.9625,0.0,0.57,196.6948464343909
2637445221,sharpness_aware,mild,0.021917763081100675,0.048981387648470716,0.96,0.0,0.56,194.857050129312
2637445221,robust_control_aware,mild,0.018471124332436795,0.033168876267061165,0.9775,0.0,0.6525,191.15840526788884
1688535857,mse,mild,0.020406246758075168,0.045897094291014795,0.9625,0.0,0.625,197.76807924033952
1688535857,noise_aware,mild,0.020738891221599203,0.046375711409766075,0.9575,0.0,0.59,199.25375426301224
1688535857,boundary_aware,mild,0.018971052984546367,0.042314390950561255,0.9775,0.0,0.615,195.7983927536745
1688535857,sharpness_aware,mild,0.02168501892532894,0.04942158554185823,0.9525,0.0,0.595,197.1528274855701
1688535857,robust_control_aware,mild,0.01762336635911852,0.032023580520145055,0.9875,0.0,0.625,192.26939255873873
839215811,mse,mild,0.01975858399139978,0.04533667026356296,0.97,0.0,0.6125,195.94632969791957
839215811,noise_aware,mild,0.01976825234393939,0.044000071602119904,0.9675,0.0,0.64,195.2602018474626
839215811,boundary_aware,mild,0.019424527364187136,0.0449772985640574,0.9725,0.0,0.625,192.62275332352567
839215811,sharpness_aware,mild,0.02241663928795891,0.04837324595048556,0.955,0.0,0.57,196.40698662708087
839215811,robust_control_aware,mild,0.018601943981475907,0.03242114457916066,0.9875,0.0,0.62,189.27548458893187
1500849119,mse,mild,0.021474757926174398,0.04779707144527282,0.955,0.0,0.62,195.14940281637223
1500849119,noise_aware,mild,0.020951296244146995,0.04918892047105267,0.95,0.0,0.605,196.04254962901743
1500849119,boundary_aware,mild,0.020217638834388606,0.04829490100228926,0.96,0.0,0.59,194.4728029621593
1500849119,sharpness_aware,mild,0.023680621299506807,0.05359165894103344,0.935,0.0,0.5625,196.7026455144731
1500849119,robust_control_aware,mild,0.0191616445011099,0.03637170588749795,0.98,0.0,0.62,189.60459828942464
3668171989,mse,mild,0.020115737376377552,0.04475743000045207,0.9625,0.0,0.5525,200.1234850168928
3668171989,noise_aware,mild,0.019359865786710652,0.04414807128903286,0.96,0.0,0.5975,199.4811389733202
3668171989,boundary_aware,mild,0.01875374440411215,0.04124499744160909,0.98,0.0,0.5875,199.23192394210272
3668171989,sharpness_aware,mild,0.021546095631301963,0.048128496685457475,0.9575,0.0,0.5725,202.12570350482883
3668171989,robust_control_aware,mild,0.01810826874716108,0.03355236033845812,0.9875,0.0,0.6125,195.97443607476293
1828316838,mse,mild,0.022523709920330943,0.050106301515429524,0.9475,0.0,0.575,194.63900700122602
1828316838,noise_aware,mild,0.02213572463402028,0.04960380319501744,0.95,0.0,0.6025,194.28750814010118
1828316838,boundary_aware,mild,0.02084966246195349,0.04674656744687052,0.9525,0.0,0.5675,190.6891773710662
1828316838,sharpness_aware,mild,0.02354067942568378,0.05112118485606275,0.94,0.0,0.5425,194.9453394142849
1828316838,robust_control_aware,mild,0.01929595636658855,0.03875598446048451,0.975,0.0,0.65,189.01921453004277
677763140,mse,mild,0.020119565574474817,0.046619052742080815,0.9625,0.0,0.59,196.03275203902137
677763140,noise_aware,mild,0.020797645023896593,0.045208002343034986,0.965,0.0,0.5675,196.01844127911704
677763140,boundary_aware,mild,0.020456355555855222,0.043685197271494315,0.9625,0.0,0.5975,194.11015085228195
677763140,sharpness_aware,mild,0.02108997719057567,0.04565724202237534,0.9675,0.0,0.6,195.12824113828924
677763140,robust_control_aware,mild,0.018205300999419374,0.03408125551060083,0.985,0.0,0.6325,193.13465020803815
1119181405,mse,mild,0.019957939049757414,0.043804375395423235,0.965,0.0,0.6,195.09780105784102
1119181405,noise_aware,mild,0.01968896110269785,0.04380488772989577,0.97,0.0,0.59,192.76691877189785
1119181405,boundary_aware,mild,0.01862013611934289,0.03887884614618659,0.99,0.0,0.6025,192.68633599299858
1119181405,sharpness_aware,mild,0.020683348380642147,0.04216028965624845,0.9725,0.0,0.615,194.23040243338045
1119181405,robust_control_aware,mild,0.017737113393202067,0.03314906607587251,0.99,0.0,0.6375,191.49532148899004
2169860784,mse,mild,0.021794732081979133,0.04605553251286336,0.96,0.0,0.59,202.5937646557229
2169860784,noise_aware,mild,0.02113760242063665,0.045028167259908804,0.97,0.0,0.61,201.1860461814511
2169860784,boundary_aware,mild,0.019304250259421306,0.040699908049638724,0.98,0.0,0.5975,199.53432124001273
2169860784,sharpness_aware,mild,0.021739012910370968,0.0455224621947466,0.9775,0.0,0.5575,201.14784368071224
2169860784,robust_control_aware,mild,0.018098891852966374,0.031963290749017124,0.995,0.0,0.61,194.2051376584759
3112238724,mse,mild,0.019935499849298256,0.04109010585840022,0.975,0.0,0.6,197.81136997455098
3112238724,noise_aware,mild,0.020084923222663868,0.04269660838319276,0.975,0.0,0.625,197.63984745486815
3112238724,boundary_aware,mild,0.01930739629133169,0.04357842053560868,0.9675,0.0,0.63,196.09596740884456
3112238724,sharpness_aware,mild,0.02188817832204358,0.046358855199730806,0.965,0.0,0.565,201.0950332494421
3112238724,robust_control_aware,mild,0.017994773422722127,0.033475466320516775,0.985,0.0,0.625,189.4948706725952
4293715631,mse,mild,0.021750728801359528,0.050226438149539164,0.9425,0.0,0.5925,191.652085233049
4293715631,noise_aware,mild,0.020658827905390073,0.04661340126577695,0.96,0.0,0.595,189.48129425706233
4293715631,boundary_aware,mild,0.020421166630991926,0.046577109716788155,0.9575,0.0,0.615,192.4801739457774
4293715631,sharpness_aware,mild,0.02103215275852164,0.045014681430801735,0.965,0.0,0.57,191.68697393529956
4293715631,robust_control_aware,mild,0.019007278240865587,0.03334753848049208,0.9825,0.0,0.6375,182.6052749191498
3909568483,mse,mild,0.02194983535597654,0.051824399414266385,0.9475,0.0,0.5925,194.28898738697328
3909568483,noise_aware,mild,0.022098576783205988,0.047254774863974315,0.9625,0.0,0.555,193.71055821364746
3909568483,boundary_aware,mild,0.0197131858516753,0.04524510758467699,0.97,0.0,0.56,188.58997324733159
3909568483,sharpness_aware,mild,0.0215131009131228,0.04502413328637141,0.9725,0.0,0.5775,190.19773789597627
3909568483,robust_control_aware,mild,0.019065845791007806,0.03841625683922533,0.975,0.0,0.635,188.4731345903461
1398012131,mse,mild,0.021528872812031894,0.049472357202148966,0.95,0.0,0.5475,194.67726068612163
1398012131,noise_aware,mild,0.02101187733166208,0.04807321219584637,0.9575,0.0,0.59,196.20363344885106
1398012131,boundary_aware,mild,0.019546725896359248,0.042582543266595066,0.97,0.0,0.6025,195.1781686343774
1398012131,sharpness_aware,mild,0.022631543267879792,0.048611933322514095,0.955,0.0,0.58,195.15707425018599
1398012131,robust_control_aware,mild,0.0183752484986633,0.03370368286125539,0.985,0.0,0.6575,189.33522547217606
1876994406,mse,mild,0.019991532744338528,0.04500434487494865,0.965,0.0,0.59,198.01260738700893
1876994406,noise_aware,mild,0.02023005088241822,0.0475477191758253,0.95,0.0,0.6025,198.51668209366693
1876994406,boundary_aware,mild,0.020709058653408118,0.04959936421580015,0.95,0.0,0.615,198.30795581483645
1876994406,sharpness_aware,mild,0.020965546802785305,0.045164620451880154,0.965,0.0,0.5775,200.28183521165303
1876994406,robust_control_aware,mild,0.017800749762365516,0.032518888024651735,0.9875,0.0,0.6525,190.15587997102207
2615751316,mse,mild,0.02137249583427309,0.049100445056458934,0.95,0.0,0.5775,200.41238963581762
2615751316,noise_aware,mild,0.020919403463392734,0.04753346461819212,0.965,0.0,0.58,199.88366924355546
2615751316,boundary_aware,mild,0.020149479603555846,0.04714125789052442,0.9575,0.0,0.5925,196.69370076447
2615751316,sharpness_aware,mild,0.02293312045972311,0.05166196384916602,0.945,0.0,0.5575,200.47562885997615
2615751316,robust_control_aware,mild,0.01835552210576378,0.033889042337782824,0.9825,0.0,0.6325,193.31759890722313
324655747,mse,mild,0.02064274147432026,0.045333295105797554,0.9625,0.0,0.6125,189.98341830305037
324655747,noise_aware,mild,0.0215927731873619,0.05024757681610312,0.945,0.0,0.5875,194.6381333957214
324655747,boundary_aware,mild,0.020869980536034262,0.048429844614400905,0.96,0.0,0.5725,191.1012761035247
324655747,sharpness_aware,mild,0.02315101932080938,0.05275252459309756,0.9425,0.0,0.5475,194.03822604120396
324655747,robust_control_aware,mild,0.018456217850054094,0.0344087798666959,0.98,0.0,0.665,185.77292461806394
1231104955,mse,mild,0.0212188972028107,0.04712951987025892,0.96,0.0,0.585,192.96945699502416
1231104955,noise_aware,mild,0.0211766791998516,0.0475717749137024,0.95,0.0,0.5875,193.53032966998927
1231104955,boundary_aware,mild,0.019041845403034725,0.0454087835582207,0.97,0.0,0.625,189.88365426907544
1231104955,sharpness_aware,mild,0.020995664421759944,0.0438454427329447,0.9675,0.0,0.59,193.12995971917553
1231104955,robust_control_aware,mild,0.01834011247003019,0.03343027789821953,0.9825,0.0,0.64,186.10757542901965
744356947,mse,mild,0.02122728083944322,0.04764196265089249,0.9625,0.0,0.565,197.00198323741222
744356947,noise_aware,mild,0.020612718684813628,0.0434070881104447,0.9725,0.0,0.5925,197.44715195374488
744356947,boundary_aware,mild,0.01888292338746553,0.042167895281384614,0.98,0.0,0.6275,195.03005260929382
744356947,sharpness_aware,mild,0.02281798111256131,0.049552972267823236,0.9525,0.0,0.585,198.07522448203142
744356947,robust_control_aware,mild,0.01843214325692027,0.03348970607574971,0.99,0.0,0.6175,192.79960740783883
3519479534,mse,mild,0.019532576148427645,0.04385243575269243,0.975,0.0,0.5875,198.9485340228008
3519479534,noise_aware,mild,0.02027458598455336,0.04329431110999771,0.97,0.0,0.5975,199.0630941839105
3519479534,boundary_aware,mild,0.020465756890090513,0.04542811958097096,0.9675,0.0,0.5675,199.62970014296855
3519479534,sharpness_aware,mild,0.021518930336609322,0.04541948651875885,0.965,0.0,0.5725,200.94986716259788
3519479534,robust_control_aware,mild,0.01783828131193038,0.03148853023179223,0.99,0.0,0.6475,195.05947457904108
4195001948,mse,mild,0.02003723562585684,0.04348206585893429,0.98,0.0,0.5725,201.99753146124786
4195001948,noise_aware,mild,0.019914307654633753,0.04438106741149199,0.9675,0.0,0.61,205.1966063160587
4195001948,boundary_aware,mild,0.018534062687639755,0.039516055120068214,0.985,0.0,0.6225,200.6418231278117
4195001948,sharpness_aware,mild,0.02162663088833592,0.04634430026796074,0.9625,0.0,0.5525,203.81983916942505
4195001948,robust_control_aware,mild,0.01789466069488066,0.032025646009919084,0.995,0.0,0.6375,198.74207762799227
3252170343,mse,mild,0.0209226289106348,0.047471508747915135,0.96,0.0,0.6225,189.05379109802243
3252170343,noise_aware,mild,0.021417365184912683,0.04904645838800573,0.9525,0.0,0.6025,192.15233087605463
3252170343,boundary_aware,mild,0.01989190054525174,0.04765864659775922,0.96,0.0,0.58,189.6949209089758
3252170343,sharpness_aware,mild,0.023423271679526746,0.0514589127065648,0.9425,0.0,0.565,193.21065187424716
3252170343,robust_control_aware,mild,0.019779208549402738,0.036609639800508596,0.975,0.0,0.6325,185.28420563246527
4243111108,mse,mild,0.021280213031993754,0.04636336471558388,0.965,0.0,0.6075,191.52425885382615
4243111108,noise_aware,mild,0.02113783989432527,0.04910797410823251,0.955,0.0,0.6225,195.21913748924294
4243111108,boundary_aware,mild,0.02028197732339681,0.047278616218484705,0.9625,0.0,0.6,192.0100016504872
4243111108,sharpness_aware,mild,0.02265483215440582,0.048409623224797575,0.955,0.0,0.58,192.27858980008514
4243111108,robust_control_aware,mild,0.018428708215208863,0.03435240577437976,0.9775,0.0,0.635,189.37583818647482
2445008977,mse,mild,0.019873918697562457,0.042618549631013185,0.985,0.0,0.6125,199.45673129426442
2445008977,noise_aware,mild,0.019573859382268115,0.04257353611124607,0.9775,0.0,0.5925,198.52157604498734
2445008977,boundary_aware,mild,0.017889872895470952,0.03728955004816652,0.9875,0.0,0.5975,193.80720074272008
2445008977,sharpness_aware,mild,0.021181563103397735,0.04500402819247106,0.975,0.0,0.5675,199.8474281361967
2445008977,robust_control_aware,mild,0.01719830672676814,0.03143993013359307,0.995,0.0,0.625,192.88274338278572
903398518,mse,mild,0.02182610737195846,0.0519579773957667,0.9325,0.0,0.6075,196.7821976058919
903398518,noise_aware,mild,0.020396116200957028,0.04432679163008267,0.9675,0.0,0.5675,197.4073317912798
903398518,boundary_aware,mild,0.02084007589780822,0.04737912700951533,0.965,0.0,0.55,198.2050039553008
903398518,sharpness_aware,mild,0.021530566035797047,0.04817750705428951,0.9625,0.0,0.5925,196.93426666348492
903398518,robust_control_aware,mild,0.01848590438458837,0.034887726689922405,0.9875,0.0,0.6175,190.38300287807377
2014023660,mse,mild,0.02085764293753887,0.04747687218820019,0.9625,0.0,0.6025,193.62698930961065
2014023660,noise_aware,mild,0.020466267068984228,0.04692887092274119,0.9575,0.0,0.5575,193.18855637649122
2014023660,boundary_aware,mild,0.019283692616471327,0.045079391246202645,0.9675,0.0,0.5875,188.91209998512755
2014023660,sharpness_aware,mild,0.02182524908484348,0.04845143748302453,0.9525,0.0,0.5925,190.61741043069262
2014023660,robust_control_aware,mild,0.01856267367299931,0.03304443689971637,0.99,0.0,0.635,186.03139464468643
1691291392,mse,mild,0.02116627353035367,0.04395779035934619,0.9725,0.0,0.5775,198.97647283540434
1691291392,noise_aware,mild,0.021630134799589338,0.0537955416128329,0.9325,0.0,0.5875,200.4145930181802
1691291392,boundary_aware,mild,0.01921734986876065,0.0441267512414134,0.9675,0.0,0.605,196.5589487374305
1691291392,sharpness_aware,mild,0.022922244556522635,0.05339880210685916,0.9425,0.0,0.5675,197.77628479541966
1691291392,robust_control_aware,mild,0.018910413540653256,0.03358378733335116,0.9875,0.0,0.635,194.5923165415125
3053498093,mse,mild,0.019447663605591674,0.04213404198908085,0.98,0.0,0.5975,195.8205163287473
3053498093,noise_aware,mild,0.019460489635394103,0.04115720668779556,0.98,0.0,0.6125,196.1345571522626
3053498093,boundary_aware,mild,0.018543369018573987,0.04015401103410232,0.9825,0.0,0.5675,192.5067797557349
3053498093,sharpness_aware,mild,0.020854136508156332,0.04656995784281453,0.9625,0.0,0.5575,195.54361390347373
3053498093,robust_control_aware,mild,0.018828103425633184,0.03451624934978183,0.9775,0.0,0.635,190.94835540507077
945374663,mse,mild,0.020225872020309836,0.04529823292676471,0.965,0.0,0.5875,194.78071708434425
945374663,noise_aware,mild,0.01956393308444314,0.042277891661702045,0.965,0.0,0.5975,194.14809942037877
945374663,boundary_aware,mild,0.0194544891864717,0.04399230908647159,0.965,0.0,0.6025,191.06626102068088
945374663,sharpness_aware,mild,0.02159992713473361,0.04892774900853051,0.9525,0.0,0.5875,195.24661421498337
945374663,robust_control_aware,mild,0.018098306303908424,0.03351089385119951,0.985,0.0,0.6725,187.65743258072484
56575796,mse,mild,0.02067769061807655,0.04760457486203745,0.9575,0.0,0.5725,191.76264328746507
56575796,noise_aware,mild,0.02104336359398974,0.04650535696164386,0.9625,0.0,0.5975,191.67555099100966
56575796,boundary_aware,mild,0.0194158010262286,0.04293534164626903,0.9725,0.0,0.605,190.36804873438265
56575796,sharpness_aware,mild,0.022236806976247685,0.05001036146216676,0.9475,0.0,0.5525,190.86023085025423
56575796,robust_control_aware,mild,0.018729978321331137,0.03491302871170658,0.975,0.0,0.63,186.96065128547002
761055821,mse,mild,0.02107896367187147,0.04581459842466586,0.96,0.0,0.585,196.6409941464908
761055821,noise_aware,mild,0.02055255299966918,0.04436536081947607,0.9725,0.0,0.58,194.8391820689784
761055821,boundary_aware,mild,0.019281374178460754,0.04501030956696215,0.97,0.0,0.5875,195.83922281044676
761055821,sharpness_aware,mild,0.0230467324868766,0.05128718914038641,0.9375,0.0,0.565,197.60885476452535
761055821,robust_control_aware,mild,0.0186289525837808,0.034291569258012175,0.9825,0.0,0.66,193.93044159119728
2053712420,mse,mild,0.019727646288822034,0.04510016176198382,0.965,0.0,0.635,196.83748747941388
2053712420,noise_aware,mild,0.01952401115233652,0.04344416102125567,0.97,0.0,0.6475,197.2979439650752
2053712420,boundary_aware,mild,0.018395832076722653,0.04331629484132935,0.98,0.0,0.605,196.6970437975689
2053712420,sharpness_aware,mild,0.021262235658625332,0.04639802774756442,0.96,0.0,0.5525,198.13336477711448
2053712420,robust_control_aware,mild,0.018051447344411286,0.03278646331576626,0.99,0.0,0.585,192.2959836005295
3330615544,mse,mild,0.020928184789557207,0.04459457904272028,0.97,0.0,0.5575,195.37751770653688
3330615544,noise_aware,mild,0.021244622215873962,0.04805618888062491,0.9625,0.0,0.5725,196.07442334182858
3330615544,boundary_aware,mild,0.020984891539287984,0.0471077770137376,0.955,0.0,0.63,193.34794058363127
3330615544,sharpness_aware,mild,0.022538704790154688,0.053133056173657496,0.945,0.0,0.6025,194.02952620961952
3330615544,robust_control_aware,mild,0.018858345201475633,0.034766598284631446,0.9775,0.0,0.6425,186.35703296235852
1988057494,mse,mild,0.02047820525540135,0.0448822678482948,0.96,0.0,0.6175,199.5051381171417
1988057494,noise_aware,mild,0.02087241919825552,0.04894512206950047,0.95,0.0,0.6,202.78452614196772
1988057494,boundary_aware,mild,0.01924644266723786,0.0423956695187307,0.975,0.0,0.5975,199.1913275564445
1988057494,sharpness_aware,mild,0.0215955333303484,0.04683255891513488,0.96,0.0,0.5675,200.2766801182026
1988057494,robust_control_aware,mild,0.01865133007952251,0.03434965642562557,0.98,0.0,0.6625,193.42840930963055
3738784048,mse,mild,0.021415701830189624,0.05321260287642019,0.9475,0.0,0.5925,193.12839725852967
3738784048,noise_aware,mild,0.020374872982989817,0.04575122713701652,0.96,0.0,0.6075,194.30212601146175
3738784048,boundary_aware,mild,0.01874916467338621,0.04180787606883357,0.9775,0.0,0.6325,192.83538448113399
3738784048,sharpness_aware,mild,0.02193660197686054,0.047516969336234297,0.9525,0.0,0.5675,195.6207557938181
3738784048,robust_control_aware,mild,0.018525581197815003,0.03285553633422068,0.9775,0.0,0.6275,188.2346905387211
2698257310,mse,mild,0.02049452487850274,0.045477916555818024,0.9725,0.0,0.5475,197.77670005502722
2698257310,noise_aware,mild,0.019815793972391426,0.04640822231426294,0.9725,0.0,0.6025,197.90838295028323
2698257310,boundary_aware,mild,0.020221687671263214,0.04420196575893836,0.9675,0.0,0.6125,197.1799331351921
2698257310,sharpness_aware,mild,0.021095608402430632,0.04597534536228506,0.9675,0.0,0.545,198.17413096391743
2698257310,robust_control_aware,mild,0.01847492511871858,0.03249568738754211,0.99,0.0,0.5975,191.87901474633742
3145110617,mse,mild,0.022752512414868892,0.05526747496721262,0.9325,0.0,0.615,185.24811909509566
3145110617,noise_aware,mild,0.022654440517546358,0.05396403553034752,0.93,0.0,0.6375,184.29183828548776
3145110617,boundary_aware,mild,0.020931557104957744,0.05184583212027037,0.94,0.0,0.6725,183.3104515864601
3145110617,sharpness_aware,mild,0.023036297161993693,0.05244937415744846,0.935,0.0,0.6475,184.83975226157975
3145110617,robust_control_aware,mild,0.019507361488352172,0.03727868462069749,0.9625,0.0,0.6675,178.3341779377257
3839569303,mse,mild,0.02255807268973953,0.053668222894089256,0.9325,0.0,0.6225,187.5041388350354
3839569303,noise_aware,mild,0.02116544447001367,0.04484773043032485,0.96,0.0,0.6225,186.13788035735288
3839569303,boundary_aware,mild,0.021325735985176477,0.05194355362870225,0.9375,0.0,0.585,183.0569223729309
3839569303,sharpness_aware,mild,0.02310796141507943,0.05393371408722668,0.935,0.0,0.585,187.89735095650968
3839569303,robust_control_aware,mild,0.01918326639394667,0.03604696391026959,0.9775,0.0,0.615,182.15076939139266
1741795387,mse,mild,0.020901949832243895,0.048959001706144444,0.95,0.0,0.6075,197.9920618352091
1741795387,noise_aware,mild,0.020567221871942785,0.047668617801385836,0.9625,0.0,0.605,196.16600578408423
1741795387,boundary_aware,mild,0.019975686336394696,0.046134064869490024,0.965,0.0,0.6225,195.0429105980788
1741795387,sharpness_aware,mild,0.022130096338538477,0.05104783985558118,0.9425,0.0,0.5875,197.259876111251
1741795387,robust_control_aware,mild,0.018233555616223553,0.033227970765805775,0.99,0.0,0.655,192.08201744646368
1008093370,mse,mild,0.0211683954024467,0.04540180515238629,0.955,0.0,0.6025,192.83665466363303
1008093370,noise_aware,mild,0.02210630060708325,0.050911167596997146,0.9475,0.0,0.585,192.08931213962603
1008093370,boundary_aware,mild,0.020627795153820072,0.04626071785986384,0.96,0.0,0.5825,189.62226620610807
1008093370,sharpness_aware,mild,0.02304227078257483,0.05332372467849578,0.9425,0.0,0.5825,193.57658933956748
1008093370,robust_control_aware,mild,0.018700700922965708,0.03365010931005281,0.985,0.0,0.61,185.919915113618
578984872,mse,mild,0.02117534577401189,0.04805541940724008,0.9575,0.0,0.5925,193.16194516251394
578984872,noise_aware,mild,0.02075049102024328,0.048455989223987944,0.9525,0.0,0.6025,193.69442271201626
578984872,boundary_aware,mild,0.019760001477367572,0.04322950778027346,0.975,0.0,0.5925,191.8679136568195
578984872,sharpness_aware,mild,0.022322361852136523,0.050072490978208616,0.9475,0.0,0.5425,193.7355274069685
578984872,robust_control_aware,mild,0.018506273692774657,0.033233665791808184,0.9825,0.0,0.6375,186.77322477502094
2934542094,mse,mild,0.02276206279909041,0.05300981912317053,0.9375,0.0,0.5975,197.17813860879133
2934542094,noise_aware,mild,0.021756300180439128,0.04883880686096522,0.9525,0.0,0.6025,192.73568655349112
2934542094,boundary_aware,mild,0.02058457290507092,0.04429532958951741,0.96,0.0,0.62,193.11759448702958
2934542094,sharpness_aware,mild,0.022405549038400464,0.04944558187956764,0.955,0.0,0.57,192.46129918602043
2934542094,robust_control_aware,mild,0.019496583197271766,0.037523557123187244,0.975,0.0,0.6175,186.0408652894975
3187112867,mse,mild,0.02328877206058598,0.05154969755244688,0.945,0.0,0.5725,191.58113759971616
3187112867,noise_aware,mild,0.020357289782213475,0.04636629311974105,0.9675,0.0,0.615,191.14911529949057
3187112867,boundary_aware,mild,0.02088454910812505,0.045177358824168234,0.965,0.0,0.5825,189.97072633770486
3187112867,sharpness_aware,mild,0.02297223743017374,0.05149595650952,0.9425,0.0,0.5425,190.38261042199616
3187112867,robust_control_aware,mild,0.01907852262805912,0.03656638118562055,0.975,0.0,0.6575,184.44159082302144
2389930833,mse,mild,0.021749921270901727,0.050213672556940835,0.945,0.0,0.5825,197.76968898597278
2389930833,noise_aware,mild,0.021197977550626926,0.04576829863233561,0.9625,0.0,0.61,196.79466156786876
2389930833,boundary_aware,mild,0.02081197514982775,0.04933740107893461,0.9525,0.0,0.6025,194.363810308849
2389930833,sharpness_aware,mild,0.022971387585785433,0.050925519087481365,0.9475,0.0,0.5725,196.6791321196775
2389930833,robust_control_aware,mild,0.018339096801323285,0.034096594367883565,0.985,0.0,0.68,189.29422094667262
1292274856,mse,mild,0.021903991379431647,0.04688960667490104,0.9625,0.0,0.57,192.6224904534377
1292274856,noise_aware,mild,0.021095115976139445,0.04829258834239347,0.955,0.0,0.6125,189.2609993841869
1292274856,boundary_aware,mild,0.021087918074987267,0.046717621718102,0.96,0.0,0.5875,187.28237158978186
1292274856,sharpness_aware,mild,0.022328306069474627,0.050471854097891386,0.9475,0.0,0.5775,189.4135485335564
1292274856,robust_control_aware,mild,0.018835675351352044,0.034861980364709486,0.9775,0.0,0.6475,183.24822473449956
3203924750,mse,mild,0.02085899531583192,0.04927153669128651,0.9525,0.0,0.59,198.52320784070702
3203924750,noise_aware,mild,0.02028727489622608,0.04736288236921466,0.965,0.0,0.585,194.7680758521323
3203924750,boundary_aware,mild,0.01918558268322039,0.04437137031861904,0.9675,0.0,0.6,193.47695420773448
3203924750,sharpness_aware,mild,0.022187483488390267,0.04931017050064376,0.95,0.0,0.5625,197.87690162255797
3203924750,robust_control_aware,mild,0.018419448904146336,0.03225569570431529,0.985,0.0,0.615,190.8221262433613
2727536461,mse,mild,0.02080014778064827,0.046989270813648405,0.9675,0.0,0.615,199.14404589642473
2727536461,noise_aware,mild,0.02027593548803768,0.0465784067027783,0.9625,0.0,0.575,198.72249048983608
2727536461,boundary_aware,mild,0.019720060584611086,0.042748656508412086,0.97,0.0,0.62,197.14307571525399
2727536461,sharpness_aware,mild,0.023117361171722778,0.048678741055060634,0.95,0.0,0.5425,201.49588237870165
2727536461,robust_control_aware,mild,0.017645173532670574,0.03033140450395183,0.9875,0.0,0.6,187.61351531971087
3436844845,mse,mild,0.020844351624092122,0.046231969435100245,0.965,0.0,0.5975,194.14404752759805
3436844845,noise_aware,mild,0.01960276537258231,0.04459373902151924,0.9675,0.0,0.63,191.82034109699202
3436844845,boundary_aware,mild,0.019512492277038208,0.043863543669739345,0.9625,0.0,0.555,189.4953114084091
3436844845,sharpness_aware,mild,0.021336441505099,0.050067089934524175,0.95,0.0,0.615,192.17291493582633
3436844845,robust_control_aware,mild,0.01934751944246358,0.034751556994369805,0.97,0.0,0.6275,188.61073451325484
