seed,method,condition,mean_D,p95_D,viability_occupancy,severe_fraction,action_agreement,cumulative_task
3389111171,mse,nominal,0.01926694426882765,0.03781410879310101,0.9825,0.0,0.7775,190.3297825104345
3389111171,noise_aware,nominal,0.018888995058620822,0.03945034253498156,0.9875,0.0,0.7725,190.91493694639092
3389111171,boundary_aware,nominal,0.018623341416040665,0.037588213103635734,0.985,0.0,0.78,191.82188931546335
3389111171,sharpness_aware,nominal,0.02057581666131285,0.03931007775127791,0.9775,0.0,0.705,190.62244625802782
3389111171,robust_control_aware,nominal,0.018563981733956177,0.03267189661152593,0.9875,0.0,0.675,191.38496009448582
3084139821,mse,nominal,0.020490943781792722,0.04206892764841959,0.9725,0.0,0.775,187.1362431376013
3084139821,noise_aware,nominal,0.018809366339062807,0.03976970545089688,0.985,0.0,0.7925,185.35748840536695
3084139821,boundary_aware,nominal,0.018501720058640862,0.03688553856868165,0.975,0.0,0.8175,185.95705212864772
3084139821,sharpness_aware,nominal,0.0214627773073688,0.04434817761547341,0.9675,0.0,0.65,186.2047534424808
3084139821,robust_control_aware,nominal,0.019372326751300586,0.034466089729094346,0.9825,0.0,0.665,187.31025519805837
2042987557,mse,nominal,0.019100948004634487,0.037068887596477404,0.985,0.0,0.7775,195.62893159079192
2042987557,noise_aware,nominal,0.018201467362168926,0.03548222429656493,0.99,0.0,0.7625,194.55541541258006
2042987557,boundary_aware,nominal,0.018266817328495236,0.0364742825085204,0.9875,0.0,0.7875,193.12789236389102
2042987557,sharpness_aware,nominal,0.020203806167270306,0.03677622947703011,0.985,0.0,0.67,193.0258225102838
2042987557,robust_control_aware,nominal,0.017378719898567336,0.030917851280014043,0.995,0.0,0.6775,194.25489631689595
3002971205,mse,nominal,0.02000851296391148,0.03817071538684205,0.9775,0.0,0.7475,193.84656501234934
3002971205,noise_aware,nominal,0.018450161320766986,0.036017900473967565,0.9875,0.0,0.7925,192.96392887972922
3002971205,boundary_aware,nominal,0.01854746266106703,0.036886571296986186,0.9775,0.0,0.8225,192.12482636861094
3002971205,sharpness_aware,nominal,0.02086864471431356,0.03830857133166874,0.9825,0.0,0.67,194.0566440600026
3002971205,robust_control_aware,nominal,0.018537614350327872,0.032567686619873366,0.985,0.0,0.665,193.2962126006293
4027510005,mse,nominal,0.020128833211627173,0.038179555190430724,0.9775,0.0,0.7575,186.64833619876327
4027510005,noise_aware,nominal,0.01981815099992598,0.041298347806405206,0.9725,0.0,0.7775,185.7636103691072
4027510005,boundary_aware,nominal,0.01893517304607102,0.03769475578320672,0.98,0.0,0.7775,186.33109235224637
4027510005,sharpness_aware,nominal,0.02101617081873359,0.04038061280982038,0.98,0.0,0.6825,185.69473892481483
4027510005,robust_control_aware,nominal,0.019023245803741484,0.03270397573821248,0.9725,0.0,0.68,183.88563958528218
2672624958,mse,nominal,0.019310058103846225,0.03791531098173979,0.9775,0.0,0.75,195.4328984275828
2672624958,noise_aware,nominal,0.01898411632210646,0.03856752629842943,0.98,0.0,0.76,195.503159376826
2672624958,boundary_aware,nominal,0.018798782959892808,0.03685019064899938,0.975,0.0,0.805,192.1982900389388
2672624958,sharpness_aware,nominal,0.02032690937375855,0.039221591405204814,0.9825,0.0,0.6275,191.3868408660697
2672624958,robust_control_aware,nominal,0.01840967078423581,0.032274049126907775,0.9825,0.0,0.6975,191.95508297370105
2738655513,mse,nominal,0.018965094030216793,0.03796330295146558,0.99,0.0,0.7225,191.17689195661353
2738655513,noise_aware,nominal,0.01888160413513613,0.03806628266471844,0.9775,0.0,0.76,190.27892007316473
2738655513,boundary_aware,nominal,0.018012565725205557,0.036668662158202525,0.9875,0.0,0.8125,189.9461872061895
2738655513,sharpness_aware,nominal,0.021106011876036338,0.03946635611048186,0.9725,0.0,0.6375,189.13170544929756
2738655513,robust_control_aware,nominal,0.018130658678316713,0.032051443514388385,0.9925,0.0,0.655,190.53299238465854
829092966,mse,nominal,0.01969921223362929,0.03749473751612745,0.97,0.0,0.745,187.27472852912823
829092966,noise_aware,nominal,0.01938482970072058,0.03954477507492793,0.975,0.0,0.77,187.5853379339127
829092966,boundary_aware,nominal,0.01878771281649055,0.03662999723759131,0.9725,0.0,0.8,186.58012397876288
829092966,sharpness_aware,nominal,0.020957633988697894,0.040346202371074724,0.9725,0.0,0.6925,188.49637902568486
829092966,robust_control_aware,nominal,0.01876289221009956,0.032764568571051596,0.98,0.0,0.6875,189.4095322771123
2633362063,mse,nominal,0.020007076690055837,0.038846690698311925,0.9825,0.0,0.73,190.64018789941724
2633362063,noise_aware,nominal,0.019718252365385446,0.038160183842892145,0.9775,0.0,0.7575,189.25962585620417
2633362063,boundary_aware,nominal,0.018141434411988934,0.03606916049328951,0.98,0.0,0.8025,187.89274641508055
2633362063,sharpness_aware,nominal,0.02052587542990729,0.04056471199082291,0.9775,0.0,0.6775,188.4644891984355
2633362063,robust_control_aware,nominal,0.018791563077338383,0.032529953286019944,0.98,0.0,0.6425,189.0306652250888
962559107,mse,nominal,0.020275635289964962,0.03776506732960326,0.985,0.0,0.685,194.02611383688185
962559107,noise_aware,nominal,0.018658390777062245,0.03682599552748818,0.98,0.0,0.77,190.82595258909046
962559107,boundary_aware,nominal,0.01833175028121074,0.03658037726636555,0.985,0.0,0.835,191.05693365207077
962559107,sharpness_aware,nominal,0.020531005386503046,0.03798921828864183,0.98,0.0,0.6825,190.95045494841244
962559107,robust_control_aware,nominal,0.018134874566690287,0.03204037671527049,0.985,0.0,0.6875,190.73564369833815
1093805409,mse,nominal,0.02000263440927226,0.036549532455576135,0.985,0.0,0.72,193.53144466184818
1093805409,noise_aware,nominal,0.018809824412529846,0.03632295693081924,0.9725,0.0,0.84,192.38986448650195
1093805409,boundary_aware,nominal,0.01870482297910352,0.03832003024343438,0.98,0.0,0.81,191.9948995316007
1093805409,sharpness_aware,nominal,0.021203729192796082,0.040503894896911335,0.9725,0.0,0.64,193.87584789444008
1093805409,robust_control_aware,nominal,0.018798942376722253,0.03314482941868495,0.9825,0.0,0.6625,194.09015699656845
962587854,mse,nominal,0.019735682472749143,0.0385866781960734,0.975,0.0,0.725,192.46534225929827
962587854,noise_aware,nominal,0.018416556898277786,0.03593672572243551,0.9875,0.0,0.785,189.57590891147
962587854,boundary_aware,nominal,0.01814874330697433,0.0373018657306501,0.98,0.0,0.8075,188.71781230808872
962587854,sharpness_aware,nominal,0.020843275066415718,0.04100247660528758,0.975,0.0,0.6675,190.95892114208908
962587854,robust_control_aware,nominal,0.018662469502895965,0.03172629513495184,0.9875,0.0,0.6275,191.39452251103108
860894674,mse,nominal,0.019421894720056596,0.037822286019523275,0.9825,0.0,0.76,191.9448428471805
860894674,noise_aware,nominal,0.019277155841398455,0.03794057560309952,0.9775,0.0,0.7475,191.59716024534524
860894674,boundary_aware,nominal,0.017658550229238953,0.03476527715872208,0.9925,0.0,0.82,190.45145307778665
860894674,sharpness_aware,nominal,0.020677432108194126,0.03809324553394927,0.985,0.0,0.6775,190.63862724406
860894674,robust_control_aware,nominal,0.018637736899981047,0.03263144652579236,0.985,0.0,0.6575,192.20867965333892
3655813037,mse,nominal,0.020194513155045703,0.04103185934438009,0.975,0.0,0.79,186.61529309753178
3655813037,noise_aware,nominal,0.01870502240987785,0.03725894212888827,0.9725,0.0,0.8025,187.58577345204247
3655813037,boundary_aware,nominal,0.019171614595981504,0.037603968844157586,0.9825,0.0,0.77,185.18711338625113
3655813037,sharpness_aware,nominal,0.021826041142565557,0.043492336853707965,0.975,0.0,0.64,187.10827546678985
3655813037,robust_control_aware,nominal,0.01956500533797455,0.03610141262782899,0.9775,0.0,0.6225,187.85657868496116
3584847826,mse,nominal,0.019872607659199504,0.03988583092219367,0.9725,0.0,0.7275,192.38640104980144
3584847826,noise_aware,nominal,0.01882152102982516,0.037650501980507144,0.98,0.0,0.775,190.40810886214592
3584847826,boundary_aware,nominal,0.019582468673117755,0.03990603445701527,0.9675,0.0,0.765,191.76554737365268
3584847826,sharpness_aware,nominal,0.02070269488537523,0.03963081112661318,0.9775,0.0,0.6925,189.19407063758763
3584847826,robust_control_aware,nominal,0.018314896540024477,0.033433957889933204,0.98,0.0,0.6675,190.4628569316128
3191201105,mse,nominal,0.01922884280968505,0.03463672295075954,0.9825,0.0,0.795,188.47501111189263
3191201105,noise_aware,nominal,0.019416617322266495,0.03813605062864449,0.9775,0.0,0.775,189.91621395453382
3191201105,boundary_aware,nominal,0.01893895380710389,0.03633046766949708,0.98,0.0,0.8,190.03803632336133
3191201105,sharpness_aware,nominal,0.02065945609731315,0.03822755196141864,0.98,0.0,0.6875,189.0439928728518
3191201105,robust_control_aware,nominal,0.01827542565723514,0.03303908223667327,0.98,0.0,0.715,188.12791111329557
2911101028,mse,nominal,0.019092769443347996,0.037858021621745695,0.985,0.0,0.77,190.9155069966846
2911101028,noise_aware,nominal,0.018322321420590603,0.035485995892370926,0.985,0.0,0.775,191.00181540796402
2911101028,boundary_aware,nominal,0.01809213226547658,0.03645476320349662,0.99,0.0,0.78,189.72258703071287
2911101028,sharpness_aware,nominal,0.020909849781282724,0.04131725924445149,0.9775,0.0,0.6575,193.19188888616446
2911101028,robust_control_aware,nominal,0.01851477031521809,0.0334018984980692,0.98,0.0,0.6325,190.85699849509876
1310972635,mse,nominal,0.019181024114059204,0.037953728315242796,0.9875,0.0,0.7425,192.82243290483615
1310972635,noise_aware,nominal,0.01848341939713581,0.037927171276417135,0.98,0.0,0.75,192.59947026294992
1310972635,boundary_aware,nominal,0.01826290938385719,0.03468987438838696,0.9875,0.0,0.78,191.35602395228594
1310972635,sharpness_aware,nominal,0.020992161730661905,0.03942257241811097,0.9775,0.0,0.6575,190.61544451209238
1310972635,robust_control_aware,nominal,0.017838462867274037,0.03148090765821043,0.9875,0.0,0.655,192.21166687345064
3628597686,mse,nominal,0.0192322532123638,0.0368782971850959,0.9825,0.0,0.73,192.81727524647178
3628597686,noise_aware,nominal,0.01792596294563078,0.03804685046056905,0.985,0.0,0.7975,191.3674142002464
3628597686,boundary_aware,nominal,0.018296005105404575,0.035067270909933584,0.9875,0.0,0.7875,191.13470109791757
3628597686,sharpness_aware,nominal,0.020413259011217003,0.03815275404475083,0.9875,0.0,0.65,192.5926937495542
3628597686,robust_control_aware,nominal,0.018106948577391032,0.03222206384481289,0.99,0.0,0.665,192.7979259913435
3381601262,mse,nominal,0.020288610088028642,0.042519471074194494,0.96,0.0,0.7475,191.41703993426634
3381601262,noise_aware,nominal,0.019416082425996847,0.042569100514452944,0.975,0.0,0.75,189.31555063886879
3381601262,boundary_aware,nominal,0.018551712303154656,0.03808728953711517,0.985,0.0,0.7925,186.9386390602983
3381601262,sharpness_aware,nominal,0.021422124496523583,0.0449394616225821,0.96,0.0,0.68,189.82127028453584
3381601262,robust_control_aware,nominal,0.019301768945043544,0.03379236879383553,0.9775,0.0,0.6775,189.88231045769018
3092867210,mse,nominal,0.01950721221247341,0.03795951721340464,0.975,0.0,0.7675,188.15384975093014
3092867210,noise_aware,nominal,0.01940107251888822,0.041890616256102575,0.965,0.0,0.7725,187.31310312119567
3092867210,boundary_aware,nominal,0.0182144357448757,0.03675467909347112,0.98,0.0,0.81,186.43777345383444
3092867210,sharpness_aware,nominal,0.02036388462533486,0.041845205054573995,0.97,0.0,0.68,186.06002484228566
3092867210,robust_control_aware,nominal,0.018463107340602462,0.03556769011518509,0.9775,0.0,0.6875,187.78552767936966
2622879300,mse,nominal,0.0206751964666039,0.04284038706399507,0.965,0.0,0.735,185.5984297195427
2622879300,noise_aware,nominal,0.01944675830224606,0.037955539997313936,0.975,0.0,0.77,184.8697028068832
2622879300,boundary_aware,nominal,0.019970143548024753,0.04375050570119981,0.96,0.0,0.7875,182.67217722342792
2622879300,sharpness_aware,nominal,0.02165443672505292,0.04319139320896295,0.975,0.0,0.6675,185.67260557514507
2622879300,robust_control_aware,nominal,0.019322202608275506,0.037249736601590956,0.9725,0.0,0.6225,184.6704932156697
2937656991,mse,nominal,0.020354339945199928,0.041448876532378734,0.9775,0.0,0.745,192.2038013664599
2937656991,noise_aware,nominal,0.019002009515746366,0.038256541194882886,0.98,0.0,0.7825,188.51814367596563
2937656991,boundary_aware,nominal,0.01898032202921625,0.03822086498175021,0.975,0.0,0.8075,187.0182538255825
2937656991,sharpness_aware,nominal,0.020573886426624867,0.039897670395585075,0.9725,0.0,0.685,189.26856036533047
2937656991,robust_control_aware,nominal,0.018966306162169055,0.03318956251836916,0.97,0.0,0.6975,189.01971739661514
1872448827,mse,nominal,0.019542858466368426,0.04003685681166456,0.9875,0.0,0.7525,189.57521249439554
1872448827,noise_aware,nominal,0.01856038817220843,0.037110438873120905,0.99,0.0,0.7825,189.95061203199816
1872448827,boundary_aware,nominal,0.01766680610582062,0.03611996595885246,0.995,0.0,0.795,187.62020826777007
1872448827,sharpness_aware,nominal,0.02120429045458458,0.04106519985209611,0.9775,0.0,0.6625,190.54779066008882
1872448827,robust_control_aware,nominal,0.018096005974288558,0.03233262516752506,0.9875,0.0,0.705,188.38452329952568
2027309548,mse,nominal,0.019221929084883977,0.03656792018210192,0.98,0.0,0.7675,190.73082299322283
2027309548,noise_aware,nominal,0.019196972688227697,0.038363676119664035,0.98,0.0,0.74,191.14429740662737
2027309548,boundary_aware,nominal,0.018319664183378884,0.03625770664874977,0.985,0.0,0.8025,188.8243589229994
2027309548,sharpness_aware,nominal,0.02128316460083923,0.04136520979918548,0.9775,0.0,0.6375,190.64764021047804
2027309548,robust_control_aware,nominal,0.018521733044365298,0.03138592509415992,0.98,0.0,0.6925,188.97621899327055
2136321268,mse,nominal,0.01946414672126158,0.03888884562328639,0.9825,0.0,0.7275,195.2481334596008
2136321268,noise_aware,nominal,0.018646315740518626,0.03603259692341536,0.9825,0.0,0.76,193.8069144203218
2136321268,boundary_aware,nominal,0.017702458958086986,0.032919201469673025,0.985,0.0,0.8025,190.83633583704787
2136321268,sharpness_aware,nominal,0.02080514387721547,0.03832664620964099,0.9825,0.0,0.67,192.4244297325532
2136321268,robust_control_aware,nominal,0.018471116556319195,0.031515923848609476,0.9875,0.0,0.6475,193.0883606228218
3252490845,mse,nominal,0.019853039861524514,0.03861936390064983,0.975,0.0,0.73,187.34222332094453
3252490845,noise_aware,nominal,0.01966621362105214,0.036857774532610826,0.9725,0.0,0.765,190.4678523883814
3252490845,boundary_aware,nominal,0.018557218511265936,0.0359772555152673,0.9775,0.0,0.83,187.45118852948065
3252490845,sharpness_aware,nominal,0.02120976710976606,0.03925877300102698,0.9825,0.0,0.63,188.79327602951906
3252490845,robust_control_aware,nominal,0.019051583441316654,0.03208261028117455,0.975,0.0,0.6525,188.288602224897
3692477288,mse,nominal,0.019118412553449145,0.0385270291075712,0.9875,0.0,0.7325,193.21874469701254
3692477288,noise_aware,nominal,0.018347074856239494,0.037646705121829424,0.9875,0.0,0.8225,191.09661009390507
3692477288,boundary_aware,nominal,0.01830611026279584,0.034769315928797825,0.985,0.0,0.8,190.07359080389028
3692477288,sharpness_aware,nominal,0.020636840568800666,0.038421657268383695,0.975,0.0,0.7075,191.30551988435616
3692477288,robust_control_aware,nominal,0.018928979308521447,0.033369940478108304,0.98,0.0,0.6575,191.76603221220734
72726709,mse,nominal,0.0201688743064503,0.04209838150763688,0.9775,0.0,0.69,187.39578712617774
72726709,noise_aware,nominal,0.019241874144935497,0.04185814843238413,0.9725,0.0,0.77,189.02734433890186
72726709,boundary_aware,nominal,0.018283215843484784,0.03545567079578006,0.9825,0.0,0.795,186.69145584611493
72726709,sharpness_aware,nominal,0.020734470630958263,0.038390366329874685,0.9825,0.0,0.675,187.54446083113766
72726709,robust_control_aware,nominal,0.01898777436951074,0.03305490264067285,0.975,0.0,0.665,188.98848612904143
263809025,mse,nominal,0.01944083658093744,0.037412551371891124,0.9825,0.0,0.74,190.42440836993075
263809025,noise_aware,nominal,0.01860135514872863,0.03736511417731778,0.9825,0.0,0.7625,188.41681471724775
263809025,boundary_aware,nominal,0.01872210517254131,0.036336766558128224,0.9775,0.0,0.78,187.50065020914488
263809025,sharpness_aware,nominal,0.020858852626799124,0.03953893508078598,0.97,0.0,0.655,188.77495437074987
263809025,robust_control_aware,nominal,0.018731160166402357,0.032792618033186505,0.98,0.0,0.635,189.01097819264993
388266878,mse,nominal,0.019436145418253625,0.0391952970324392,0.9825,0.0,0.755,192.07439313505924
388266878,noise_aware,nominal,0.01813897002413044,0.03680496953822501,0.9825,0.0,0.805,193.75845971662065
388266878,boundary_aware,nominal,0.018305814286964366,0.0371378133805396,0.9825,0.0,0.7775,190.34149712141715
388266878,sharpness_aware,nominal,0.02052080933669666,0.03928339092843929,0.97,0.0,0.6775,190.56978176826968
388266878,robust_control_aware,nominal,0.018008235282178896,0.03165561130409908,0.9925,0.0,0.6375,192.07236035748335
3805909048,mse,nominal,0.018932398231694375,0.03725383625245755,0.9925,0.0,0.7475,191.1030783305311
3805909048,noise_aware,nominal,0.018485765451613848,0.03740126873646829,0.985,0.0,0.7575,189.10072750928336
3805909048,boundary_aware,nominal,0.01765273280104442,0.03562288958412696,0.9875,0.0,0.785,189.2936888263765
3805909048,sharpness_aware,nominal,0.020151034542763218,0.03791824686446467,0.9775,0.0,0.685,190.38690667347163
3805909048,robust_control_aware,nominal,0.018083308609860172,0.03222689932954511,0.99,0.0,0.6875,190.22757195415136
3006661105,mse,nominal,0.019501905605393107,0.037927898670415114,0.985,0.0,0.7075,192.49028255801414
3006661105,noise_aware,nominal,0.018123757805491046,0.03849145726839294,0.985,0.0,0.7625,192.32295340201324
3006661105,boundary_aware,nominal,0.018247724096121992,0.03851049338182973,0.975,0.0,0.785,188.99160181166334
3006661105,sharpness_aware,nominal,0.02092666007317417,0.04046025482251932,0.98,0.0,0.62,192.3207902068077
3006661105,robust_control_aware,nominal,0.018393828510642703,0.03275606855003194,0.9825,0.0,0.675,192.52479786053487
2400255462,mse,nominal,0.02085622783532253,0.04364588864785315,0.97,0.0,0.7125,184.9925304703421
2400255462,noise_aware,nominal,0.019056365486324337,0.040520157855460454,0.9825,0.0,0.7725,183.55302137338464
2400255462,boundary_aware,nominal,0.019059877023116206,0.038061846813541605,0.975,0.0,0.7975,183.50771287016522
2400255462,sharpness_aware,nominal,0.020834583079562347,0.04204690555681812,0.975,0.0,0.695,182.9916866648868
2400255462,robust_control_aware,nominal,0.019115121192674788,0.0350220751754601,0.98,0.0,0.6875,184.01776924489894
1592815009,mse,nominal,0.019768111508157726,0.03932880735162261,0.985,0.0,0.715,193.64849301533692
1592815009,noise_aware,nominal,0.018900421342557108,0.0368101446076762,0.9825,0.0,0.7775,191.38287069779363
1592815009,boundary_aware,nominal,0.01787392567669417,0.03619733536389779,0.9875,0.0,0.78,192.0372815050083
1592815009,sharpness_aware,nominal,0.020176163541991955,0.037351242301557334,0.9875,0.0,0.68,190.39377180486144
1592815009,robust_control_aware,nominal,0.018343102828161956,0.03171751875454134,0.9875,0.0,0.635,192.1680415457958
616946658,mse,nominal,0.019777131476371567,0.040186282824595715,0.9875,0.0,0.7475,188.8635855723245
616946658,noise_aware,nominal,0.018534160035272078,0.03589483994108233,0.985,0.0,0.775,186.4266258874681
616946658,boundary_aware,nominal,0.018856082699486246,0.038210086512371684,0.9825,0.0,0.78,185.59747193306097
616946658,sharpness_aware,nominal,0.020824707841850865,0.04012801519072812,0.9725,0.0,0.7275,185.48068177423798
616946658,robust_control_aware,nominal,0.018880689283945696,0.033069200884197625,0.9875,0.0,0.65,185.72881627136394
4125253457,mse,nominal,0.019742774703341532,0.040246216309491496,0.975,0.0,0.73,189.9157518562749
4125253457,noise_aware,nominal,0.019143564260329978,0.03580346067252962,0.975,0.0,0.75,187.29840142161896
4125253457,boundary_aware,nominal,0.01840115553033174,0.03673770229050755,0.9825,0.0,0.815,185.29632552843452
4125253457,sharpness_aware,nominal,0.020906624133585305,0.04074827476804084,0.98,0.0,0.6825,187.36879653357002
4125253457,robust_control_aware,nominal,0.01910361199600728,0.03258487098016899,0.98,0.0,0.7,189.02913404878962
1894299039,mse,nominal,0.020196988184040348,0.040596284879048025,0.9775,0.0,0.72,196.44540444364185
1894299039,noise_aware,nominal,0.019015408394970627,0.03641297955486446,0.9825,0.0,0.7575,193.0675429876372
1894299039,boundary_aware,nominal,0.017858941746997533,0.035969822101951585,0.9875,0.0,0.835,193.2273687136988
1894299039,sharpness_aware,nominal,0.02045196181556884,0.038633834889328894,0.985,0.0,0.6875,193.31562722372445
1894299039,robust_control_aware,nominal,0.018219083411580173,0.030818523332160418,0.98,0.0,0.62,196.56717792654632
1826657357,mse,nominal,0.019580576096737006,0.040309094102930196,0.9825,0.0,0.7325,189.52571729422274
1826657357,noise_aware,nominal,0.019205746577948893,0.04209584492227324,0.97,0.0,0.7725,187.8514060752288
1826657357,boundary_aware,nominal,0.018167185812928588,0.0384208552262011,0.98,0.0,0.7925,185.89520409581615
1826657357,sharpness_aware,nominal,0.02093356484246143,0.042277389066555815,0.975,0.0,0.69,186.84564381166768
1826657357,robust_control_aware,nominal,0.01887389849444273,0.03319144245652742,0.98,0.0,0.6525,187.77207990306485
3869760332,mse,nominal,0.020469913222916008,0.04032012068919653,0.9675,0.0,0.77,191.4199696154148
3869760332,noise_aware,nominal,0.019116200687711523,0.039018899219187116,0.9725,0.0,0.7625,188.6312480602411
3869760332,boundary_aware,nominal,0.018968025496848465,0.03807993364361355,0.9775,0.0,0.785,190.38655537801958
3869760332,sharpness_aware,nominal,0.021170325619746314,0.04051774857236455,0.9775,0.0,0.6875,189.1615493788166
3869760332,robust_control_aware,nominal,0.018732021709621648,0.033984333196626505,0.975,0.0,0.6975,188.76232856390254
3942096291,mse,nominal,0.020156822173526497,0.04007539540473475,0.975,0.0,0.765,188.318257760339
3942096291,noise_aware,nominal,0.01905628533626058,0.03829872498025292,0.9825,0.0,0.76,187.32817820635765
3942096291,boundary_aware,nominal,0.019193044355849564,0.038761497016422126,0.9725,0.0,0.7775,187.5984609550082
3942096291,sharpness_aware,nominal,0.021695236372740137,0.04507393846589811,0.9625,0.0,0.6675,186.6682066762968
3942096291,robust_control_aware,nominal,0.019067858367906292,0.03404554024388033,0.975,0.0,0.6625,188.29531150417756
4196962272,mse,nominal,0.020049344836276663,0.039603824952035196,0.98,0.0,0.74,188.3569793756299
4196962272,noise_aware,nominal,0.019688457132666048,0.03855645379966104,0.98,0.0,0.7275,187.61977490344736
4196962272,boundary_aware,nominal,0.01875098068530808,0.037892187489668466,0.9775,0.0,0.795,186.9962584542817
4196962272,sharpness_aware,nominal,0.021062882050755415,0.04191546054487758,0.975,0.0,0.65,186.0060948369929
4196962272,robust_control_aware,nominal,0.019166524350723253,0.03276892189518569,0.98,0.0,0.67,186.94493888464677
650737436,mse,nominal,0.019810770290831954,0.038792144239911085,0.9775,0.0,0.75,189.53382700017414
650737436,noise_aware,nominal,0.018447143024337673,0.036700719922249776,0.9875,0.0,0.8,188.57778916405908
650737436,boundary_aware,nominal,0.018359482538436306,0.03733705590756939,0.985,0.0,0.795,188.14191768807552
650737436,sharpness_aware,nominal,0.021177779326222935,0.041484477911112934,0.9725,0.0,0.655,188.49856265053737
650737436,robust_control_aware,nominal,0.018375935172361756,0.03237531715395903,0.9875,0.0,0.705,188.4518196762595
2765233509,mse,nominal,0.020167955419788882,0.042198153710070824,0.9725,0.0,0.76,191.38099605037644
2765233509,noise_aware,nominal,0.019564126731277876,0.04532125483052246,0.9575,0.0,0.7775,190.32256667788576
2765233509,boundary_aware,nominal,0.018482211484801076,0.03813595115277161,0.975,0.0,0.79,188.7702442618333
2765233509,sharpness_aware,nominal,0.02092414124497393,0.04131033213865965,0.9725,0.0,0.7025,189.30594778871802
2765233509,robust_control_aware,nominal,0.018911124460984374,0.03602141998707659,0.9825,0.0,0.6925,189.20661487995247
2648460118,mse,nominal,0.01932733314643391,0.03675315400154998,0.9825,0.0,0.7625,193.7842275592905
2648460118,noise_aware,nominal,0.018967734019854476,0.03589052109180999,0.9825,0.0,0.75,193.2065958208078
2648460118,boundary_aware,nominal,0.01809896436357049,0.03454108298203499,0.9925,0.0,0.7825,190.88747069388717
2648460118,sharpness_aware,nominal,0.02086720401578317,0.03957167236525059,0.9775,0.0,0.6675,192.59971935836037
2648460118,robust_control_aware,nominal,0.018440618651080255,0.031552675450270164,0.9875,0.0,0.625,193.90371003047218
2721002355,mse,nominal,0.020779716383530475,0.04234944086190928,0.965,0.0,0.7325,189.7577617066289
2721002355,noise_aware,nominal,0.019190915328752473,0.042459674583187064,0.975,0.0,0.755,189.9227325840664
2721002355,boundary_aware,nominal,0.019083507445392795,0.040239184919018206,0.975,0.0,0.785,186.09876584557094
2721002355,sharpness_aware,nominal,0.02095408542578011,0.03990617468655836,0.9725,0.0,0.69,186.20326431977657
2721002355,robust_control_aware,nominal,0.018648624005069822,0.03246236046584823,0.975,0.0,0.68,187.98359088995784
1443607338,mse,nominal,0.020915105083360946,0.04041245793532124,0.975,0.0,0.735,187.61086814223535
1443607338,noise_aware,nominal,0.01960690890520641,0.03919913990851953,0.97,0.0,0.7775,184.76959664199893
1443607338,boundary_aware,nominal,0.019580824756165606,0.0386616769385812,0.97,0.0,0.8075,184.36277270176683
1443607338,sharpness_aware,nominal,0.021811928602745008,0.043653057632854333,0.9675,0.0,0.64,185.41132607351716
1443607338,robust_control_aware,nominal,0.018841096606090204,0.03468128997128075,0.975,0.0,0.685,184.5101503846833
3718361383,mse,nominal,0.02052391541101352,0.03931321519785089,0.975,0.0,0.7075,188.65646054265667
3718361383,noise_aware,nominal,0.019126517631919165,0.03854847901593144,0.9775,0.0,0.7575,187.20293115268066
3718361383,boundary_aware,nominal,0.01891934920587734,0.03728620737039968,0.9775,0.0,0.775,185.9427894058764
3718361383,sharpness_aware,nominal,0.021719629502416158,0.04066614884007212,0.9775,0.0,0.655,187.65599808160368
3718361383,robust_control_aware,nominal,0.018326981007113306,0.03226412666003217,0.99,0.0,0.6625,187.5143041604801
2813098644,mse,nominal,0.018999391493892525,0.03817448699145105,0.985,0.0,0.755,191.9449261826889
2813098644,noise_aware,nominal,0.019400500756653175,0.03731067400788589,0.98,0.0,0.7775,190.4152006619047
2813098644,boundary_aware,nominal,0.01775802252768945,0.0331469767213237,0.9875,0.0,0.7775,188.89564887582515
2813098644,sharpness_aware,nominal,0.02048011422175064,0.03833198747039901,0.98,0.0,0.675,190.1930859984895
2813098644,robust_control_aware,nominal,0.0188717821224012,0.030976933139291358,0.985,0.0,0.6125,191.2397452758527
4226629241,mse,nominal,0.020046329335456806,0.040918530225570064,0.9775,0.0,0.7475,194.0764796756157
4226629241,noise_aware,nominal,0.01889715214134481,0.03680386580377624,0.9775,0.0,0.7575,191.41314162916558
4226629241,boundary_aware,nominal,0.01857015895013868,0.03529571150145629,0.98,0.0,0.7825,191.3244442244204
4226629241,sharpness_aware,nominal,0.0207571663830858,0.03908496889062714,0.9775,0.0,0.675,191.76764629992593
4226629241,robust_control_aware,nominal,0.01904027867585792,0.03225413510008098,0.975,0.0,0.6175,191.057446302162
1180688000,mse,nominal,0.01957505618880117,0.03826991106942642,0.985,0.0,0.725,194.82788597231666
1180688000,noise_aware,nominal,0.018290236656351037,0.037533823224335565,0.99,0.0,0.7675,193.1346597771298
1180688000,boundary_aware,nominal,0.018020623175256878,0.034776332206047714,0.985,0.0,0.7975,190.13178804850486
1180688000,sharpness_aware,nominal,0.02081506690693849,0.03802286388441425,0.9875,0.0,0.6175,192.87634389628494
1180688000,robust_control_aware,nominal,0.018238117912292334,0.030687387793837766,0.9875,0.0,0.6625,191.89549459708752
2121584357,mse,nominal,0.019573983014727923,0.038914262562546355,0.985,0.0,0.735,192.68265984825481
2121584357,noise_aware,nominal,0.01889503748890891,0.036368287524976804,0.98,0.0,0.755,190.61389688275705
2121584357,boundary_aware,nominal,0.01843420463494876,0.03680218513767188,0.985,0.0,0.765,188.9391311060932
2121584357,sharpness_aware,nominal,0.020723717862401996,0.03971444453813733,0.9825,0.0,0.6725,189.40376203485658
2121584357,robust_control_aware,nominal,0.0186419628001551,0.03338931586407226,0.9875,0.0,0.6675,189.43947119657358
724579447,mse,nominal,0.01947996678843273,0.03719600606570855,0.98,0.0,0.7425,190.21959979604242
724579447,noise_aware,nominal,0.01907954230109775,0.03790694695963757,0.9825,0.0,0.7525,190.56786384467327
724579447,boundary_aware,nominal,0.018496991979839398,0.03672989234210869,0.9825,0.0,0.8,188.11278299332378
724579447,sharpness_aware,nominal,0.021291009154287405,0.04348938910489992,0.975,0.0,0.655,190.43931285147457
724579447,robust_control_aware,nominal,0.018390223466766043,0.03287973227203598,0.985,0.0,0.6875,188.36933340910707
1117812916,mse,nominal,0.020731935026759008,0.04214057224517702,0.9625,0.0,0.7625,185.9788426360675
1117812916,noise_aware,nominal,0.02018469126295719,0.041006082586413535,0.9725,0.0,0.7775,186.9736717672276
1117812916,boundary_aware,nominal,0.019448577617128968,0.0406812251757119,0.965,0.0,0.8175,184.0709203212267
1117812916,sharpness_aware,nominal,0.021403671081552014,0.042165037431413595,0.965,0.0,0.69,186.65957124747212
1117812916,robust_control_aware,nominal,0.019139525771062784,0.03432906480340406,0.97,0.0,0.7225,185.2658324261132
1530323167,mse,nominal,0.019934708959413162,0.04068707512022763,0.9825,0.0,0.735,192.64870976004357
1530323167,noise_aware,nominal,0.019466000714916866,0.03974063616050097,0.9725,0.0,0.74,192.0548976917425
1530323167,boundary_aware,nominal,0.018923163102546298,0.03699579459923227,0.9775,0.0,0.785,189.68796256406318
1530323167,sharpness_aware,nominal,0.02113287949921795,0.04129287653693685,0.98,0.0,0.6525,190.6231321904186
1530323167,robust_control_aware,nominal,0.01844284846542241,0.031698378578563544,0.985,0.0,0.6125,190.15027388183898
1709400583,mse,nominal,0.01968128462662543,0.037602367556027035,0.9825,0.0,0.755,189.88437478382417
1709400583,noise_aware,nominal,0.019760718064616687,0.03794201486349493,0.9775,0.0,0.75,189.43259907730348
1709400583,boundary_aware,nominal,0.018639982544387416,0.03771288568459528,0.9825,0.0,0.825,186.4284057967489
1709400583,sharpness_aware,nominal,0.020654053634892807,0.04028612540475778,0.9775,0.0,0.665,186.85976790491452
1709400583,robust_control_aware,nominal,0.018493591043665783,0.03227293333671969,0.99,0.0,0.665,188.3273534785259
1133912448,mse,nominal,0.019529496638487215,0.03897746023021162,0.98,0.0,0.795,190.36139235422104
1133912448,noise_aware,nominal,0.01911078402320845,0.03781383931250332,0.9725,0.0,0.81,190.1929465832927
1133912448,boundary_aware,nominal,0.018814763716640866,0.035605388704962306,0.98,0.0,0.8025,187.91048201455123
1133912448,sharpness_aware,nominal,0.021233654200081213,0.04131149872550993,0.97,0.0,0.6925,189.5934889801133
1133912448,robust_control_aware,nominal,0.01854421096914613,0.03362776788309148,0.98,0.0,0.71,191.290676330603
3841604218,mse,nominal,0.02000428672378675,0.04117403569562242,0.975,0.0,0.73,183.6202642177251
3841604218,noise_aware,nominal,0.01977482298020914,0.04161263618566022,0.96,0.0,0.74,181.32247446918643
3841604218,boundary_aware,nominal,0.019075011526805324,0.03833091906971065,0.9725,0.0,0.7275,180.07906817225586
3841604218,sharpness_aware,nominal,0.021398723198430048,0.044305819443972265,0.9675,0.0,0.66,181.54752635442526
3841604218,robust_control_aware,nominal,0.018906362462551618,0.035273450557349435,0.975,0.0,0.7,180.26418566178066
1476672215,mse,nominal,0.019541604819936165,0.03980765669991968,0.98,0.0,0.77,193.09678783223225
1476672215,noise_aware,nominal,0.018908351856024717,0.036407529665675356,0.99,0.0,0.7225,191.4336855727274
1476672215,boundary_aware,nominal,0.018915368869303704,0.035888302139995505,0.985,0.0,0.76,189.42119120977773
1476672215,sharpness_aware,nominal,0.021018198869110164,0.0407108572746829,0.98,0.0,0.64,193.0415118866528
1476672215,robust_control_aware,nominal,0.017766877968576223,0.031342761161430394,0.99,0.0,0.6825,191.707481604431
884250997,mse,nominal,0.019418211612593845,0.03866162735815691,0.975,0.0,0.7625,189.20894471974643
884250997,noise_aware,nominal,0.019146268460754366,0.03767019576994374,0.975,0.0,0.75,189.5916110101774
884250997,boundary_aware,nominal,0.01863519034421,0.03724419846337662,0.9825,0.0,0.815,187.33664449176604
884250997,sharpness_aware,nominal,0.02175210436325299,0.04167702504178531,0.9625,0.0,0.6425,190.82312905559107
884250997,robust_control_aware,nominal,0.018513651729388448,0.0326168086604212,0.98,0.0,0.66,189.57391628189265
1002348142,mse,nominal,0.020614762301035542,0.03776985260980666,0.9675,0.0,0.7225,185.46356551649552
1002348142,noise_aware,nominal,0.0198513960650333,0.04085542549014923,0.9625,0.0,0.8125,184.66590643384453
1002348142,boundary_aware,nominal,0.01931894804530522,0.038532479555443436,0.9725,0.0,0.78,185.60992166935853
1002348142,sharpness_aware,nominal,0.02221084562840203,0.04268692175650381,0.965,0.0,0.66,185.0745360722131
1002348142,robust_control_aware,nominal,0.01970288633750156,0.03767994467565844,0.97,0.0,0.6575,186.3448852897866
1627011397,mse,nominal,0.020042119315345736,0.03970664597795849,0.9775,0.0,0.705,190.55789144767027
1627011397,noise_aware,nominal,0.01957259795789658,0.03875855586620471,0.9775,0.0,0.77,189.90841980164686
1627011397,boundary_aware,nominal,0.018001816626293375,0.034330156637186214,0.985,0.0,0.7625,185.84266599761543
1627011397,sharpness_aware,nominal,0.021215578651929738,0.040557736176165336,0.97,0.0,0.6625,188.84017058733173
1627011397,robust_control_aware,nominal,0.018153472741393947,0.03273138849105795,0.985,0.0,0.6925,188.71594609418867
1076126967,mse,nominal,0.020463542997059027,0.040174101673537514,0.97,0.0,0.725,185.44803859916084
1076126967,noise_aware,nominal,0.01934505465202245,0.04017995343007031,0.9725,0.0,0.765,185.41676151530123
1076126967,boundary_aware,nominal,0.01910584789818473,0.03852019455823835,0.975,0.0,0.8,182.15931854585733
1076126967,sharpness_aware,nominal,0.021297479691842182,0.04000482648005872,0.97,0.0,0.6525,185.3290011872749
1076126967,robust_control_aware,nominal,0.019696835328803054,0.03693964955383728,0.975,0.0,0.6425,185.24094458425157
923743962,mse,nominal,0.01939226075407071,0.0393197779043447,0.9875,0.0,0.735,195.73546476794286
923743962,noise_aware,nominal,0.01840999578663338,0.03578629745144536,0.9875,0.0,0.7975,192.7636143738432
923743962,boundary_aware,nominal,0.017897081993947697,0.03529286799194535,0.9925,0.0,0.7775,192.1398065917767
923743962,sharpness_aware,nominal,0.02036908434708289,0.03992215874128895,0.9775,0.0,0.7,191.91646458993205
923743962,robust_control_aware,nominal,0.01762891305882093,0.030588144826053838,0.9925,0.0,0.635,194.03683120749884
3894377936,mse,nominal,0.02011614160637517,0.040095880871977595,0.98,0.0,0.765,189.43755447399585
3894377936,noise_aware,nominal,0.01898431681425872,0.03853246534494452,0.9875,0.0,0.7825,188.383749806384
3894377936,boundary_aware,nominal,0.017878247463908915,0.036188352209943056,0.995,0.0,0.8225,187.31210130116494
3894377936,sharpness_aware,nominal,0.020829642876837872,0.03952717460203593,0.98,0.0,0.6625,188.86016110413146
3894377936,robust_control_aware,nominal,0.01838722868342288,0.03216760800956238,0.9875,0.0,0.6775,188.46390420864878
1825409742,mse,nominal,0.01991259665856783,0.03928700436398484,0.98,0.0,0.7175,188.2583735794624
1825409742,noise_aware,nominal,0.01926280644795323,0.0393467777327075,0.9775,0.0,0.7525,187.33406524180316
1825409742,boundary_aware,nominal,0.017955493271890607,0.035490108171328145,0.985,0.0,0.7825,186.10877075246697
1825409742,sharpness_aware,nominal,0.02112543581163327,0.03963809345891107,0.9775,0.0,0.63,186.3710125601313
1825409742,robust_control_aware,nominal,0.01872320364248283,0.0363100952585805,0.9875,0.0,0.6475,185.71811554633646
907752744,mse,nominal,0.019841102833710128,0.03989287719461558,0.98,0.0,0.7075,189.80806055115966
907752744,noise_aware,nominal,0.01900359425528259,0.04030410033280073,0.975,0.0,0.8025,190.470449243983
907752744,boundary_aware,nominal,0.018733713866035104,0.03642631737423188,0.9775,0.0,0.7725,188.65481940645802
907752744,sharpness_aware,nominal,0.021150345656391973,0.0427829750577471,0.97,0.0,0.6575,189.09538009338618
907752744,robust_control_aware,nominal,0.018574798544038457,0.03301379831776637,0.985,0.0,0.655,188.9774591045085
1662780807,mse,nominal,0.018973070236347964,0.03902262624033839,0.9875,0.0,0.75,192.91312880658154
1662780807,noise_aware,nominal,0.018309055182808405,0.03870644895350354,0.9875,0.0,0.775,190.4594163887252
1662780807,boundary_aware,nominal,0.017419128492367306,0.03403675361771793,0.9875,0.0,0.8125,190.13609036217963
1662780807,sharpness_aware,nominal,0.02093405949749318,0.03853196627179043,0.985,0.0,0.635,192.25587627437818
1662780807,robust_control_aware,nominal,0.017773732288508867,0.031024689886728872,0.995,0.0,0.6775,190.66134437281298
2121423049,mse,nominal,0.02047523514800317,0.04128223528559134,0.9625,0.0,0.7525,190.36875798187612
2121423049,noise_aware,nominal,0.01902259375735063,0.039101701245585284,0.985,0.0,0.7625,187.79116693441432
2121423049,boundary_aware,nominal,0.01847341839848428,0.03732355494127176,0.975,0.0,0.8075,186.20619762277536
2121423049,sharpness_aware,nominal,0.020842678830478523,0.04034326906222609,0.9725,0.0,0.675,187.56642334658315
2121423049,robust_control_aware,nominal,0.018658675722812042,0.0318676432132904,0.9775,0.0,0.695,188.5394533425624
3968988679,mse,nominal,0.019472186293316936,0.03771328113227621,0.985,0.0,0.7625,190.78952839170609
3968988679,noise_aware,nominal,0.018776653664992846,0.03882540158039883,0.9875,0.0,0.77,187.6760795579283
3968988679,boundary_aware,nominal,0.018449602433727556,0.035781977293242714,0.99,0.0,0.7825,186.81723978666096
3968988679,sharpness_aware,nominal,0.020525042764185986,0.04080039699634732,0.98,0.0,0.675,188.14658980676342
3968988679,robust_control_aware,nominal,0.018303967726412806,0.03157785731690989,0.985,0.0,0.6675,189.26534845170025
1493249476,mse,nominal,0.019310304329477036,0.03847345007244075,0.9875,0.0,0.755,191.51199340263054
1493249476,noise_aware,nominal,0.018704325373077365,0.03787884099246878,0.985,0.0,0.765,192.74007303549266
1493249476,boundary_aware,nominal,0.017864443492234247,0.03569650139320433,0.9925,0.0,0.77,190.4625380400344
1493249476,sharpness_aware,nominal,0.020459075110523934,0.03960856529222272,0.9825,0.0,0.6775,191.30439237683544
1493249476,robust_control_aware,nominal,0.01778396358055458,0.030381095308814235,0.99,0.0,0.665,190.7610479933914
1567049265,mse,nominal,0.020074881029494732,0.04093505042743139,0.9725,0.0,0.7475,188.97172014649317
1567049265,noise_aware,nominal,0.01973802811291805,0.0427637531528687,0.975,0.0,0.7225,190.16488148880785
1567049265,boundary_aware,nominal,0.018181064606300545,0.03762517811702966,0.9775,0.0,0.8,187.38367992658488
1567049265,sharpness_aware,nominal,0.021809344362596697,0.04259653310985525,0.965,0.0,0.68,188.08717986091085
1567049265,robust_control_aware,nominal,0.019207356440298397,0.03404008395368598,0.975,0.0,0.6625,187.62749326102295
1443871119,mse,nominal,0.02012611560904787,0.037227133318279114,0.9775,0.0,0.72,184.42479961880656
1443871119,noise_aware,nominal,0.01947808064979516,0.03937687546398899,0.97,0.0,0.7475,183.52018802618971
1443871119,boundary_aware,nominal,0.019435440821447422,0.03851314040650605,0.975,0.0,0.7325,181.33508629168585
1443871119,sharpness_aware,nominal,0.02213472237497153,0.045419986261553684,0.9625,0.0,0.66,184.08043517456773
1443871119,robust_control_aware,nominal,0.018928360139911976,0.034571412442747286,0.985,0.0,0.6625,182.11830004611699
207789827,mse,nominal,0.019899749928196188,0.03861495430853145,0.9875,0.0,0.73,191.1395893689224
207789827,noise_aware,nominal,0.018918742843825786,0.03750878421484117,0.98,0.0,0.805,189.37109247539647
207789827,boundary_aware,nominal,0.01879157768234384,0.03864369293536794,0.98,0.0,0.805,187.53770910542875
207789827,sharpness_aware,nominal,0.021846374442600017,0.0411882424996583,0.9675,0.0,0.6425,189.39314471847933
207789827,robust_control_aware,nominal,0.018759453612436375,0.0321075648889986,0.9825,0.0,0.6425,190.41225005831984
2665534169,mse,nominal,0.020349936550435394,0.040740707091101946,0.9725,0.0,0.745,187.71707157968254
2665534169,noise_aware,nominal,0.019715203365416066,0.03939196725413186,0.9675,0.0,0.7575,184.8666937558187
2665534169,boundary_aware,nominal,0.019152283126278036,0.04035505547561059,0.9675,0.0,0.7875,183.7252004184681
2665534169,sharpness_aware,nominal,0.021406709171696597,0.03983306264145674,0.9725,0.0,0.6575,184.9546679479231
2665534169,robust_control_aware,nominal,0.01886172226148767,0.03297988423094863,0.98,0.0,0.655,186.4897337875027
3207734048,mse,nominal,0.01992467261631916,0.0364822430929804,0.9775,0.0,0.74,192.0193062034806
3207734048,noise_aware,nominal,0.019884131208207954,0.03762049516535207,0.9725,0.0,0.75,191.86879549178926
3207734048,boundary_aware,nominal,0.018022019589259343,0.0347651642727552,0.9875,0.0,0.755,190.6687398667972
3207734048,sharpness_aware,nominal,0.02027658416936024,0.03792681034059142,0.9825,0.0,0.6675,190.00543528686583
3207734048,robust_control_aware,nominal,0.018635722566129255,0.032592710353723374,0.9875,0.0,0.6675,191.59447401811548
659579441,mse,nominal,0.019751243878226875,0.03903788544401884,0.98,0.0,0.7175,191.53106934257139
659579441,noise_aware,nominal,0.019283297786788174,0.040358387625848986,0.9775,0.0,0.7775,191.05000054115266
659579441,boundary_aware,nominal,0.018371252751551242,0.03590329338942718,0.98,0.0,0.8025,189.74850558888994
659579441,sharpness_aware,nominal,0.02090164727395563,0.04218810807817815,0.975,0.0,0.6675,192.10745607894836
659579441,robust_control_aware,nominal,0.018595520505412508,0.033227067713723836,0.985,0.0,0.6375,189.57260252304542
1831990360,mse,nominal,0.019638797077883196,0.03850493278002156,0.9825,0.0,0.71,188.52146612500485
1831990360,noise_aware,nominal,0.018903176087432375,0.04181046679277954,0.9725,0.0,0.8,187.88692876887785
1831990360,boundary_aware,nominal,0.018515644971424144,0.04002392462267533,0.975,0.0,0.7925,187.19881980648336
1831990360,sharpness_aware,nominal,0.02149804742877513,0.043034576253248684,0.9625,0.0,0.6825,187.98605672319295
1831990360,robust_control_aware,nominal,0.018506297661333188,0.03274394474182398,0.985,0.0,0.6475,187.2226008962001
575250115,mse,nominal,0.019590752551849392,0.03799235221985624,0.975,0.0,0.765,190.05387981508252
575250115,noise_aware,nominal,0.01884248737492095,0.03706866876778865,0.985,0.0,0.78,189.62824830855016
575250115,boundary_aware,nominal,0.01853342826394867,0.0363519537212069,0.9775,0.0,0.7975,188.14854539123144
575250115,sharpness_aware,nominal,0.021241692156424446,0.04005367097950366,0.975,0.0,0.685,190.0016492126247
575250115,robust_control_aware,nominal,0.019252184258522615,0.0330680901471405,0.98,0.0,0.68,187.9083146610063
3743157485,mse,nominal,0.020599165553282565,0.04221275120390717,0.9675,0.0,0.7425,184.76610706661285
3743157485,noise_aware,nominal,0.019599741832220616,0.04300415754838372,0.97,0.0,0.755,184.9645294903591
3743157485,boundary_aware,nominal,0.01907911848709851,0.03802653607305934,0.9775,0.0,0.8025,181.74560817266774
3743157485,sharpness_aware,nominal,0.020534719069772906,0.039454425615022756,0.975,0.0,0.7,182.18565049887778
3743157485,robust_control_aware,nominal,0.01893046885119015,0.03487724409012474,0.975,0.0,0.6925,182.94473395478929
1796461005,mse,nominal,0.019791774309944485,0.0381594710360847,0.9825,0.0,0.75,189.04673081922832
1796461005,noise_aware,nominal,0.018725359963717884,0.036694545825531354,0.98,0.0,0.7725,187.68740295532365
1796461005,boundary_aware,nominal,0.018419149710615455,0.036108108546954974,0.9875,0.0,0.77,185.1732666930848
1796461005,sharpness_aware,nominal,0.021211930691161417,0.04000535002724117,0.985,0.0,0.6925,186.96506457760074
1796461005,robust_control_aware,nominal,0.018878360468616875,0.03232458834485839,0.9825,0.0,0.655,186.87617226291601
4057262831,mse,nominal,0.019574933331304663,0.03814920999298968,0.9775,0.0,0.75,186.6562307317716
4057262831,noise_aware,nominal,0.018912334954545546,0.0375231180593307,0.9825,0.0,0.7525,186.71282407612858
4057262831,boundary_aware,nominal,0.01849680729408769,0.037499279024590715,0.975,0.0,0.8075,182.59084613442252
4057262831,sharpness_aware,nominal,0.021296338036991155,0.04435383838497934,0.965,0.0,0.67,185.57759336814695
4057262831,robust_control_aware,nominal,0.019129386064888836,0.035590685425711456,0.975,0.0,0.685,186.99274820830453
3530410642,mse,nominal,0.020069423000531054,0.0397467029903258,0.975,0.0,0.715,193.2871214406078
3530410642,noise_aware,nominal,0.019565923583290328,0.039068268700917064,0.9725,0.0,0.735,192.3742023253963
3530410642,boundary_aware,nominal,0.018267714752025082,0.03707017748684706,0.9925,0.0,0.7925,191.79751439948302
3530410642,sharpness_aware,nominal,0.021100286587279932,0.03927463169162873,0.98,0.0,0.6525,192.81841873125012
3530410642,robust_control_aware,nominal,0.018676026964106793,0.032932723873669564,0.9875,0.0,0.6125,195.33973075087547
668701307,mse,nominal,0.019662334212775242,0.03921519058166851,0.9825,0.0,0.745,187.7644864966065
668701307,noise_aware,nominal,0.018915245279938955,0.03647604079414378,0.975,0.0,0.7775,186.9384121344661
668701307,boundary_aware,nominal,0.018187941937269265,0.03599522532720813,0.99,0.0,0.795,187.58467887124843
668701307,sharpness_aware,nominal,0.020893805581182,0.04187339611002252,0.98,0.0,0.66,187.09657223196115
668701307,robust_control_aware,nominal,0.018250449308611284,0.032692815677948635,0.985,0.0,0.6975,186.16054841634715
2440047106,mse,nominal,0.019414902821669393,0.03747794944647381,0.9825,0.0,0.73,194.11886220998366
2440047106,noise_aware,nominal,0.018631263662834588,0.038841178940734376,0.9825,0.0,0.7825,192.81087564559422
2440047106,boundary_aware,nominal,0.018098214755713972,0.03463822893144118,0.9825,0.0,0.7925,189.66896523061098
2440047106,sharpness_aware,nominal,0.02045169832574962,0.03929454539949114,0.98,0.0,0.66,192.26856064841223
2440047106,robust_control_aware,nominal,0.018115227085277515,0.03150699191356509,0.985,0.0,0.6525,192.46442716694884
3736759803,mse,nominal,0.01929809825077987,0.03780531847701504,0.9925,0.0,0.7525,193.61946330188798
3736759803,noise_aware,nominal,0.019126816168191892,0.04114278086575279,0.98,0.0,0.7525,194.66873814616088
3736759803,boundary_aware,nominal,0.017621282658288898,0.03513736615666254,0.9825,0.0,0.8375,191.2313154106667
3736759803,sharpness_aware,nominal,0.021071819984895764,0.04147428793085861,0.975,0.0,0.6425,193.21297251820621
3736759803,robust_control_aware,nominal,0.01821463027072755,0.031717936205840444,0.985,0.0,0.7125,191.80365944986795
15234333,mse,nominal,0.020858021904319183,0.044374448443720294,0.96,0.0,0.735,182.54932011444535
15234333,noise_aware,nominal,0.020303558331303213,0.04541728190623737,0.9575,0.0,0.765,179.48663559879776
15234333,boundary_aware,nominal,0.019674186831594484,0.04022336597498251,0.975,0.0,0.7925,178.8064674331476
15234333,sharpness_aware,nominal,0.02199482714435252,0.046848583459495156,0.9625,0.0,0.6675,180.1454419158494
15234333,robust_control_aware,nominal,0.019244874812532235,0.038370984624071805,0.9775,0.0,0.715,179.78798980226765
667584176,mse,nominal,0.01991679173874763,0.03883448420959033,0.975,0.0,0.755,188.48022317506627
667584176,noise_aware,nominal,0.019863914746302586,0.04016087194235905,0.97,0.0,0.7625,188.69092633260414
667584176,boundary_aware,nominal,0.018113883229182236,0.035424128011709625,0.9825,0.0,0.78,186.16305612301005
667584176,sharpness_aware,nominal,0.02091276132158915,0.039075525049936166,0.9725,0.0,0.6975,187.58469123167896
667584176,robust_control_aware,nominal,0.018155740307716814,0.03144354221189408,0.9875,0.0,0.6775,186.85912216867973
4066184225,mse,nominal,0.018723402613238238,0.03698274850695158,0.99,0.0,0.74,197.4815099920009
4066184225,noise_aware,nominal,0.01821553143120494,0.036828278203930774,0.99,0.0,0.7625,196.58798460137206
4066184225,boundary_aware,nominal,0.017139453769965115,0.033450355246097456,0.9975,0.0,0.7675,194.18809002478287
4066184225,sharpness_aware,nominal,0.019843688271903054,0.03908672028404362,0.995,0.0,0.675,196.91945294115777
4066184225,robust_control_aware,nominal,0.017466840315232365,0.029886471714258834,1.0,0.0,0.6325,196.8985060112907
1886451804,mse,nominal,0.020147851076063043,0.04069806203501079,0.975,0.0,0.7575,189.73528806226318
1886451804,noise_aware,nominal,0.018909412555724828,0.03967773590863145,0.98,0.0,0.755,188.53968416474495
1886451804,boundary_aware,nominal,0.018385677198995375,0.03718208434056425,0.9825,0.0,0.77,185.8801124339912
1886451804,sharpness_aware,nominal,0.021239218521028735,0.04236408189055753,0.9725,0.0,0.67,187.3996594702494
1886451804,robust_control_aware,nominal,0.01929144842652933,0.03396816806538772,0.9825,0.0,0.655,188.76438659932916
2272934004,mse,nominal,0.019984975466969174,0.0394125103324494,0.98,0.0,0.7525,191.89704760566016
2272934004,noise_aware,nominal,0.018592569651655788,0.037071498067055016,0.985,0.0,0.7875,190.43894314208995
2272934004,boundary_aware,nominal,0.018208179015653504,0.03576743158631388,0.99,0.0,0.7875,189.58227664865734
2272934004,sharpness_aware,nominal,0.020916891737629544,0.040355433393191954,0.9825,0.0,0.69,190.80670523746096
2272934004,robust_control_aware,nominal,0.01853859125046607,0.032076652811585886,0.99,0.0,0.66,189.1671588086589
938779823,mse,nominal,0.019874000960557848,0.038857605378442274,0.9775,0.0,0.735,190.2005312793135
938779823,noise_aware,nominal,0.018395469162214954,0.034297524482507336,0.985,0.0,0.7925,188.42960783349895
938779823,boundary_aware,nominal,0.01830682041336325,0.03876650175028354,0.98,0.0,0.7825,187.85452069216763
938779823,sharpness_aware,nominal,0.02104322562064388,0.04073123205159765,0.98,0.0,0.68,188.7843085689315
938779823,robust_control_aware,nominal,0.01873276049347888,0.0330196659387381,0.98,0.0,0.66,189.62813322770955
2703660895,mse,nominal,0.01967521560870286,0.04317649604683347,0.975,0.0,0.7475,192.93724558159062
2703660895,noise_aware,nominal,0.01923136613571263,0.04109242252551229,0.9775,0.0,0.76,192.40536119173527
2703660895,boundary_aware,nominal,0.01839978038466904,0.03727457927633267,0.98,0.0,0.775,190.2238973845292
2703660895,sharpness_aware,nominal,0.020792086581998392,0.03882827025995242,0.98,0.0,0.655,192.704836834206
2703660895,robust_control_aware,nominal,0.018623983956178935,0.03308761572012433,0.9775,0.0,0.645,192.39060644042584
2525182596,mse,nominal,0.01932584992734436,0.04104792358465427,0.98,0.0,0.7575,193.2627676351931
2525182596,noise_aware,nominal,0.01922187411412801,0.040275205035507106,0.9875,0.0,0.7325,194.04588321296887
2525182596,boundary_aware,nominal,0.017763645835194172,0.03365029142153089,0.9875,0.0,0.8025,187.4646522666662
2525182596,sharpness_aware,nominal,0.020439206368616132,0.040018603842762526,0.9825,0.0,0.645,191.83073373646715
2525182596,robust_control_aware,nominal,0.01795256666032298,0.03280340185455069,0.985,0.0,0.64,192.00845774108043
4018511418,mse,nominal,0.019884775213339964,0.040470277969174275,0.98,0.0,0.7725,193.2661595764239
4018511418,noise_aware,nominal,0.018775033532476164,0.03919141225883143,0.985,0.0,0.795,190.90733628527028
4018511418,boundary_aware,nominal,0.01819415274201953,0.035794611848430864,0.9875,0.0,0.805,190.5966540645083
4018511418,sharpness_aware,nominal,0.02064470751964297,0.040796778644408914,0.98,0.0,0.6775,191.31341135501168
4018511418,robust_control_aware,nominal,0.01848604389396744,0.031142758498844677,0.985,0.0,0.64,191.60305063236322
1772851305,mse,nominal,0.019548855402526256,0.04128759190627231,0.98,0.0,0.77,187.46491203554294
1772851305,noise_aware,nominal,0.01885404689839474,0.036081640142893626,0.985,0.0,0.78,186.8292482177477
1772851305,boundary_aware,nominal,0.01834195787802958,0.03680679070557711,0.9875,0.0,0.815,186.42782704840067
1772851305,sharpness_aware,nominal,0.020645644775460027,0.04152072121886373,0.965,0.0,0.715,187.45787195947526
1772851305,robust_control_aware,nominal,0.01905514200368731,0.03399371053705008,0.9775,0.0,0.6475,186.96157832822314
2235246993,mse,nominal,0.018838940882045633,0.03629663604461698,0.9875,0.0,0.76,192.4576788289686
2235246993,noise_aware,nominal,0.018211504905042794,0.035686593163057986,0.9925,0.0,0.765,191.39523779312782
2235246993,boundary_aware,nominal,0.01783439104105076,0.03344356893369597,0.99,0.0,0.76,190.0633724803874
2235246993,sharpness_aware,nominal,0.02059815465475848,0.03856803650193539,0.9875,0.0,0.67,191.61988549558015
2235246993,robust_control_aware,nominal,0.017810230799054277,0.030994056180447208,0.99,0.0,0.6625,193.84143565271688
2430720536,mse,nominal,0.01972102573309116,0.03891954510436481,0.975,0.0,0.7475,189.64141469919485
2430720536,noise_aware,nominal,0.01928634959430121,0.04116707376659427,0.9775,0.0,0.7625,186.10442615464962
2430720536,boundary_aware,nominal,0.01901502964937655,0.036681030896717336,0.975,0.0,0.8125,186.7418750515187
2430720536,sharpness_aware,nominal,0.021409280056328,0.03987067465791224,0.975,0.0,0.6425,187.97328387153937
2430720536,robust_control_aware,nominal,0.018427579644327428,0.03205222852417292,0.99,0.0,0.655,190.24325701735228
628175963,mse,nominal,0.018931699625134833,0.036897805147105986,0.9875,0.0,0.7575,195.1264837794118
628175963,noise_aware,nominal,0.018018100979293118,0.03554500828559494,0.99,0.0,0.7775,193.49347510055995
628175963,boundary_aware,nominal,0.017802932892845274,0.03524350994977399,0.99,0.0,0.79,193.32976202300827
628175963,sharpness_aware,nominal,0.020490829086867963,0.04040087591509483,0.985,0.0,0.64,192.51824012523412
628175963,robust_control_aware,nominal,0.0178886870939641,0.031003267011083472,0.99,0.0,0.665,191.42990599440083
299474548,mse,nominal,0.020077757805651453,0.041462769387900625,0.9725,0.0,0.7475,193.24377227761488
299474548,noise_aware,nominal,0.01892588295909378,0.03976768057649281,0.975,0.0,0.75,191.40295289167577
299474548,boundary_aware,nominal,0.0185717257588265,0.03727692651124511,0.9825,0.0,0.79,189.01868806482315
299474548,sharpness_aware,nominal,0.020572466162602786,0.04268922842877065,0.975,0.0,0.68,191.578444866417
299474548,robust_control_aware,nominal,0.01832620761168293,0.03170772205139051,0.985,0.0,0.6725,191.43622325831535
1273168757,mse,nominal,0.01975736041757421,0.03736093172060158,0.98,0.0,0.7375,191.06923657630466
1273168757,noise_aware,nominal,0.01897104224076622,0.038595708884999524,0.975,0.0,0.7775,190.64127654010298
1273168757,boundary_aware,nominal,0.018335240992935885,0.03451693212465991,0.98,0.0,0.7575,189.61601731361998
1273168757,sharpness_aware,nominal,0.02029580975061494,0.04013409842579297,0.9825,0.0,0.66,190.26525108504254
1273168757,robust_control_aware,nominal,0.01805138403705827,0.030785690201424097,0.9875,0.0,0.645,190.09671140164227
273733572,mse,nominal,0.0189748869008238,0.0380757441525132,0.9875,0.0,0.74,189.60852966524243
273733572,noise_aware,nominal,0.019035030056514378,0.03899035821410291,0.985,0.0,0.7825,188.66051161068765
273733572,boundary_aware,nominal,0.018770870624037636,0.03599541993729308,0.985,0.0,0.7925,188.1152761171394
273733572,sharpness_aware,nominal,0.020776106871895753,0.04184259541735406,0.98,0.0,0.675,188.25417144390164
273733572,robust_control_aware,nominal,0.018389387770206798,0.03144222634296299,0.985,0.0,0.635,189.21438659766665
3144435095,mse,nominal,0.021590794457046654,0.047118788533533726,0.9525,0.0,0.74,183.48302956206018
3144435095,noise_aware,nominal,0.02079758668783211,0.04474269104550311,0.96,0.0,0.75,182.76624905597805
3144435095,boundary_aware,nominal,0.019679693061000366,0.04149561496242703,0.97,0.0,0.775,180.99783101216556
3144435095,sharpness_aware,nominal,0.022015759648827085,0.04443939277051189,0.9625,0.0,0.685,182.81335113699822
3144435095,robust_control_aware,nominal,0.019730753266024068,0.0370319469113235,0.97,0.0,0.7,181.34814594363476
2633701326,mse,nominal,0.020079067326585234,0.041276122986868134,0.9725,0.0,0.775,191.3331203472463
2633701326,noise_aware,nominal,0.018971486668118997,0.03744456522679151,0.975,0.0,0.765,190.3330036587102
2633701326,boundary_aware,nominal,0.01828617029138599,0.038182982924095374,0.9775,0.0,0.8025,186.30478283832696
2633701326,sharpness_aware,nominal,0.02152896701914548,0.041577629597175154,0.97,0.0,0.655,188.15624381052254
2633701326,robust_control_aware,nominal,0.019197184898707025,0.03288779005483683,0.975,0.0,0.6825,190.84821731394118
4211238376,mse,nominal,0.018747558070660007,0.03498624859375805,0.9925,0.0,0.73,195.55595285300723
4211238376,noise_aware,nominal,0.01821739776874305,0.03392438045495567,0.995,0.0,0.7625,194.5879102406421
4211238376,boundary_aware,nominal,0.01842919491396447,0.035716093819945116,0.99,0.0,0.7625,194.87370199935046
4211238376,sharpness_aware,nominal,0.02058431079962606,0.03943459348269297,0.98,0.0,0.645,194.7642546294879
4211238376,robust_control_aware,nominal,0.018466534270838494,0.031105916683634282,0.9925,0.0,0.65,195.9607336743008
1111838367,mse,nominal,0.02019386555268954,0.0410435509472893,0.9775,0.0,0.765,189.79007156951252
1111838367,noise_aware,nominal,0.018713016133148987,0.035579609512980136,0.985,0.0,0.7725,190.36474446823883
1111838367,boundary_aware,nominal,0.01795808128066436,0.03637917074415786,0.9825,0.0,0.81,187.16894441206335
1111838367,sharpness_aware,nominal,0.020468847687787582,0.03915256626019967,0.975,0.0,0.685,189.45300687563997
1111838367,robust_control_aware,nominal,0.018629886528710192,0.03239693666717819,0.99,0.0,0.6825,189.96919712794175
3524972486,mse,nominal,0.01910397302163652,0.03602489782903071,0.99,0.0,0.7425,192.43456684414582
3524972486,noise_aware,nominal,0.018916474124020744,0.03774152048083568,0.985,0.0,0.82,193.4449049782409
3524972486,boundary_aware,nominal,0.01828422959195598,0.034370114943888,0.99,0.0,0.7775,191.65186219793998
3524972486,sharpness_aware,nominal,0.020264135878531837,0.03911626550266055,0.985,0.0,0.69,192.0909218304583
3524972486,robust_control_aware,nominal,0.018653388597464206,0.03371564437682108,0.9825,0.0,0.6375,191.72218138212477
3560542704,mse,nominal,0.018803631931453763,0.03716345269063414,0.995,0.0,0.7025,193.8515641610161
3560542704,noise_aware,nominal,0.018639274436328682,0.03778774377612382,0.985,0.0,0.765,191.9873565020664
3560542704,boundary_aware,nominal,0.017768132450601878,0.03632676379234661,0.985,0.0,0.7925,190.6949292231261
3560542704,sharpness_aware,nominal,0.021310217434021693,0.041142894839189315,0.97,0.0,0.6425,193.15149670868777
3560542704,robust_control_aware,nominal,0.01794615720197381,0.031330529623537155,0.9925,0.0,0.6775,192.75621285906396
3731969181,mse,nominal,0.020243649367330904,0.041902064673106705,0.9725,0.0,0.76,186.37157353292088
3731969181,noise_aware,nominal,0.019825928179878844,0.041965316388677766,0.965,0.0,0.7225,187.9814462274489
3731969181,boundary_aware,nominal,0.018415307679981528,0.03695570276361067,0.98,0.0,0.7775,185.27038073557378
3731969181,sharpness_aware,nominal,0.021680937138404216,0.040280964898156975,0.9675,0.0,0.6575,186.65327673079156
3731969181,robust_control_aware,nominal,0.018614226572901307,0.03520722734427065,0.975,0.0,0.715,186.3941860654121
1211268588,mse,nominal,0.020067379893499347,0.03806033684235444,0.9825,0.0,0.77,187.43834142808748
1211268588,noise_aware,nominal,0.019389911022283067,0.037980507255040555,0.975,0.0,0.7675,186.78442662547525
1211268588,boundary_aware,nominal,0.018470791740331748,0.03563682754800997,0.985,0.0,0.795,184.62877389544371
1211268588,sharpness_aware,nominal,0.021685173360249898,0.041766874638557806,0.97,0.0,0.6275,187.23851962284309
1211268588,robust_control_aware,nominal,0.018933146567826017,0.033790081756907606,0.9825,0.0,0.6625,187.4795199197505
592709181,mse,nominal,0.0193423766791511,0.038660897561581566,0.98,0.0,0.74,189.8545194028601
592709181,noise_aware,nominal,0.01877476074201476,0.03672170563317469,0.985,0.0,0.79,188.28316447060462
592709181,boundary_aware,nominal,0.01807199140490707,0.03507814004238492,0.99,0.0,0.7575,186.2691587091319
592709181,sharpness_aware,nominal,0.020753737799139107,0.04216486890474271,0.975,0.0,0.7025,187.27600615680308
592709181,robust_control_aware,nominal,0.018543901152679468,0.031645868814604405,0.9875,0.0,0.6625,188.10317737336925
1007944539,mse,nominal,0.019327401843237765,0.03895828807927005,0.9775,0.0,0.785,190.67820687502416
1007944539,noise_aware,nominal,0.018919640250783482,0.039641895462840276,0.9825,0.0,0.7725,189.7500390095745
1007944539,boundary_aware,nominal,0.018285348690696476,0.035136502204789206,0.98,0.0,0.7625,188.66067074190948
1007944539,sharpness_aware,nominal,0.020608551455423334,0.03984662030625425,0.975,0.0,0.6625,190.40027299599035
1007944539,robust_control_aware,nominal,0.018376579569611057,0.03306067862011819,0.985,0.0,0.65,190.75612298502963
2619667409,mse,nominal,0.019414497922654372,0.03820485678253791,0.985,0.0,0.7575,188.20314779236344
2619667409,noise_aware,nominal,0.018841451296626253,0.03762245487910021,0.985,0.0,0.76,186.60881774106605
2619667409,boundary_aware,nominal,0.019039059530364402,0.03913931622847503,0.98,0.0,0.7775,185.43560794687215
2619667409,sharpness_aware,nominal,0.020758265201809126,0.03891499510801487,0.985,0.0,0.67,186.97701283268512
2619667409,robust_control_aware,nominal,0.01810428360636984,0.03179267165678093,0.99,0.0,0.7175,186.78151460429555
1380973866,mse,nominal,0.019270802543504485,0.038654725826030856,0.9875,0.0,0.7225,188.24248186271447
1380973866,noise_aware,nominal,0.01871633517302163,0.03705133901019532,0.99,0.0,0.765,187.79310958919478
1380973866,boundary_aware,nominal,0.018852042573658138,0.03708549240980815,0.9825,0.0,0.775,186.8242805583746
1380973866,sharpness_aware,nominal,0.02078870149746553,0.03866815847781985,0.9825,0.0,0.6625,187.41508626500377
1380973866,robust_control_aware,nominal,0.018507699566921526,0.03303857621223356,0.985,0.0,0.6725,186.98385056939233
2991984838,mse,nominal,0.020030845498366964,0.03753518236634537,0.985,0.0,0.7375,189.2158422477841
2991984838,noise_aware,nominal,0.01914012870286288,0.03859532366469238,0.9825,0.0,0.745,188.0275278812499
2991984838,boundary_aware,nominal,0.018086621715719727,0.035626158453149745,0.9875,0.0,0.81,184.489139880737
2991984838,sharpness_aware,nominal,0.02109769700986053,0.039406826350632904,0.98,0.0,0.6475,186.32964226891613
2991984838,robust_control_aware,nominal,0.017859335783057036,0.03167340334173832,0.99,0.0,0.695,186.0870972840952
3888342105,mse,nominal,0.019877890952580298,0.04015671406069586,0.9725,0.0,0.7575,184.26633335331638
3888342105,noise_aware,nominal,0.019534528506158163,0.04133233587277059,0.9725,0.0,0.7575,184.33385623935595
3888342105,boundary_aware,nominal,0.019203772784462482,0.03849397899530205,0.97,0.0,0.7575,181.09888177860734
3888342105,sharpness_aware,nominal,0.02167822296955846,0.043093719519837016,0.965,0.0,0.6675,183.7615446336301
3888342105,robust_control_aware,nominal,0.018560770066473074,0.03293091628043215,0.985,0.0,0.735,183.9327812201123
961152600,mse,nominal,0.020034904242199714,0.040051224450237045,0.975,0.0,0.74,189.6417312225051
961152600,noise_aware,nominal,0.020069378131036125,0.040391716568903197,0.965,0.0,0.7775,187.47174410762088
961152600,boundary_aware,nominal,0.01864857933143999,0.03852381632891719,0.9775,0.0,0.805,187.27189746512283
961152600,sharpness_aware,nominal,0.021859241366847092,0.04305287978455069,0.9725,0.0,0.6675,187.26147755295742
961152600,robust_control_aware,nominal,0.019476401472820978,0.033282811901615826,0.9775,0.0,0.625,188.05027269201094
1122170712,mse,nominal,0.019793028971092426,0.04024821328857098,0.9775,0.0,0.735,187.36744706076635
1122170712,noise_aware,nominal,0.019309274469928774,0.0362578142804517,0.9775,0.0,0.7725,187.34205460187974
1122170712,boundary_aware,nominal,0.019196306742783147,0.03823248800541226,0.97,0.0,0.7775,186.19401855873627
1122170712,sharpness_aware,nominal,0.021021748575903665,0.04179313458013146,0.9775,0.0,0.67,186.531751411181
1122170712,robust_control_aware,nominal,0.018932607018028732,0.032272668731125796,0.9725,0.0,0.595,187.57551118157218
869103479,mse,nominal,0.020368211676955038,0.04374132997512387,0.9725,0.0,0.725,183.00819604563551
869103479,noise_aware,nominal,0.01921520408150288,0.040923277429617023,0.985,0.0,0.785,183.5184411253192
869103479,boundary_aware,nominal,0.01938336957751875,0.040355403059459005,0.9675,0.0,0.785,181.34918383571747
869103479,sharpness_aware,nominal,0.02212818809577441,0.045090914504199095,0.9725,0.0,0.67,182.85893889107984
869103479,robust_control_aware,nominal,0.019332629208982207,0.036532054145676174,0.9775,0.0,0.65,184.32059078586045
3388555971,mse,nominal,0.019457461117733797,0.04050999065276025,0.985,0.0,0.735,189.68041001747304
3388555971,noise_aware,nominal,0.01879894743687502,0.03824726511125594,0.9825,0.0,0.7425,187.17430700562085
3388555971,boundary_aware,nominal,0.01843361510593857,0.03781270835534186,0.9825,0.0,0.7925,185.60988470989406
3388555971,sharpness_aware,nominal,0.021256735984259416,0.04068078735357189,0.975,0.0,0.6475,187.0687467578737
3388555971,robust_control_aware,nominal,0.018666113325465587,0.03310215630462864,0.975,0.0,0.6575,187.9111954105731
665427334,mse,nominal,0.020043876897257763,0.039371867693105606,0.9775,0.0,0.765,184.7468138149698
665427334,noise_aware,nominal,0.019253266689991326,0.04274660357560646,0.965,0.0,0.8025,184.8546113205461
665427334,boundary_aware,nominal,0.019243761494341538,0.037877015466721224,0.9725,0.0,0.745,182.32788603065185
665427334,sharpness_aware,nominal,0.021360839659117514,0.0405622068243521,0.9725,0.0,0.675,184.60505345508074
665427334,robust_control_aware,nominal,0.019339181957257864,0.037314036965844614,0.9725,0.0,0.7025,185.1393264627057
3359940053,mse,nominal,0.01907504380853241,0.038503877182688856,0.99,0.0,0.7325,193.29292749872747
3359940053,noise_aware,nominal,0.01894236589615274,0.035324865589598145,0.9825,0.0,0.7625,190.8192557882874
3359940053,boundary_aware,nominal,0.017508238271222273,0.033193108845769696,0.9925,0.0,0.785,188.82432793892383
3359940053,sharpness_aware,nominal,0.020071565440982753,0.037945271823329706,0.9825,0.0,0.67,190.62356576422027
3359940053,robust_control_aware,nominal,0.018008151348764975,0.03251081458282209,0.99,0.0,0.635,191.14209251674015
3768241039,mse,nominal,0.01948328920228346,0.039388622862637376,0.98,0.0,0.745,188.27459642689456
3768241039,noise_aware,nominal,0.019238765702485214,0.037433857883476446,0.9825,0.0,0.7375,186.73431314607575
3768241039,boundary_aware,nominal,0.01838389363060122,0.03770314123549439,0.9775,0.0,0.8325,184.61610859676023
3768241039,sharpness_aware,nominal,0.021146525286180683,0.03991136000618404,0.97,0.0,0.705,186.11488067729476
3768241039,robust_control_aware,nominal,0.01839025383724273,0.032668841332220935,0.985,0.0,0.63,186.4732705573379
615465185,mse,nominal,0.02025582754155635,0.040079856006264424,0.97,0.0,0.7575,192.4115449046434
615465185,noise_aware,nominal,0.019215839403464996,0.03768124435131007,0.9825,0.0,0.79,192.4606163015678
615465185,boundary_aware,nominal,0.017859768160530413,0.035766424660464834,0.99,0.0,0.825,189.26136266050736
615465185,sharpness_aware,nominal,0.020934107415297793,0.04009665535480174,0.98,0.0,0.6825,190.4195812486328
615465185,robust_control_aware,nominal,0.019385630319157608,0.03323574712033079,0.97,0.0,0.67,189.32416086360666
4062591317,mse,nominal,0.01906578615686963,0.037243819161316215,0.9925,0.0,0.7375,194.82846150218208
4062591317,noise_aware,nominal,0.017938685618968258,0.03468144563240779,0.99,0.0,0.78,193.54397689265718
4062591317,boundary_aware,nominal,0.017418730291107933,0.03318018468015147,0.9925,0.0,0.7875,190.5171668719375
4062591317,sharpness_aware,nominal,0.020419199165565803,0.036742249618569985,0.9925,0.0,0.685,191.61193889460304
4062591317,robust_control_aware,nominal,0.018166766029263894,0.03253137748137615,0.9925,0.0,0.6425,193.29327882007155
2237893018,mse,nominal,0.019942059337228524,0.04182644553352407,0.975,0.0,0.7225,187.99742161132104
2237893018,noise_aware,nominal,0.01954654536045021,0.03986316300026351,0.975,0.0,0.76,187.53806871671466
2237893018,boundary_aware,nominal,0.018350179963618554,0.03577220388818707,0.9825,0.0,0.79,186.63699594750238
2237893018,sharpness_aware,nominal,0.02174478236395131,0.041220011128170336,0.97,0.0,0.6425,188.69248815197722
2237893018,robust_control_aware,nominal,0.01868895366240622,0.03246968691759412,0.985,0.0,0.6525,188.05124476748873
3266084952,mse,nominal,0.019413835243640903,0.039381604613553015,0.9875,0.0,0.7625,190.68449456356137
3266084952,noise_aware,nominal,0.018466559263048975,0.0369578791191838,0.985,0.0,0.765,189.588011191019
3266084952,boundary_aware,nominal,0.017795817230897265,0.03538479457638788,0.9875,0.0,0.79,188.17017536158107
3266084952,sharpness_aware,nominal,0.02076920890603662,0.04059747569668714,0.9775,0.0,0.69,189.90103489334788
3266084952,robust_control_aware,nominal,0.018124940814071757,0.03153684261669594,0.9875,0.0,0.685,190.49802983430016
1411004866,mse,nominal,0.02046998804287905,0.04262202551162333,0.9675,0.0,0.71,191.10741275243316
1411004866,noise_aware,nominal,0.01955501008269047,0.040041143578109624,0.975,0.0,0.7925,189.9009445530029
1411004866,boundary_aware,nominal,0.018853212889471897,0.03875296092023249,0.9675,0.0,0.7875,187.54823982813772
1411004866,sharpness_aware,nominal,0.021748762640042205,0.04290079089845857,0.9625,0.0,0.6525,186.42441851333496
1411004866,robust_control_aware,nominal,0.01970096992462877,0.036939438167734984,0.9725,0.0,0.65,187.73750569061252
720401177,mse,nominal,0.0201368483121944,0.03954324583208282,0.98,0.0,0.7325,190.71166225210322
720401177,noise_aware,nominal,0.018690681002908077,0.03968813560086684,0.9825,0.0,0.7625,189.061146553378
720401177,boundary_aware,nominal,0.018553869882424336,0.03710258910405969,0.9925,0.0,0.805,189.70849024956556
720401177,sharpness_aware,nominal,0.020736170984619943,0.04146745582523526,0.965,0.0,0.6675,188.47428202244836
720401177,robust_control_aware,nominal,0.01821005666662419,0.033013144218576394,0.985,0.0,0.705,188.53382514076017
842612503,mse,nominal,0.01970440406808153,0.04005985124783638,0.975,0.0,0.735,185.9027170529198
842612503,noise_aware,nominal,0.01861058026663599,0.03600197120096149,0.9775,0.0,0.765,184.88715618262432
842612503,boundary_aware,nominal,0.01814850795820725,0.03464138031504983,0.9725,0.0,0.785,183.4383267625518
842612503,sharpness_aware,nominal,0.020226850437300086,0.0390378992814281,0.985,0.0,0.69,185.25588215228822
842612503,robust_control_aware,nominal,0.018250367809545,0.03223574268690471,0.98,0.0,0.61,184.25775407786466
333431731,mse,nominal,0.019202378745428465,0.03824486760361345,0.985,0.0,0.7625,191.3164689366729
333431731,noise_aware,nominal,0.01876536205498126,0.0393147658758671,0.9775,0.0,0.7775,191.3459756314864
333431731,boundary_aware,nominal,0.018181719577409324,0.03651570969083075,0.98,0.0,0.75,188.54545096924448
333431731,sharpness_aware,nominal,0.01968844939390127,0.036907110448720366,0.995,0.0,0.675,191.23694431893216
333431731,robust_control_aware,nominal,0.01788518309652314,0.03143268470275622,0.995,0.0,0.6525,191.70054764161193
1545097157,mse,nominal,0.019715800668297236,0.03827383214031761,0.98,0.0,0.72,187.71004208714754
1545097157,noise_aware,nominal,0.01885312965963548,0.03921024816342133,0.985,0.0,0.7675,188.244518460841
1545097157,boundary_aware,nominal,0.018582377894024966,0.03670246541785452,0.9775,0.0,0.79,186.98554927023565
1545097157,sharpness_aware,nominal,0.021174193979028765,0.04124899101509722,0.975,0.0,0.6725,188.83286160367126
1545097157,robust_control_aware,nominal,0.018671036432512014,0.03208269096282939,0.99,0.0,0.6375,188.96709308419156
1736380347,mse,nominal,0.019743311633833298,0.04033185355709125,0.97,0.0,0.74,190.08728727911662
1736380347,noise_aware,nominal,0.019562836943587243,0.04032117239678986,0.975,0.0,0.775,189.50493439652047
1736380347,boundary_aware,nominal,0.018439314043691982,0.036462729682454696,0.9875,0.0,0.83,190.1216128827546
1736380347,sharpness_aware,nominal,0.02090770314531136,0.04142515154956693,0.98,0.0,0.69,188.64591823018327
1736380347,robust_control_aware,nominal,0.018857820041072493,0.03170970903770613,0.99,0.0,0.6775,189.33562497760028
1586847244,mse,nominal,0.02146465099448731,0.04638419012243427,0.96,0.0,0.7225,185.75892868911262
1586847244,noise_aware,nominal,0.0200342557166715,0.04478447914692742,0.97,0.0,0.755,183.803643894058
1586847244,boundary_aware,nominal,0.019288474850051897,0.039081626947836214,0.9775,0.0,0.76,183.30009830102904
1586847244,sharpness_aware,nominal,0.022139495488324022,0.04407217363524202,0.9575,0.0,0.6475,184.66412368354736
1586847244,robust_control_aware,nominal,0.019021283035599183,0.03622489139514232,0.985,0.0,0.65,184.2601530980612
1355937599,mse,nominal,0.0195264045826165,0.040306228412962455,0.9825,0.0,0.73,189.9476612026005
1355937599,noise_aware,nominal,0.018945688720932365,0.038860392893362,0.9775,0.0,0.7475,189.629822443762
1355937599,boundary_aware,nominal,0.01844653095165384,0.03522750007531798,0.9775,0.0,0.81,188.46125596455732
1355937599,sharpness_aware,nominal,0.021305619525399222,0.04222904026990041,0.975,0.0,0.6475,190.03105591880626
1355937599,robust_control_aware,nominal,0.01830840853703002,0.030464416884777478,0.985,0.0,0.63,189.67659527578127
4003953246,mse,nominal,0.02002307598050896,0.03861901011413411,0.9725,0.0,0.745,187.56398951505443
4003953246,noise_aware,nominal,0.019861543276359514,0.039277419264757765,0.9675,0.0,0.7875,187.9132424383152
4003953246,boundary_aware,nominal,0.019520145963010258,0.03811302953120351,0.9625,0.0,0.7625,186.6503535029389
4003953246,sharpness_aware,nominal,0.021192148524205975,0.040139707906510225,0.9675,0.0,0.705,185.08538146834502
4003953246,robust_control_aware,nominal,0.018921542830387408,0.0334590182529448,0.9775,0.0,0.67,186.80956175775572
2574173112,mse,nominal,0.020387311406082107,0.04090119677458749,0.98,0.0,0.735,193.39836999580837
2574173112,noise_aware,nominal,0.019251171005547185,0.04027417950274564,0.975,0.0,0.75,191.3413523625435
2574173112,boundary_aware,nominal,0.018499282853482468,0.036175234126978026,0.9775,0.0,0.78,189.77259205398488
2574173112,sharpness_aware,nominal,0.021311980512889545,0.04111823422514747,0.965,0.0,0.6375,190.2929430811714
2574173112,robust_control_aware,nominal,0.019013451160884553,0.035487076638166894,0.975,0.0,0.655,192.7014527088338
663250219,mse,nominal,0.019274461333993922,0.03817991435623384,0.9825,0.0,0.765,187.7422662542312
663250219,noise_aware,nominal,0.01926791148332699,0.03942181399771153,0.985,0.0,0.7625,186.66901205116898
663250219,boundary_aware,nominal,0.018207706196263346,0.03628703062839866,0.9825,0.0,0.805,185.84558179882282
663250219,sharpness_aware,nominal,0.021364280205174387,0.04155396746862227,0.98,0.0,0.6275,185.15952527502273
663250219,robust_control_aware,nominal,0.018790949182194473,0.032746807485932415,0.99,0.0,0.585,187.76189862437232
1981101797,mse,nominal,0.0195629222969132,0.03950707413839464,0.975,0.0,0.725,194.5905179315153
1981101797,noise_aware,nominal,0.018347488830933248,0.03507366127433415,0.9825,0.0,0.7525,191.60209695885362
1981101797,boundary_aware,nominal,0.018290767298819507,0.03624407005202922,0.985,0.0,0.7925,190.34926929277103
1981101797,sharpness_aware,nominal,0.02025093228112322,0.040130064260478736,0.975,0.0,0.6875,190.039932752595
1981101797,robust_control_aware,nominal,0.01890810279186632,0.03249990902432092,0.985,0.0,0.6425,192.8688068743368
1848209715,mse,nominal,0.019667214949840944,0.040000512638157494,0.985,0.0,0.715,192.51513748005198
1848209715,noise_aware,nominal,0.018910164356799736,0.03826678467282943,0.9775,0.0,0.7275,191.47058821462213
1848209715,boundary_aware,nominal,0.01776874705540596,0.0330986950481991,0.9875,0.0,0.8,187.67131916181594
1848209715,sharpness_aware,nominal,0.021347168464636926,0.03929241730132287,0.975,0.0,0.6225,191.49164630921155
1848209715,robust_control_aware,nominal,0.01849294777559777,0.031381277264623066,0.9825,0.0,0.625,192.12324541238706
4012012906,mse,nominal,0.020517969323134697,0.04047142422148871,0.9725,0.0,0.76,188.34818357478923
4012012906,noise_aware,nominal,0.02058055803872052,0.04326248658381732,0.96,0.0,0.79,187.4341223080691
4012012906,boundary_aware,nominal,0.019479781257660173,0.04255262941575083,0.9675,0.0,0.7775,185.7750380488615
4012012906,sharpness_aware,nominal,0.02218723188525147,0.04285700793615551,0.9675,0.0,0.66,188.55878073471393
4012012906,robust_control_aware,nominal,0.018940589038925863,0.03553264932960821,0.9725,0.0,0.705,186.00306471239765
2066889296,mse,nominal,0.020875577494953803,0.04039961628125539,0.97,0.0,0.7275,179.28360123671303
2066889296,noise_aware,nominal,0.020466957482837146,0.043824199205309326,0.965,0.0,0.76,178.9986864733222
2066889296,boundary_aware,nominal,0.019773675789117623,0.04081889912964713,0.96,0.0,0.8125,176.83842712948135
2066889296,sharpness_aware,nominal,0.02239461844911339,0.04500429607814815,0.9575,0.0,0.665,179.0514613289302
2066889296,robust_control_aware,nominal,0.019818859232997286,0.04317238520697446,0.965,0.0,0.73,177.816241461824
2839013476,mse,nominal,0.02184879184549541,0.043245621013548015,0.965,0.0,0.7,187.68531725663115
2839013476,noise_aware,nominal,0.02058373845236911,0.043306276667042155,0.955,0.0,0.7525,184.95109172230596
2839013476,boundary_aware,nominal,0.01928228911745987,0.03820257259613191,0.9775,0.0,0.7725,181.70143360747397
2839013476,sharpness_aware,nominal,0.021843317791226325,0.044145222950167186,0.9675,0.0,0.68,185.4083614396634
2839013476,robust_control_aware,nominal,0.01980895691675999,0.03382810658430559,0.97,0.0,0.645,183.8027254318361
4045268861,mse,nominal,0.01937104390214282,0.03941058163623691,0.9875,0.0,0.735,191.43640553437552
4045268861,noise_aware,nominal,0.0187224323718206,0.0367270723061243,0.9875,0.0,0.7775,191.0898832663476
4045268861,boundary_aware,nominal,0.01857356332930714,0.03670472375838873,0.98,0.0,0.7775,190.32065991010418
4045268861,sharpness_aware,nominal,0.020585774287951244,0.039959056084484,0.9875,0.0,0.63,190.13113507456234
4045268861,robust_control_aware,nominal,0.018063574740792572,0.030669840630443576,0.99,0.0,0.6225,190.23682920152044
4008157811,mse,nominal,0.02021772453376769,0.04120907841437896,0.9775,0.0,0.735,188.57170819007987
4008157811,noise_aware,nominal,0.01933449927513425,0.03975281135068534,0.975,0.0,0.77,186.68427873605668
4008157811,boundary_aware,nominal,0.01876288460281057,0.03598792695312096,0.9775,0.0,0.785,186.5945261286982
4008157811,sharpness_aware,nominal,0.021894776796962404,0.0429137817596942,0.9625,0.0,0.6375,186.02741480937146
4008157811,robust_control_aware,nominal,0.01850413458463462,0.0326051127146859,0.9725,0.0,0.6625,184.42471356644467
2637445221,mse,nominal,0.019334165822871154,0.038682011969211144,0.99,0.0,0.7375,190.25113624796006
2637445221,noise_aware,nominal,0.01891366284052381,0.03592866568556929,0.9775,0.0,0.765,188.07196398925086
2637445221,boundary_aware,nominal,0.018460388324249757,0.03733703554672147,0.9875,0.0,0.7425,188.70035916103888
2637445221,sharpness_aware,nominal,0.021300781113116035,0.03892629828749338,0.975,0.0,0.6475,190.40770033931372
2637445221,robust_control_aware,nominal,0.018653082296039375,0.03210873718144787,0.985,0.0,0.6425,189.01070222972254
1688535857,mse,nominal,0.019482904392465143,0.03788186635508515,0.9825,0.0,0.73,188.24277365364733
1688535857,noise_aware,nominal,0.01916238494011189,0.03968360077754136,0.9775,0.0,0.7625,187.4474766604922
1688535857,boundary_aware,nominal,0.017980491833197686,0.03545723118915866,0.99,0.0,0.7875,186.7873395474885
1688535857,sharpness_aware,nominal,0.020199458062699502,0.038080902529699194,0.985,0.0,0.6675,186.39883454824343
1688535857,robust_control_aware,nominal,0.01793345332498903,0.03205628667786188,0.9875,0.0,0.6825,186.72269790524206
839215811,mse,nominal,0.018583121041324698,0.03679370076295829,0.9925,0.0,0.7575,193.9710380064773
839215811,noise_aware,nominal,0.018440353197504252,0.03645387071569592,0.99,0.0,0.74,193.0329471867575
839215811,boundary_aware,nominal,0.017828211535807697,0.036070416081459895,0.995,0.0,0.7825,193.65487439727735
839215811,sharpness_aware,nominal,0.020543775609523453,0.038664091812534516,0.9925,0.0,0.6525,194.50800710632464
839215811,robust_control_aware,nominal,0.018273884716553387,0.031954447467739795,0.99,0.0,0.66,194.04856135929307
1500849119,mse,nominal,0.01995903581571339,0.039508066059855414,0.97,0.0,0.7475,186.75049416431517
1500849119,noise_aware,nominal,0.01964725924481735,0.039034673235846626,0.965,0.0,0.7525,185.37813670440906
1500849119,boundary_aware,nominal,0.018877668716166352,0.0375455926080992,0.9775,0.0,0.795,185.19085922579765
1500849119,sharpness_aware,nominal,0.021244854876973394,0.04243374818112386,0.97,0.0,0.6675,184.62523625352011
1500849119,robust_control_aware,nominal,0.018948032541461345,0.03264657963498639,0.9825,0.0,0.6725,185.71448784428375
3668171989,mse,nominal,0.019210130896997277,0.03900218232279821,0.985,0.0,0.7475,189.7344276212679
3668171989,noise_aware,nominal,0.018524739281358515,0.035842744301446704,0.985,0.0,0.7775,188.6363112264757
3668171989,boundary_aware,nominal,0.018915565871268997,0.036584787576463745,0.985,0.0,0.79,190.10922619870618
3668171989,sharpness_aware,nominal,0.021196117301283294,0.04139033044944273,0.9825,0.0,0.6675,190.26437195970533
3668171989,robust_control_aware,nominal,0.01815040638962244,0.031562798471172965,0.99,0.0,0.5875,188.07459472276878
1828316838,mse,nominal,0.020518199254049317,0.04083915332952322,0.975,0.0,0.7375,187.10206976825714
1828316838,noise_aware,nominal,0.019802274568283446,0.040271288765129656,0.97,0.0,0.7375,187.0630836790703
1828316838,boundary_aware,nominal,0.01908020575448087,0.039193747472485746,0.98,0.0,0.79,184.48747578942584
1828316838,sharpness_aware,nominal,0.021760282540865646,0.042864913465042245,0.9675,0.0,0.6525,187.3343185403579
1828316838,robust_control_aware,nominal,0.019033139612053444,0.035012277838980393,0.9725,0.0,0.7,187.1899047333573
677763140,mse,nominal,0.020510686150133815,0.03989349998087957,0.97,0.0,0.7525,188.68421562052663
677763140,noise_aware,nominal,0.019010854946419263,0.03694989006682098,0.975,0.0,0.77,187.35558134082612
677763140,boundary_aware,nominal,0.018542434021723862,0.036072507208087114,0.985,0.0,0.785,186.74744553674253
677763140,sharpness_aware,nominal,0.02138876738976045,0.04202544958209993,0.97,0.0,0.6625,188.5270451088873
677763140,robust_control_aware,nominal,0.0191917627137126,0.03602076246976642,0.9775,0.0,0.66,188.51312157015582
1119181405,mse,nominal,0.020100139155446922,0.041026801023697795,0.975,0.0,0.75,186.7156853660177
1119181405,noise_aware,nominal,0.01938178480710775,0.03917287773631471,0.9725,0.0,0.775,186.02505043362586
1119181405,boundary_aware,nominal,0.018778359561352907,0.035929300991247345,0.9775,0.0,0.795,184.7553858364002
1119181405,sharpness_aware,nominal,0.02168287100745274,0.04402268866637407,0.9725,0.0,0.695,185.99485729898367
1119181405,robust_control_aware,nominal,0.019121959504555707,0.034859889422345365,0.9775,0.0,0.6575,185.59684630268197
2169860784,mse,nominal,0.01994469685791999,0.03996311467221476,0.975,0.0,0.7525,191.79998980544283
2169860784,noise_aware,nominal,0.018375857516549434,0.03648724704063539,0.98,0.0,0.765,189.6124225091257
2169860784,boundary_aware,nominal,0.01862017276813659,0.035141129789066174,0.975,0.0,0.815,190.1636621329003
2169860784,sharpness_aware,nominal,0.021167893735807675,0.039698155942799816,0.9775,0.0,0.67,190.02953917267877
2169860784,robust_control_aware,nominal,0.018627447620994397,0.03284784224617948,0.9825,0.0,0.6225,189.59165483371973
3112238724,mse,nominal,0.019972905804599338,0.04361119640921456,0.97,0.0,0.74,191.0940167255605
3112238724,noise_aware,nominal,0.018812146198532758,0.036387503955447535,0.985,0.0,0.77,190.21515749495433
3112238724,boundary_aware,nominal,0.018248043496602636,0.035951677193706504,0.9825,0.0,0.7875,188.26180316906894
3112238724,sharpness_aware,nominal,0.02124159439156835,0.04385223456388024,0.975,0.0,0.6525,190.5551129786559
3112238724,robust_control_aware,nominal,0.018582487492060408,0.03212704107482151,0.985,0.0,0.63,191.91650198742914
4293715631,mse,nominal,0.019672761404984408,0.03909253578071244,0.9775,0.0,0.73,191.75748188754272
4293715631,noise_aware,nominal,0.01850939664611174,0.0368271114605606,0.98,0.0,0.7725,186.64944191763234
4293715631,boundary_aware,nominal,0.018659609475700396,0.03772008200551517,0.9775,0.0,0.7625,187.13106454780865
4293715631,sharpness_aware,nominal,0.02110498291327676,0.0415456619124368,0.9725,0.0,0.6825,188.5958225339378
4293715631,robust_control_aware,nominal,0.018640011501010408,0.0332963012871727,0.975,0.0,0.64,189.60415385569837
3909568483,mse,nominal,0.01934228985919421,0.03974312118108154,0.985,0.0,0.7475,192.51047220077203
3909568483,noise_aware,nominal,0.01912004023384189,0.03634139794405128,0.985,0.0,0.7525,190.98766234356168
3909568483,boundary_aware,nominal,0.017977393545242734,0.0356015028128878,0.99,0.0,0.8125,188.30430871127282
3909568483,sharpness_aware,nominal,0.021169998995519926,0.04125685854442077,0.975,0.0,0.625,190.70175879489483
3909568483,robust_control_aware,nominal,0.018459818647643095,0.0322875810545466,0.9825,0.0,0.655,190.11994812021828
1398012131,mse,nominal,0.0205367080156682,0.04130123905734471,0.965,0.0,0.7775,188.9982786397478
1398012131,noise_aware,nominal,0.019355517515255313,0.036943954105424906,0.975,0.0,0.775,186.64070701569824
1398012131,boundary_aware,nominal,0.01847275133126403,0.03519183101840639,0.99,0.0,0.8175,185.9111382367022
1398012131,sharpness_aware,nominal,0.020777839273362318,0.03858014731327501,0.9825,0.0,0.695,186.20202252514025
1398012131,robust_control_aware,nominal,0.019088676759088905,0.035136571191875285,0.9725,0.0,0.6375,187.8348175459384
1876994406,mse,nominal,0.019160681312844645,0.03775020135285153,0.99,0.0,0.76,194.21856121160815
1876994406,noise_aware,nominal,0.017526979783289157,0.033897162061557504,0.9925,0.0,0.8,193.37326557777658
1876994406,boundary_aware,nominal,0.017668443736637774,0.033724536665237864,0.995,0.0,0.7925,193.928900924571
1876994406,sharpness_aware,nominal,0.019969373975529302,0.03902939650835739,0.9875,0.0,0.6675,193.52257067569872
1876994406,robust_control_aware,nominal,0.01790210626503933,0.03129654786531869,0.995,0.0,0.6375,194.36121611762871
2615751316,mse,nominal,0.019875157156903255,0.03951990966638015,0.975,0.0,0.7475,190.71010632897566
2615751316,noise_aware,nominal,0.019439212279838167,0.03817479669717895,0.9775,0.0,0.76,190.3275815281225
2615751316,boundary_aware,nominal,0.018975843405101115,0.03800610989578029,0.98,0.0,0.7875,187.35788436820485
2615751316,sharpness_aware,nominal,0.020544168003536048,0.0405863240576154,0.98,0.0,0.665,187.96610957178407
2615751316,robust_control_aware,nominal,0.018283744768789738,0.031892431065297926,0.985,0.0,0.6475,190.83538721164916
324655747,mse,nominal,0.02016036873176524,0.04114108777271695,0.97,0.0,0.75,189.23052826454517
324655747,noise_aware,nominal,0.01860400734743503,0.03816631944399359,0.9875,0.0,0.78,189.24717384093955
324655747,boundary_aware,nominal,0.018784663443586428,0.03797434890228918,0.975,0.0,0.7775,188.90576331738268
324655747,sharpness_aware,nominal,0.020289599860515806,0.04057584768876177,0.985,0.0,0.69,189.7058978068598
324655747,robust_control_aware,nominal,0.018646629307594604,0.03416582094136439,0.9825,0.0,0.665,190.88132697698393
1231104955,mse,nominal,0.019112694954149245,0.03470115038563523,0.985,0.0,0.715,194.92542958131682
1231104955,noise_aware,nominal,0.01846787747580041,0.03737546347859,0.99,0.0,0.7575,192.60299299634903
1231104955,boundary_aware,nominal,0.018476863669622274,0.03707401134077761,0.99,0.0,0.78,193.43281393370864
1231104955,sharpness_aware,nominal,0.020450590558800233,0.03847491087899579,0.98,0.0,0.69,193.0698345006386
1231104955,robust_control_aware,nominal,0.01819147495721305,0.03152843515151471,0.985,0.0,0.6375,193.05535814595257
744356947,mse,nominal,0.01919039633232573,0.03740505974923818,0.98,0.0,0.7875,187.3339471314324
744356947,noise_aware,nominal,0.01894760869995658,0.03957615524392825,0.9825,0.0,0.7675,188.67228880548683
744356947,boundary_aware,nominal,0.018462039425780015,0.0365571451344647,0.975,0.0,0.7425,187.1208794735902
744356947,sharpness_aware,nominal,0.02101659413940197,0.03953403517202304,0.9775,0.0,0.6325,188.21973721496124
744356947,robust_control_aware,nominal,0.018277688407597973,0.034851092435511814,0.98,0.0,0.6875,188.54569385460388
3519479534,mse,nominal,0.019583066672070354,0.03713865278865026,0.9825,0.0,0.7275,193.45120733631407
3519479534,noise_aware,nominal,0.018925192296894124,0.03688938107804559,0.9825,0.0,0.725,192.9836580852025
3519479534,boundary_aware,nominal,0.01820317069128891,0.03509964185147063,0.985,0.0,0.81,190.76400519181453
3519479534,sharpness_aware,nominal,0.02086386488955116,0.039362881417414675,0.9825,0.0,0.645,192.8178781883865
3519479534,robust_control_aware,nominal,0.018597732873323735,0.03276443425119459,0.98,0.0,0.645,192.7660485802066
4195001948,mse,nominal,0.018907410383404554,0.03815898102519246,0.99,0.0,0.7275,192.5578088329185
4195001948,noise_aware,nominal,0.01826547975126326,0.037388970818016974,0.9875,0.0,0.765,191.5664661598183
4195001948,boundary_aware,nominal,0.017741004772143357,0.03492265362167212,0.99,0.0,0.775,188.2350221278448
4195001948,sharpness_aware,nominal,0.019855244424599416,0.038783743064799654,0.9825,0.0,0.6575,191.44253585537382
4195001948,robust_control_aware,nominal,0.018239519497777815,0.032613634714661666,0.9925,0.0,0.69,188.06074893735283
3252170343,mse,nominal,0.019661144398932084,0.038002069368999844,0.9775,0.0,0.75,189.8076577767783
3252170343,noise_aware,nominal,0.018765733712363196,0.03749105983667432,0.985,0.0,0.75,188.60366397704647
3252170343,boundary_aware,nominal,0.01783099427069798,0.03542833207558133,0.99,0.0,0.81,186.96746674143503
3252170343,sharpness_aware,nominal,0.0206582697757719,0.040209727673213735,0.975,0.0,0.69,189.15758785914915
3252170343,robust_control_aware,nominal,0.01864272751141058,0.03304653186981557,0.985,0.0,0.685,190.81753782808897
4243111108,mse,nominal,0.02082255957710123,0.04288775116096087,0.9675,0.0,0.735,176.17247278700825
4243111108,noise_aware,nominal,0.020631654031879113,0.04747774131478301,0.955,0.0,0.77,174.44712108780624
4243111108,boundary_aware,nominal,0.018749109218347097,0.037589355991105355,0.9825,0.0,0.785,170.28502708874123
4243111108,sharpness_aware,nominal,0.022972699414870602,0.049579950205208986,0.9525,0.0,0.655,174.8219236659216
4243111108,robust_control_aware,nominal,0.01974657073666908,0.03945754164166353,0.97,0.0,0.71,174.80963831626246
2445008977,mse,nominal,0.020030961114062953,0.03943962828069008,0.9725,0.0,0.74,185.9675077961937
2445008977,noise_aware,nominal,0.019511908955111883,0.03925790079925329,0.98,0.0,0.7625,185.6101226966199
2445008977,boundary_aware,nominal,0.018944361230771273,0.03813461761510481,0.9725,0.0,0.7925,182.1893545780615
2445008977,sharpness_aware,nominal,0.021295387614848716,0.04417893943755268,0.9675,0.0,0.67,185.88713475396918
2445008977,robust_control_aware,nominal,0.018887128513696044,0.03519023978679294,0.9775,0.0,0.665,186.3788353789873
903398518,mse,nominal,0.020239463432294297,0.04071184575824793,0.9725,0.0,0.72,188.75952373017452
903398518,noise_aware,nominal,0.0186909095195009,0.0370654646603781,0.9775,0.0,0.79,183.33755594193678
903398518,boundary_aware,nominal,0.0193778003049968,0.03939332214525811,0.97,0.0,0.76,184.0503884543716
903398518,sharpness_aware,nominal,0.020941690254961037,0.041048956075907854,0.975,0.0,0.66,185.64586641532276
903398518,robust_control_aware,nominal,0.019554609473886857,0.035401005768771455,0.975,0.0,0.66,185.65179122208804
2014023660,mse,nominal,0.020562388185714667,0.04461316902623662,0.97,0.0,0.725,186.51402357288208
2014023660,noise_aware,nominal,0.019066472506811802,0.039820092674591495,0.975,0.0,0.7575,184.00523309010643
2014023660,boundary_aware,nominal,0.01903436767763686,0.03839120464635076,0.975,0.0,0.7625,183.7349927107078
2014023660,sharpness_aware,nominal,0.0219567475024159,0.04985125460178583,0.95,0.0,0.67,185.39205732861438
2014023660,robust_control_aware,nominal,0.01940094651905127,0.03487680173773757,0.975,0.0,0.66,184.62766410059865
1691291392,mse,nominal,0.01951104450909152,0.038895215651171065,0.9825,0.0,0.7425,193.62667486372797
1691291392,noise_aware,nominal,0.018660554333905052,0.040124709711601744,0.9825,0.0,0.76,192.2402328409476
1691291392,boundary_aware,nominal,0.017969630808387704,0.034868430880063285,0.9875,0.0,0.79,190.2529572839811
1691291392,sharpness_aware,nominal,0.019906447240516777,0.04121520932140829,0.98,0.0,0.6825,193.12828592122963
1691291392,robust_control_aware,nominal,0.018325387736885898,0.030803012417519333,0.985,0.0,0.6625,191.27640024488096
3053498093,mse,nominal,0.018839646907855626,0.036901201449370195,0.985,0.0,0.7925,191.89942033869164
3053498093,noise_aware,nominal,0.018368112645179957,0.03649013589283754,0.9825,0.0,0.8025,191.3989585932062
3053498093,boundary_aware,nominal,0.017964651583001236,0.03536173522583372,0.9925,0.0,0.775,191.7001162061731
3053498093,sharpness_aware,nominal,0.020359257504961793,0.038519889360500846,0.9875,0.0,0.6975,192.41292654585064
3053498093,robust_control_aware,nominal,0.01805354951523268,0.0315176810387851,0.995,0.0,0.6475,193.7109118908794
945374663,mse,nominal,0.019953044342006204,0.03996834748496437,0.9775,0.0,0.7625,190.45493570656154
945374663,noise_aware,nominal,0.019218792625962752,0.043619752982088554,0.965,0.0,0.83,188.31882668504008
945374663,boundary_aware,nominal,0.018566131026247743,0.03728392871177381,0.9725,0.0,0.8175,186.09537843974437
945374663,sharpness_aware,nominal,0.021635236264622115,0.04528771280481533,0.9625,0.0,0.685,188.3354164230538
945374663,robust_control_aware,nominal,0.019098843884856654,0.03445257204443579,0.98,0.0,0.7325,189.3064044758224
56575796,mse,nominal,0.020152368196445405,0.040437492799723966,0.9825,0.0,0.78,190.96670825531027
56575796,noise_aware,nominal,0.019340094266207402,0.03706713210125605,0.98,0.0,0.7875,190.16180699336059
56575796,boundary_aware,nominal,0.0183898514462719,0.03355831762752016,0.9875,0.0,0.8325,188.82673978855678
56575796,sharpness_aware,nominal,0.021247670873558812,0.03900306221553571,0.9775,0.0,0.6775,189.46935183673145
56575796,robust_control_aware,nominal,0.01838683744766159,0.033236054034668984,0.99,0.0,0.665,190.52221361940676
761055821,mse,nominal,0.01958828198964078,0.03688879630243389,0.9825,0.0,0.7525,196.1981300475931
761055821,noise_aware,nominal,0.01933352277282353,0.03668578054238699,0.9725,0.0,0.735,194.0170713401845
761055821,boundary_aware,nominal,0.01838996574247569,0.034832805696608196,0.9825,0.0,0.7575,191.97530349244943
761055821,sharpness_aware,nominal,0.020435316500832343,0.03674080872740722,0.98,0.0,0.66,193.5222861335745
761055821,robust_control_aware,nominal,0.01779641527056569,0.03117917220606335,0.9875,0.0,0.6625,194.15780755354123
2053712420,mse,nominal,0.01888292993098374,0.038018233857346796,0.985,0.0,0.76,196.0388722651149
2053712420,noise_aware,nominal,0.01884693917324084,0.0391728528587955,0.98,0.0,0.7925,192.73750798288555
2053712420,boundary_aware,nominal,0.018029577041888532,0.035417569486813495,0.9875,0.0,0.7975,193.99090355625123
2053712420,sharpness_aware,nominal,0.02005301876674844,0.039855098605840106,0.9875,0.0,0.68,193.18265512058792
2053712420,robust_control_aware,nominal,0.018217335537125415,0.03242861838830051,0.985,0.0,0.6475,195.6007001821858
3330615544,mse,nominal,0.02027166003273356,0.03955387074436103,0.9725,0.0,0.7475,188.93678145643096
3330615544,noise_aware,nominal,0.019079972616277363,0.03933649153854018,0.975,0.0,0.775,188.49971456052128
3330615544,boundary_aware,nominal,0.018701331940150737,0.03501464748854771,0.9825,0.0,0.78,188.58040079794335
3330615544,sharpness_aware,nominal,0.020776911032349445,0.03855970349921502,0.98,0.0,0.6525,189.26671634041787
3330615544,robust_control_aware,nominal,0.01870496133050446,0.032175658747148866,0.98,0.0,0.6925,189.74467558443712
1988057494,mse,nominal,0.018922020764107227,0.0371349715418676,0.99,0.0,0.7475,194.50183991862178
1988057494,noise_aware,nominal,0.018695980396867994,0.0371373286099506,0.98,0.0,0.7375,192.29636172567967
1988057494,boundary_aware,nominal,0.017787389712069925,0.03404252835926705,0.9875,0.0,0.7625,188.57683126869932
1988057494,sharpness_aware,nominal,0.020712927362014993,0.03920492071736578,0.99,0.0,0.6675,191.99582369493783
1988057494,robust_control_aware,nominal,0.018688545064689616,0.03212945645450227,0.9875,0.0,0.6475,192.31882416524982
3738784048,mse,nominal,0.019712902419388046,0.04056783724822974,0.975,0.0,0.7625,188.50855456134443
3738784048,noise_aware,nominal,0.019164790979347528,0.03832580460879635,0.975,0.0,0.7775,188.24273274071197
3738784048,boundary_aware,nominal,0.019194642635725172,0.039382920710458354,0.9725,0.0,0.7975,188.65011070062766
3738784048,sharpness_aware,nominal,0.02104327365733725,0.040417087095277505,0.975,0.0,0.68,188.46432329135274
3738784048,robust_control_aware,nominal,0.018718501958527294,0.03340665114149322,0.9825,0.0,0.6475,191.37537242933098
2698257310,mse,nominal,0.02029880456483238,0.04123879265754126,0.9725,0.0,0.7325,190.8670869518673
2698257310,noise_aware,nominal,0.019467198476618066,0.03841085301051163,0.98,0.0,0.7575,188.3898239436366
2698257310,boundary_aware,nominal,0.01793428062413974,0.035850282531096324,0.9875,0.0,0.8,187.75340018225228
2698257310,sharpness_aware,nominal,0.021091791565766228,0.04140523964743232,0.9775,0.0,0.665,190.45426312642775
2698257310,robust_control_aware,nominal,0.01842133763150516,0.033166824941247654,0.98,0.0,0.6725,187.6451030547309
3145110617,mse,nominal,0.01998518121234272,0.042246042356984634,0.9775,0.0,0.795,186.01375037757606
3145110617,noise_aware,nominal,0.019027424036262477,0.037177040253996756,0.9825,0.0,0.79,185.27973995449676
3145110617,boundary_aware,nominal,0.018602938924260116,0.03963458899503705,0.98,0.0,0.7975,185.4695566097534
3145110617,sharpness_aware,nominal,0.020848759839029594,0.04029365763837245,0.975,0.0,0.7025,184.98807972565382
3145110617,robust_control_aware,nominal,0.019448356839226844,0.03705753117407788,0.9725,0.0,0.705,184.1637293960968
3839569303,mse,nominal,0.0191948457008548,0.03966707882136227,0.99,0.0,0.7425,193.16717209407472
3839569303,noise_aware,nominal,0.018262500531222844,0.0356202171868377,0.99,0.0,0.745,191.87894262060848
3839569303,boundary_aware,nominal,0.01793932591338522,0.03465849964135482,0.9875,0.0,0.7775,188.8519173629543
3839569303,sharpness_aware,nominal,0.020197835229132835,0.03991532768656205,0.98,0.0,0.6925,189.47707628332614
3839569303,robust_control_aware,nominal,0.018853498993867856,0.033369152451653894,0.985,0.0,0.6625,190.1439067620064
1741795387,mse,nominal,0.018890933207394937,0.03680288671561034,0.995,0.0,0.7475,191.82992815650633
1741795387,noise_aware,nominal,0.018236705845951162,0.03599819127128105,0.99,0.0,0.78,189.3929819618914
1741795387,boundary_aware,nominal,0.018025716730221776,0.03264200991175797,0.995,0.0,0.7975,190.36039420637573
1741795387,sharpness_aware,nominal,0.020344293914382375,0.039633196562642595,0.985,0.0,0.6525,190.1836859894383
1741795387,robust_control_aware,nominal,0.01835933356775227,0.03183459513916684,0.985,0.0,0.6525,191.11439586413894
1008093370,mse,nominal,0.01928034297767322,0.03738126875053043,0.985,0.0,0.74,194.17012394862473
1008093370,noise_aware,nominal,0.018405848127919757,0.03674614578491049,0.985,0.0,0.76,190.78936508653612
1008093370,boundary_aware,nominal,0.017991499561651133,0.036428949077596896,0.985,0.0,0.8,188.8662236920693
1008093370,sharpness_aware,nominal,0.020312918937620418,0.038520325756757394,0.9875,0.0,0.7,190.70221975639643
1008093370,robust_control_aware,nominal,0.018296265084280793,0.03248786946301957,0.9825,0.0,0.6175,188.6530209985891
578984872,mse,nominal,0.019524634920039224,0.03787438075886105,0.99,0.0,0.73,191.72506597515837
578984872,noise_aware,nominal,0.01864184138088259,0.037950287120966375,0.9825,0.0,0.7825,189.07759242579237
578984872,boundary_aware,nominal,0.018624050858192215,0.0361678059332216,0.9775,0.0,0.7775,188.2042610083962
578984872,sharpness_aware,nominal,0.02095695315710117,0.04085748023985553,0.97,0.0,0.655,187.01101103694032
578984872,robust_control_aware,nominal,0.018530743694848542,0.0324121021329895,0.9825,0.0,0.64,189.49718365876407
2934542094,mse,nominal,0.019204104097244844,0.04020833595715468,0.9875,0.0,0.74,191.10185729120263
2934542094,noise_aware,nominal,0.019172748403717174,0.03882186836215978,0.9825,0.0,0.75,192.12685604737115
2934542094,boundary_aware,nominal,0.018030846907989465,0.03445519585178612,0.985,0.0,0.7675,187.25844520598932
2934542094,sharpness_aware,nominal,0.020132535657134208,0.03797571514461403,0.9825,0.0,0.675,188.41092931690235
2934542094,robust_control_aware,nominal,0.01844134911033521,0.033387533151016315,0.99,0.0,0.6775,190.67396954226427
3187112867,mse,nominal,0.019638887090089055,0.03967725151035282,0.9775,0.0,0.78,189.96327644156372
3187112867,noise_aware,nominal,0.018976193470465783,0.03763010364102021,0.9875,0.0,0.785,188.5294434969898
3187112867,boundary_aware,nominal,0.01836666853193444,0.0349546278680707,0.9775,0.0,0.795,188.77747445550213
3187112867,sharpness_aware,nominal,0.02118684218544437,0.042024300804729686,0.9675,0.0,0.685,189.14331307338435
3187112867,robust_control_aware,nominal,0.01822245290481089,0.03275386472313895,0.9775,0.0,0.6675,191.13380462261597
2389930833,mse,nominal,0.021300650319462253,0.04541242981384541,0.9625,0.0,0.715,181.72266053289763
2389930833,noise_aware,nominal,0.020742569426011614,0.04336429809418599,0.96,0.0,0.7875,180.87150553495394
2389930833,boundary_aware,nominal,0.019990251481499622,0.044483334208561105,0.9525,0.0,0.775,179.63427147630074
2389930833,sharpness_aware,nominal,0.022036641359226533,0.04335739357002377,0.9675,0.0,0.6725,181.9080047173918
2389930833,robust_control_aware,nominal,0.01989969000662376,0.03674352160198071,0.97,0.0,0.705,180.3661278171881
1292274856,mse,nominal,0.019458689582610423,0.03627619383456691,0.9925,0.0,0.7125,191.60418121437013
1292274856,noise_aware,nominal,0.018525624273276507,0.03544715685856952,0.9875,0.0,0.7675,191.3473345335181
1292274856,boundary_aware,nominal,0.018242442096204566,0.033558077127163355,0.985,0.0,0.7825,190.04787173738492
1292274856,sharpness_aware,nominal,0.020215517560986777,0.03990681438752237,0.98,0.0,0.6875,188.79502562474698
1292274856,robust_control_aware,nominal,0.018200397686314408,0.03241299545942429,0.9925,0.0,0.675,189.87391781013184
3203924750,mse,nominal,0.020905897256908647,0.04294538207729245,0.9675,0.0,0.7725,191.1529104847904
3203924750,noise_aware,nominal,0.01998759786472514,0.041662865373347256,0.965,0.0,0.7325,192.24326297046844
3203924750,boundary_aware,nominal,0.01853872301334604,0.03793101448347443,0.98,0.0,0.805,189.01165075084634
3203924750,sharpness_aware,nominal,0.02107777749203215,0.03867955319570537,0.9675,0.0,0.67,189.54794418878254
3203924750,robust_control_aware,nominal,0.01879588950159884,0.03340760222570491,0.975,0.0,0.635,187.98880236773059
2727536461,mse,nominal,0.01990881120676685,0.03893554520649612,0.97,0.0,0.76,186.98581105936705
2727536461,noise_aware,nominal,0.01876537555349297,0.03937200669421243,0.985,0.0,0.75,186.78273286143246
2727536461,boundary_aware,nominal,0.018584017919149175,0.03571038231377853,0.98,0.0,0.7775,184.6684228683326
2727536461,sharpness_aware,nominal,0.020773405979706935,0.04172820609961681,0.9675,0.0,0.6925,187.4342476642691
2727536461,robust_control_aware,nominal,0.018177049083668496,0.032851570095373005,0.9825,0.0,0.6625,184.59764862182686
3436844845,mse,nominal,0.01945290786644784,0.039943146545492636,0.9825,0.0,0.755,191.3264979837435
3436844845,noise_aware,nominal,0.018682870566648652,0.038465055126953536,0.9775,0.0,0.8,190.92118594612126
3436844845,boundary_aware,nominal,0.018054904713668617,0.03335978843505805,0.9875,0.0,0.8025,191.92284730307176
3436844845,sharpness_aware,nominal,0.021244369101847637,0.041240390681412,0.9675,0.0,0.7075,190.95826403802
3436844845,robust_control_aware,nominal,0.018437558244453783,0.03160024730110317,0.9825,0.0,0.6425,191.8863312464454
